family,outcome,model,hardware,api,api_label,doublings_from_full_v14_median,adjusted_change,ci_low,ci_high,display_unit,n,clusters
impact,cumulative_citations,M3_memory,memory,0,No API reported,-1.1255308820838588,-0.048471974259459046,-0.06509413047045506,-0.03184981804846302,outcome-SD change from API=no at median hardware,29487,69
impact,cumulative_citations,M3_memory,memory,0,No API reported,-1.096905917321358,-0.04723921505468541,-0.06343862974575476,-0.031039800363616067,outcome-SD change from API=no at median hardware,29487,69
impact,cumulative_citations,M3_memory,memory,0,No API reported,-1.0682809525588575,-0.046006455849911795,-0.061783129021054456,-0.030229782678769128,outcome-SD change from API=no at median hardware,29487,69
impact,cumulative_citations,M3_memory,memory,0,No API reported,-1.0396559877963567,-0.04477369664513816,-0.06012762829635416,-0.02941976499392217,outcome-SD change from API=no at median hardware,29487,69
impact,cumulative_citations,M3_memory,memory,0,No API reported,-1.0110310230338562,-0.043540937440364545,-0.05847212757165386,-0.02860974730907522,outcome-SD change from API=no at median hardware,29487,69
impact,cumulative_citations,M3_memory,memory,0,No API reported,-0.9824060582713555,-0.042308178235590924,-0.05681662684695356,-0.027799729624228282,outcome-SD change from API=no at median hardware,29487,69
impact,cumulative_citations,M3_memory,memory,0,No API reported,-0.9537810935088549,-0.041075419030817295,-0.05516112612225326,-0.026989711939381326,outcome-SD change from API=no at median hardware,29487,69
impact,cumulative_citations,M3_memory,memory,0,No API reported,-0.9251561287463542,-0.03984265982604367,-0.053505625397552964,-0.026179694254534383,outcome-SD change from API=no at median hardware,29487,69
impact,cumulative_citations,M3_memory,memory,0,No API reported,-0.8965311639838536,-0.038609900621270045,-0.05185012467285266,-0.02536967656968743,outcome-SD change from API=no at median hardware,29487,69
impact,cumulative_citations,M3_memory,memory,0,No API reported,-0.8679061992213528,-0.037377141416496416,-0.05019462394815236,-0.02455965888484048,outcome-SD change from API=no at median hardware,29487,69
impact,cumulative_citations,M3_memory,memory,0,No API reported,-0.8392812344588523,-0.0361443822117228,-0.048539123223452066,-0.023749641199993534,outcome-SD change from API=no at median hardware,29487,69
impact,cumulative_citations,M3_memory,memory,0,No API reported,-0.8106562696963515,-0.03491162300694917,-0.046883622498751755,-0.022939623515146588,outcome-SD change from API=no at median hardware,29487,69
impact,cumulative_citations,M3_memory,memory,0,No API reported,-0.782031304933851,-0.03367886380217555,-0.045228121774051465,-0.022129605830299638,outcome-SD change from API=no at median hardware,29487,69
impact,cumulative_citations,M3_memory,memory,0,No API reported,-0.7534063401713502,-0.03244610459740192,-0.04357262104935116,-0.02131958814545268,outcome-SD change from API=no at median hardware,29487,69
impact,cumulative_citations,M3_memory,memory,0,No API reported,-0.7247813754088497,-0.0312133453926283,-0.04191712032465086,-0.020509570460605742,outcome-SD change from API=no at median hardware,29487,69
impact,cumulative_citations,M3_memory,memory,0,No API reported,-0.6961564106463489,-0.029980586187854673,-0.04026161959995056,-0.01969955277575879,outcome-SD change from API=no at median hardware,29487,69
impact,cumulative_citations,M3_memory,memory,0,No API reported,-0.6675314458838484,-0.028747826983081055,-0.03860611887525026,-0.018889535090911846,outcome-SD change from API=no at median hardware,29487,69
impact,cumulative_citations,M3_memory,memory,0,No API reported,-0.6389064811213476,-0.027515067778307426,-0.03695061815054996,-0.018079517406064897,outcome-SD change from API=no at median hardware,29487,69
impact,cumulative_citations,M3_memory,memory,0,No API reported,-0.610281516358847,-0.0262823085735338,-0.03529511742584966,-0.017269499721217944,outcome-SD change from API=no at median hardware,29487,69
impact,cumulative_citations,M3_memory,memory,0,No API reported,-0.5816565515963463,-0.025049549368760176,-0.03363961670114936,-0.016459482036370994,outcome-SD change from API=no at median hardware,29487,69
impact,cumulative_citations,M3_memory,memory,0,No API reported,-0.5530315868338457,-0.02381679016398655,-0.031984115976449054,-0.015649464351524044,outcome-SD change from API=no at median hardware,29487,69
impact,cumulative_citations,M3_memory,memory,0,No API reported,-0.524406622071345,-0.022584030959212926,-0.030328615251748757,-0.014839446666677095,outcome-SD change from API=no at median hardware,29487,69
impact,cumulative_citations,M3_memory,memory,0,No API reported,-0.4957816573088444,-0.021351271754439304,-0.02867311452704846,-0.014029428981830152,outcome-SD change from API=no at median hardware,29487,69
impact,cumulative_citations,M3_memory,memory,0,No API reported,-0.46715669254634373,-0.02011851254966568,-0.02701761380234816,-0.013219411296983204,outcome-SD change from API=no at median hardware,29487,69
impact,cumulative_citations,M3_memory,memory,0,No API reported,-0.4385317277838431,-0.018885753344892054,-0.02536211307764786,-0.012409393612136251,outcome-SD change from API=no at median hardware,29487,69
impact,cumulative_citations,M3_memory,memory,0,No API reported,-0.40990676302134244,-0.01765299414011843,-0.02370661235294756,-0.011599375927289303,outcome-SD change from API=no at median hardware,29487,69
impact,cumulative_citations,M3_memory,memory,0,No API reported,-0.3812817982588418,-0.016420234935344807,-0.02205111162824726,-0.010789358242442355,outcome-SD change from API=no at median hardware,29487,69
impact,cumulative_citations,M3_memory,memory,0,No API reported,-0.35265683349634114,-0.015187475730571182,-0.020395610903546958,-0.009979340557595407,outcome-SD change from API=no at median hardware,29487,69
impact,cumulative_citations,M3_memory,memory,0,No API reported,-0.3240318687338405,-0.013954716525797557,-0.01874011017884666,-0.009169322872748457,outcome-SD change from API=no at median hardware,29487,69
impact,cumulative_citations,M3_memory,memory,0,No API reported,-0.29540690397133984,-0.012721957321023936,-0.01708460945414636,-0.00835930518790151,outcome-SD change from API=no at median hardware,29487,69
impact,cumulative_citations,M3_memory,memory,0,No API reported,-0.2667819392088392,-0.01148919811625031,-0.01542910872944606,-0.007549287503054561,outcome-SD change from API=no at median hardware,29487,69
impact,cumulative_citations,M3_memory,memory,0,No API reported,-0.23815697444633854,-0.010256438911476685,-0.013773608004745759,-0.006739269818207611,outcome-SD change from API=no at median hardware,29487,69
impact,cumulative_citations,M3_memory,memory,0,No API reported,-0.2095320096838379,-0.009023679706703062,-0.012118107280045462,-0.005929252133360664,outcome-SD change from API=no at median hardware,29487,69
impact,cumulative_citations,M3_memory,memory,0,No API reported,-0.18090704492133725,-0.007790920501929437,-0.01046260655534516,-0.005119234448513715,outcome-SD change from API=no at median hardware,29487,69
impact,cumulative_citations,M3_memory,memory,0,No API reported,-0.1522820801588366,-0.006558161297155814,-0.008807105830644861,-0.004309216763666766,outcome-SD change from API=no at median hardware,29487,69
impact,cumulative_citations,M3_memory,memory,0,No API reported,-0.12365711539633595,-0.0053254020923821895,-0.0071516051059445605,-0.003499199078819818,outcome-SD change from API=no at median hardware,29487,69
impact,cumulative_citations,M3_memory,memory,0,No API reported,-0.09503215063383519,-0.00409264288760856,-0.005496104381244254,-0.0026891813939728657,outcome-SD change from API=no at median hardware,29487,69
impact,cumulative_citations,M3_memory,memory,0,No API reported,-0.06640718587133465,-0.0028598836828349406,-0.0038406036565439613,-0.0018791637091259202,outcome-SD change from API=no at median hardware,29487,69
impact,cumulative_citations,M3_memory,memory,0,No API reported,-0.03778222110883389,-0.0016271244780613116,-0.0021851029318436547,-0.0010691460242789686,outcome-SD change from API=no at median hardware,29487,69
impact,cumulative_citations,M3_memory,memory,0,No API reported,-0.009157256346333353,-0.0003943652732876922,-0.0005296022071433613,-0.00025912833943202314,outcome-SD change from API=no at median hardware,29487,69
impact,cumulative_citations,M3_memory,memory,0,No API reported,0.019467708416167406,0.0008383939314859369,0.0005508893454149286,0.0011258985175569452,outcome-SD change from API=no at median hardware,29487,69
impact,cumulative_citations,M3_memory,memory,0,No API reported,0.048092673178667944,0.002071153136259556,0.0013609070302618741,0.002781399242257238,outcome-SD change from API=no at median hardware,29487,69
impact,cumulative_citations,M3_memory,memory,0,No API reported,0.0767176379411687,0.003303912341033185,0.0021709247151088257,0.004436899966957545,outcome-SD change from API=no at median hardware,29487,69
impact,cumulative_citations,M3_memory,memory,0,No API reported,0.10534260270366924,0.004536671545806804,0.002980942399955771,0.006092400691657838,outcome-SD change from API=no at median hardware,29487,69
impact,cumulative_citations,M3_memory,memory,0,No API reported,0.13396756746617,0.005769430750580434,0.003790960084802723,0.007747901416358143,outcome-SD change from API=no at median hardware,29487,69
impact,cumulative_citations,M3_memory,memory,0,No API reported,0.16259253222867054,0.007002189955354053,0.004600977769649668,0.009403402141058437,outcome-SD change from API=no at median hardware,29487,69
impact,cumulative_citations,M3_memory,memory,0,No API reported,0.1912174969911713,0.008234949160127682,0.00541099545449662,0.011058902865758745,outcome-SD change from API=no at median hardware,29487,69
impact,cumulative_citations,M3_memory,memory,0,No API reported,0.21984246175367184,0.009467708364901302,0.006221013139343565,0.012714403590459038,outcome-SD change from API=no at median hardware,29487,69
impact,cumulative_citations,M3_memory,memory,0,No API reported,0.2484674265161726,0.01070046756967493,0.007031030824190518,0.014369904315159346,outcome-SD change from API=no at median hardware,29487,69
impact,cumulative_citations,M3_memory,memory,0,No API reported,0.27709239127867313,0.01193322677444855,0.007841048509037461,0.01602540503985964,outcome-SD change from API=no at median hardware,29487,69
impact,cumulative_citations,M3_memory,memory,0,No API reported,0.3057173560411739,0.013165985979222179,0.008651066193884416,0.017680905764559943,outcome-SD change from API=no at median hardware,29487,69
impact,cumulative_citations,M3_memory,memory,0,No API reported,0.33434232080367443,0.014398745183995797,0.009461083878731359,0.019336406489260237,outcome-SD change from API=no at median hardware,29487,69
impact,cumulative_citations,M3_memory,memory,0,No API reported,0.3629672855661752,0.015631504388769427,0.010271101563578312,0.02099190721396054,outcome-SD change from API=no at median hardware,29487,69
impact,cumulative_citations,M3_memory,memory,0,No API reported,0.39159225032867573,0.01686426359354305,0.011081119248425256,0.022647407938660838,outcome-SD change from API=no at median hardware,29487,69
impact,cumulative_citations,M3_memory,memory,0,No API reported,0.4202172150911765,0.018097022798316677,0.01189113693327221,0.024302908663361145,outcome-SD change from API=no at median hardware,29487,69
impact,cumulative_citations,M3_memory,memory,0,No API reported,0.448842179853677,0.019329782003090296,0.012701154618119152,0.02595840938806144,outcome-SD change from API=no at median hardware,29487,69
impact,cumulative_citations,M3_memory,memory,0,No API reported,0.4774671446161778,0.020562541207863924,0.013511172302966105,0.02761391011276174,outcome-SD change from API=no at median hardware,29487,69
impact,cumulative_citations,M3_memory,memory,0,No API reported,0.5060921093786783,0.021795300412637542,0.014321189987813052,0.029269410837462033,outcome-SD change from API=no at median hardware,29487,69
impact,cumulative_citations,M3_memory,memory,0,No API reported,0.5347170741411791,0.02302805961741117,0.015131207672660001,0.030924911562162344,outcome-SD change from API=no at median hardware,29487,69
impact,cumulative_citations,M3_memory,memory,0,No API reported,0.5633420389036796,0.024260818822184792,0.015941225357506947,0.032580412286862634,outcome-SD change from API=no at median hardware,29487,69
impact,cumulative_citations,M3_memory,memory,0,No API reported,0.5919670036661804,0.02549357802695842,0.0167512430423539,0.034235913011562945,outcome-SD change from API=no at median hardware,29487,69
impact,cumulative_citations,M3_memory,memory,0,No API reported,0.6205919684286809,0.02672633723173204,0.017561260727200843,0.035891413736263235,outcome-SD change from API=no at median hardware,29487,69
impact,cumulative_citations,M3_memory,memory,0,No API reported,0.6492169331911817,0.027959096436505668,0.018371278412047796,0.03754691446096354,outcome-SD change from API=no at median hardware,29487,69
impact,cumulative_citations,M3_memory,memory,0,No API reported,0.6778418979536822,0.02919185564127929,0.019181296096894743,0.039202415185663836,outcome-SD change from API=no at median hardware,29487,69
impact,cumulative_citations,M3_memory,memory,0,No API reported,0.706466862716183,0.030424614846052918,0.019991313781741696,0.04085791591036414,outcome-SD change from API=no at median hardware,29487,69
impact,cumulative_citations,M3_memory,memory,0,No API reported,0.7350918274786837,0.031657374050826546,0.020801331466588645,0.04251341663506445,outcome-SD change from API=no at median hardware,29487,69
impact,cumulative_citations,M3_memory,memory,0,No API reported,0.7637167922411843,0.03289013325560017,0.021611349151435595,0.04416891735976474,outcome-SD change from API=no at median hardware,29487,69
impact,cumulative_citations,M3_memory,memory,0,No API reported,0.792341757003685,0.034122892460373797,0.022421366836282545,0.04582441808446505,outcome-SD change from API=no at median hardware,29487,69
impact,cumulative_citations,M3_memory,memory,0,No API reported,0.8209667217661856,0.03535565166514741,0.02323138452112949,0.047479918809165335,outcome-SD change from API=no at median hardware,29487,69
impact,cumulative_citations,M3_memory,memory,0,No API reported,0.8495916865286863,0.03658841086992104,0.024041402205976437,0.049135419533865646,outcome-SD change from API=no at median hardware,29487,69
impact,cumulative_citations,M3_memory,memory,0,No API reported,0.8782166512911869,0.03782117007469466,0.024851419890823387,0.05079092025856594,outcome-SD change from API=no at median hardware,29487,69
impact,cumulative_citations,M3_memory,memory,0,No API reported,0.9068416160536876,0.03905392927946829,0.025661437575670343,0.05244642098326625,outcome-SD change from API=no at median hardware,29487,69
impact,cumulative_citations,M3_memory,memory,0,No API reported,0.9354665808161884,0.040286688484241925,0.02647145526051729,0.05410192170796656,outcome-SD change from API=no at median hardware,29487,69
impact,cumulative_citations,M3_memory,memory,0,No API reported,0.9640915455786887,0.04151944768901553,0.02728147294536423,0.05575742243266684,outcome-SD change from API=no at median hardware,29487,69
impact,cumulative_citations,M3_memory,memory,0,No API reported,0.9927165103411895,0.04275220689378916,0.028091490630211186,0.057412923157367145,outcome-SD change from API=no at median hardware,29487,69
impact,cumulative_citations,M3_memory,memory,0,No API reported,1.0213414751036902,0.04398496609856279,0.02890150831505814,0.059068423882067456,outcome-SD change from API=no at median hardware,29487,69
impact,cumulative_citations,M3_memory,memory,0,No API reported,1.049966439866191,0.045217725303336426,0.029711525999905092,0.06072392460676775,outcome-SD change from API=no at median hardware,29487,69
impact,cumulative_citations,M3_memory,memory,0,No API reported,1.0785914046286913,0.046450484508110026,0.03052154368475202,0.06237942533146803,outcome-SD change from API=no at median hardware,29487,69
impact,cumulative_citations,M3_memory,memory,0,No API reported,1.107216369391192,0.047683243712883655,0.03133156136959897,0.06403492605616834,outcome-SD change from API=no at median hardware,29487,69
impact,cumulative_citations,M3_memory,memory,0,No API reported,1.1358413341536928,0.048916002917657284,0.03214157905444592,0.06569042678086864,outcome-SD change from API=no at median hardware,29487,69
impact,cumulative_citations,M3_memory,memory,0,No API reported,1.1644662989161936,0.05014876212243091,0.03295159673929288,0.06734592750556895,outcome-SD change from API=no at median hardware,29487,69
impact,cumulative_citations,M3_memory,memory,0,No API reported,1.193091263678694,0.05138152132720453,0.03376161442413982,0.06900142823026922,outcome-SD change from API=no at median hardware,29487,69
impact,cumulative_citations,M3_memory,memory,0,No API reported,1.2217162284411947,0.052614280531978155,0.03457163210898677,0.07065692895496954,outcome-SD change from API=no at median hardware,29487,69
impact,cumulative_citations,M3_memory,memory,0,No API reported,1.2503411932036954,0.053847039736751784,0.03538164979383372,0.07231242967966985,outcome-SD change from API=no at median hardware,29487,69
impact,cumulative_citations,M3_memory,memory,0,No API reported,1.2789661579661962,0.05507979894152541,0.036191667478680675,0.07396793040437015,outcome-SD change from API=no at median hardware,29487,69
impact,cumulative_citations,M3_memory,memory,0,No API reported,1.3075911227286965,0.05631255814629903,0.037001685163527614,0.07562343112907044,outcome-SD change from API=no at median hardware,29487,69
impact,cumulative_citations,M3_memory,memory,0,No API reported,1.3362160874911972,0.057545317351072656,0.03781170284837457,0.07727893185377074,outcome-SD change from API=no at median hardware,29487,69
impact,cumulative_citations,M3_memory,memory,0,No API reported,1.364841052253698,0.058778076555846284,0.03862172053322152,0.07893443257847105,outcome-SD change from API=no at median hardware,29487,69
impact,cumulative_citations,M3_memory,memory,0,No API reported,1.3934660170161988,0.060010835760619906,0.03943173821806847,0.08058993330317134,outcome-SD change from API=no at median hardware,29487,69
impact,cumulative_citations,M3_memory,memory,0,No API reported,1.422090981778699,0.061243594965393514,0.040241755902915406,0.08224543402787163,outcome-SD change from API=no at median hardware,29487,69
impact,cumulative_citations,M3_memory,memory,0,No API reported,1.4507159465411998,0.06247635417016715,0.04105177358776236,0.08390093475257193,outcome-SD change from API=no at median hardware,29487,69
impact,cumulative_citations,M3_memory,memory,0,No API reported,1.4793409113037006,0.06370911337494077,0.04186179127260931,0.08555643547727224,outcome-SD change from API=no at median hardware,29487,69
impact,cumulative_citations,M3_memory,memory,0,No API reported,1.5079658760662014,0.0649418725797144,0.04267180895745626,0.08721193620197255,outcome-SD change from API=no at median hardware,29487,69
impact,cumulative_citations,M3_memory,memory,0,No API reported,1.5365908408287017,0.06617463178448801,0.0434818266423032,0.08886743692667283,outcome-SD change from API=no at median hardware,29487,69
impact,cumulative_citations,M3_memory,memory,0,No API reported,1.5652158055912024,0.06740739098926164,0.04429184432715015,0.09052293765137313,outcome-SD change from API=no at median hardware,29487,69
impact,cumulative_citations,M3_memory,memory,0,No API reported,1.5938407703537032,0.06864015019403527,0.04510186201199711,0.09217843837607344,outcome-SD change from API=no at median hardware,29487,69
impact,cumulative_citations,M3_memory,memory,0,No API reported,1.622465735116204,0.0698729093988089,0.04591187969684406,0.09383393910077376,outcome-SD change from API=no at median hardware,29487,69
impact,cumulative_citations,M3_memory,memory,0,No API reported,1.6510906998787047,0.07110566860358253,0.046721897381691004,0.09548943982547406,outcome-SD change from API=no at median hardware,29487,69
impact,cumulative_citations,M3_memory,memory,0,No API reported,1.679715664641205,0.07233842780835614,0.04753191506653796,0.09714494055017434,outcome-SD change from API=no at median hardware,29487,69
impact,cumulative_citations,M3_memory,memory,0,No API reported,1.7083406294037058,0.07357118701312977,0.0483419327513849,0.09880044127487463,outcome-SD change from API=no at median hardware,29487,69
impact,cumulative_citations,M3_memory,memory,0,No API reported,1.7369655941662066,0.0748039462179034,0.04915195043623184,0.10045594199957496,outcome-SD change from API=no at median hardware,29487,69
impact,cumulative_citations,M3_memory,memory,1,API reported,-1.1255308820838588,0.04016649940436925,-0.008725657693063065,0.08905865650180156,outcome-SD change from API=no at median hardware,29487,69
impact,cumulative_citations,M3_memory,memory,1,API reported,-1.096905917321358,0.0414207340515797,-0.007031329370361658,0.08987279747352107,outcome-SD change from API=no at median hardware,29487,69
impact,cumulative_citations,M3_memory,memory,1,API reported,-1.0682809525588575,0.04267496869879014,-0.005346906014917015,0.09069684341249729,outcome-SD change from API=no at median hardware,29487,69
impact,cumulative_citations,M3_memory,memory,1,API reported,-1.0396559877963567,0.043929203346000596,-0.003672656167735584,0.09153106285973678,outcome-SD change from API=no at median hardware,29487,69
impact,cumulative_citations,M3_memory,memory,1,API reported,-1.0110310230338562,0.04518343799321104,-0.00200885146474274,0.09237572745116482,outcome-SD change from API=no at median hardware,29487,69
impact,cumulative_citations,M3_memory,memory,1,API reported,-0.9824060582713555,0.04643767264042149,-0.00035576617713546757,0.09323111145797845,outcome-SD change from API=no at median hardware,29487,69
impact,cumulative_citations,M3_memory,memory,1,API reported,-0.9537810935088549,0.047691907287631945,0.0012863232978476097,0.09409749127741628,outcome-SD change from API=no at median hardware,29487,69
impact,cumulative_citations,M3_memory,memory,1,API reported,-0.9251561287463542,0.04894614193484238,0.0029171389968605313,0.09497514487282424,outcome-SD change from API=no at median hardware,29487,69
impact,cumulative_citations,M3_memory,memory,1,API reported,-0.8965311639838536,0.050200376582052834,0.004536402001779096,0.09586435116232657,outcome-SD change from API=no at median hardware,29487,69
impact,cumulative_citations,M3_memory,memory,1,API reported,-0.8679061992213528,0.051454611229263286,0.006143833102614876,0.09676538935591171,outcome-SD change from API=no at median hardware,29487,69
impact,cumulative_citations,M3_memory,memory,1,API reported,-0.8392812344588523,0.05270884587647374,0.007739153511635771,0.0976785382413117,outcome-SD change from API=no at median hardware,29487,69
impact,cumulative_citations,M3_memory,memory,1,API reported,-0.8106562696963515,0.05396308052368418,0.009322085627677409,0.09860407541969096,outcome-SD change from API=no at median hardware,29487,69
impact,cumulative_citations,M3_memory,memory,1,API reported,-0.782031304933851,0.05521731517089463,0.010892353848928756,0.0995422764928605,outcome-SD change from API=no at median hardware,29487,69
impact,cumulative_citations,M3_memory,memory,1,API reported,-0.7534063401713502,0.056471549818105087,0.01244968543171672,0.10049341420449345,outcome-SD change from API=no at median hardware,29487,69
impact,cumulative_citations,M3_memory,memory,1,API reported,-0.7247813754088497,0.05772578446531553,0.013993811392005678,0.1014577575386254,outcome-SD change from API=no at median hardware,29487,69
impact,cumulative_citations,M3_memory,memory,1,API reported,-0.6961564106463489,0.05898001911252598,0.015524467445481657,0.1024355707795703,outcome-SD change from API=no at median hardware,29487,69
impact,cumulative_citations,M3_memory,memory,1,API reported,-0.6675314458838484,0.06023425375973643,0.017041394981218993,0.10342711253825386,outcome-SD change from API=no at median hardware,29487,69
impact,cumulative_citations,M3_memory,memory,1,API reported,-0.6389064811213476,0.06148848840694689,0.01854434206304953,0.10443263475084424,outcome-SD change from API=no at median hardware,29487,69
impact,cumulative_citations,M3_memory,memory,1,API reported,-0.610281516358847,0.06274272305415733,0.020033064451886514,0.10545238165642815,outcome-SD change from API=no at median hardware,29487,69
impact,cumulative_citations,M3_memory,memory,1,API reported,-0.5816565515963463,0.06399695770136778,0.021507326641421992,0.10648658876131356,outcome-SD change from API=no at median hardware,29487,69
impact,cumulative_citations,M3_memory,memory,1,API reported,-0.5530315868338457,0.06525119234857822,0.02296690289883786,0.1075354817983186,outcome-SD change from API=no at median hardware,29487,69
impact,cumulative_citations,M3_memory,memory,1,API reported,-0.524406622071345,0.06650542699578868,0.024411578301473853,0.10859927569010351,outcome-SD change from API=no at median hardware,29487,69
impact,cumulative_citations,M3_memory,memory,1,API reported,-0.4957816573088444,0.06775966164299912,0.025841149759803082,0.10967817352619516,outcome-SD change from API=no at median hardware,29487,69
impact,cumulative_citations,M3_memory,memory,1,API reported,-0.46715669254634373,0.06901389629020957,0.027255427016602857,0.11077236556381628,outcome-SD change from API=no at median hardware,29487,69
impact,cumulative_citations,M3_memory,memory,1,API reported,-0.4385317277838431,0.07026813093742003,0.028654233611896736,0.11188202826294333,outcome-SD change from API=no at median hardware,29487,69
impact,cumulative_citations,M3_memory,memory,1,API reported,-0.40990676302134244,0.07152236558463047,0.03003740780310484,0.1130073233661561,outcome-SD change from API=no at median hardware,29487,69
impact,cumulative_citations,M3_memory,memory,1,API reported,-0.3812817982588418,0.07277660023184092,0.031404803429888196,0.11414839703379363,outcome-SD change from API=no at median hardware,29487,69
impact,cumulative_citations,M3_memory,memory,1,API reported,-0.35265683349634114,0.07403083487905136,0.03275629071342191,0.11530537904468081,outcome-SD change from API=no at median hardware,29487,69
impact,cumulative_citations,M3_memory,memory,1,API reported,-0.3240318687338405,0.07528506952626181,0.0340917569802883,0.11647838207223533,outcome-SD change from API=no at median hardware,29487,69
impact,cumulative_citations,M3_memory,memory,1,API reported,-0.29540690397133984,0.07653930417347227,0.035411107301844734,0.11766750104509979,outcome-SD change from API=no at median hardware,29487,69
impact,cumulative_citations,M3_memory,memory,1,API reported,-0.2667819392088392,0.07779353882068271,0.03671426504078519,0.11887281260058025,outcome-SD change from API=no at median hardware,29487,69
impact,cumulative_citations,M3_memory,memory,1,API reported,-0.23815697444633854,0.07904777346789317,0.03800117229766798,0.12009437463811835,outcome-SD change from API=no at median hardware,29487,69
impact,cumulative_citations,M3_memory,memory,1,API reported,-0.2095320096838379,0.08030200811510362,0.039271790251404454,0.12133222597880278,outcome-SD change from API=no at median hardware,29487,69
impact,cumulative_citations,M3_memory,memory,1,API reported,-0.18090704492133725,0.08155624276231405,0.04052609938906912,0.12258638613555897,outcome-SD change from API=no at median hardware,29487,69
impact,cumulative_citations,M3_memory,memory,1,API reported,-0.1522820801588366,0.0828104774095245,0.04176409962187091,0.1238568551971781,outcome-SD change from API=no at median hardware,29487,69
impact,cumulative_citations,M3_memory,memory,1,API reported,-0.12365711539633595,0.08406471205673496,0.04298581028568147,0.12514361382778846,outcome-SD change from API=no at median hardware,29487,69
impact,cumulative_citations,M3_memory,memory,1,API reported,-0.09503215063383519,0.08531894670394542,0.0441912700261136,0.12644662338177723,outcome-SD change from API=no at median hardware,29487,69
impact,cumulative_citations,M3_memory,memory,1,API reported,-0.06640718587133465,0.08657318135115585,0.04538053656973872,0.127765826132573,outcome-SD change from API=no at median hardware,29487,69
impact,cumulative_citations,M3_memory,memory,1,API reported,-0.03778222110883389,0.08782741599836631,0.04655368638459038,0.12910114561214225,outcome-SD change from API=no at median hardware,29487,69
impact,cumulative_citations,M3_memory,memory,1,API reported,-0.009157256346333353,0.08908165064557676,0.04771081423457962,0.1304524870565739,outcome-SD change from API=no at median hardware,29487,69
impact,cumulative_citations,M3_memory,memory,1,API reported,0.019467708416167406,0.0903358852927872,0.04885203263381614,0.13181973795175825,outcome-SD change from API=no at median hardware,29487,69
impact,cumulative_citations,M3_memory,memory,1,API reported,0.048092673178667944,0.09159011993999765,0.049977471208052154,0.13320276867194314,outcome-SD change from API=no at median hardware,29487,69
impact,cumulative_citations,M3_memory,memory,1,API reported,0.0767176379411687,0.0928443545872081,0.05108727597152091,0.1346014332028953,outcome-SD change from API=no at median hardware,29487,69
impact,cumulative_citations,M3_memory,memory,1,API reported,0.10534260270366924,0.09409858923441854,0.05218160852830843,0.13601556994052866,outcome-SD change from API=no at median hardware,29487,69
impact,cumulative_citations,M3_memory,memory,1,API reported,0.13396756746617,0.095352823881629,0.053260645208062285,0.1374450025551957,outcome-SD change from API=no at median hardware,29487,69
impact,cumulative_citations,M3_memory,memory,1,API reported,0.16259253222867054,0.09660705852883945,0.054324576146298896,0.13888954091138,outcome-SD change from API=no at median hardware,29487,69
impact,cumulative_citations,M3_memory,memory,1,API reported,0.1912174969911713,0.09786129317604991,0.05537360431982272,0.1403489820322771,outcome-SD change from API=no at median hardware,29487,69
impact,cumulative_citations,M3_memory,memory,1,API reported,0.21984246175367184,0.09911552782326034,0.05640794454782058,0.14182311109870013,outcome-SD change from API=no at median hardware,29487,69
impact,cumulative_citations,M3_memory,memory,1,API reported,0.2484674265161726,0.1003697624704708,0.05742782246905723,0.14331170247188438,outcome-SD change from API=no at median hardware,29487,69
impact,cumulative_citations,M3_memory,memory,1,API reported,0.27709239127867313,0.10162399711768122,0.058433473505287784,0.14481452073007467,outcome-SD change from API=no at median hardware,29487,69
impact,cumulative_citations,M3_memory,memory,1,API reported,0.3057173560411739,0.10287823176489168,0.05942514182054182,0.14633132170924154,outcome-SD change from API=no at median hardware,29487,69
impact,cumulative_citations,M3_memory,memory,1,API reported,0.33434232080367443,0.10413246641210214,0.06040307928534112,0.14786185353886316,outcome-SD change from API=no at median hardware,29487,69
impact,cumulative_citations,M3_memory,memory,1,API reported,0.3629672855661752,0.1053867010593126,0.06136754445421807,0.14940585766440712,outcome-SD change from API=no at median hardware,29487,69
impact,cumulative_citations,M3_memory,memory,1,API reported,0.39159225032867573,0.10664093570652303,0.062318801564123345,0.15096306984892272,outcome-SD change from API=no at median hardware,29487,69
impact,cumulative_citations,M3_memory,memory,1,API reported,0.4202172150911765,0.10789517035373349,0.0632571195604782,0.15253322114698875,outcome-SD change from API=no at median hardware,29487,69
impact,cumulative_citations,M3_memory,memory,1,API reported,0.448842179853677,0.10914940500094394,0.06418277115675969,0.1541160388451282,outcome-SD change from API=no at median hardware,29487,69
impact,cumulative_citations,M3_memory,memory,1,API reported,0.4774671446161778,0.1104036396481544,0.06509603193262868,0.1557112473636801,outcome-SD change from API=no at median hardware,29487,69
impact,cumulative_citations,M3_memory,memory,1,API reported,0.5060921093786783,0.11165787429536482,0.06599717947473902,0.15731856911599063,outcome-SD change from API=no at median hardware,29487,69
impact,cumulative_citations,M3_memory,memory,1,API reported,0.5347170741411791,0.11291210894257528,0.06688649256351942,0.15893772532163114,outcome-SD change from API=no at median hardware,29487,69
impact,cumulative_citations,M3_memory,memory,1,API reported,0.5633420389036796,0.11416634358978571,0.06776425040841041,0.16056843677116103,outcome-SD change from API=no at median hardware,29487,69
impact,cumulative_citations,M3_memory,memory,1,API reported,0.5919670036661804,0.11542057823699617,0.06863073193327993,0.1622104245407124,outcome-SD change from API=no at median hardware,29487,69
impact,cumulative_citations,M3_memory,memory,1,API reported,0.6205919684286809,0.11667481288420663,0.06948621511303874,0.16386341065537452,outcome-SD change from API=no at median hardware,29487,69
impact,cumulative_citations,M3_memory,memory,1,API reported,0.6492169331911817,0.11792904753141709,0.07033097636184041,0.16552711870099376,outcome-SD change from API=no at median hardware,29487,69
impact,cumulative_citations,M3_memory,memory,1,API reported,0.6778418979536822,0.11918328217862752,0.07116528997268007,0.16720127438457494,outcome-SD change from API=no at median hardware,29487,69
impact,cumulative_citations,M3_memory,memory,1,API reported,0.706466862716183,0.12043751682583798,0.07198942760770569,0.16888560604397027,outcome-SD change from API=no at median hardware,29487,69
impact,cumulative_citations,M3_memory,memory,1,API reported,0.7350918274786837,0.12169175147304843,0.07280365783812426,0.1705798451079726,outcome-SD change from API=no at median hardware,29487,69
impact,cumulative_citations,M3_memory,memory,1,API reported,0.7637167922411843,0.12294598612025887,0.07360824573222072,0.17228372650829704,outcome-SD change from API=no at median hardware,29487,69
impact,cumulative_citations,M3_memory,memory,1,API reported,0.792341757003685,0.12420022076746932,0.07440345248970737,0.17399698904523128,outcome-SD change from API=no at median hardware,29487,69
impact,cumulative_citations,M3_memory,memory,1,API reported,0.8209667217661856,0.12545445541467976,0.07518953512038187,0.17571937570897767,outcome-SD change from API=no at median hardware,29487,69
impact,cumulative_citations,M3_memory,memory,1,API reported,0.8495916865286863,0.12670869006189023,0.07596674616488869,0.17745063395889174,outcome-SD change from API=no at median hardware,29487,69
impact,cumulative_citations,M3_memory,memory,1,API reported,0.8782166512911869,0.12796292470910067,0.07673533345524498,0.17919051596295635,outcome-SD change from API=no at median hardware,29487,69
impact,cumulative_citations,M3_memory,memory,1,API reported,0.9068416160536876,0.12921715935631115,0.07749553991270608,0.18093877879991618,outcome-SD change from API=no at median hardware,29487,69
impact,cumulative_citations,M3_memory,memory,1,API reported,0.9354665808161884,0.1304713940035216,0.0782476033804978,0.1826951846265454,outcome-SD change from API=no at median hardware,29487,69
impact,cumulative_citations,M3_memory,memory,1,API reported,0.9640915455786887,0.131725628650732,0.07899175648893185,0.18445950081253218,outcome-SD change from API=no at median hardware,29487,69
impact,cumulative_citations,M3_memory,memory,1,API reported,0.9927165103411895,0.13297986329794245,0.07972822655043893,0.18623150004544597,outcome-SD change from API=no at median hardware,29487,69
impact,cumulative_citations,M3_memory,memory,1,API reported,1.0213414751036902,0.1342340979451529,0.08045723548209743,0.18801096040820836,outcome-SD change from API=no at median hardware,29487,69
impact,cumulative_citations,M3_memory,memory,1,API reported,1.049966439866191,0.13548833259236337,0.08117899975330123,0.18979766543142548,outcome-SD change from API=no at median hardware,29487,69
impact,cumulative_citations,M3_memory,memory,1,API reported,1.0785914046286913,0.1367425672395738,0.08189373035629059,0.191591404122857,outcome-SD change from API=no at median hardware,29487,69
impact,cumulative_citations,M3_memory,memory,1,API reported,1.107216369391192,0.13799680188678426,0.0826016327973653,0.19339197097620323,outcome-SD change from API=no at median hardware,29487,69
impact,cumulative_citations,M3_memory,memory,1,API reported,1.1358413341536928,0.1392510365339947,0.08330290710670325,0.19519916596128617,outcome-SD change from API=no at median hardware,29487,69
impact,cumulative_citations,M3_memory,memory,1,API reported,1.1644662989161936,0.14050527118120518,0.08399774786481899,0.19701279449759135,outcome-SD change from API=no at median hardware,29487,69
impact,cumulative_citations,M3_memory,memory,1,API reported,1.193091263678694,0.1417595058284156,0.0846863442438124,0.19883266741301883,outcome-SD change from API=no at median hardware,29487,69
impact,cumulative_citations,M3_memory,memory,1,API reported,1.2217162284411947,0.14301374047562604,0.08536888006167533,0.20065860088957677,outcome-SD change from API=no at median hardware,29487,69
impact,cumulative_citations,M3_memory,memory,1,API reported,1.2503411932036954,0.1442679751228365,0.08604553384804257,0.2024904163976304,outcome-SD change from API=no at median hardware,29487,69
impact,cumulative_citations,M3_memory,memory,1,API reported,1.2789661579661962,0.14552220977004696,0.08671647891988984,0.2043279406202041,outcome-SD change from API=no at median hardware,29487,69
impact,cumulative_citations,M3_memory,memory,1,API reported,1.3075911227286965,0.1467764444172574,0.08738188346579698,0.20617100536871782,outcome-SD change from API=no at median hardware,29487,69
impact,cumulative_citations,M3_memory,memory,1,API reported,1.3362160874911972,0.14803067906446785,0.08804191063750559,0.20801944749143012,outcome-SD change from API=no at median hardware,29487,69
impact,cumulative_citations,M3_memory,memory,1,API reported,1.364841052253698,0.14928491371167832,0.0886967186476067,0.2098731087757499,outcome-SD change from API=no at median hardware,29487,69
impact,cumulative_citations,M3_memory,memory,1,API reported,1.3934660170161988,0.15053914835888874,0.0893464608722976,0.21173183584547992,outcome-SD change from API=no at median hardware,29487,69
impact,cumulative_citations,M3_memory,memory,1,API reported,1.422090981778699,0.1517933830060992,0.08999128595824363,0.2135954800539548,outcome-SD change from API=no at median hardware,29487,69
impact,cumulative_citations,M3_memory,memory,1,API reported,1.4507159465411998,0.15304761765330965,0.09063133793267235,0.21546389737394692,outcome-SD change from API=no at median hardware,29487,69
impact,cumulative_citations,M3_memory,memory,1,API reported,1.4793409113037006,0.1543018523005201,0.09126675631591444,0.21733694828512579,outcome-SD change from API=no at median hardware,29487,69
impact,cumulative_citations,M3_memory,memory,1,API reported,1.5079658760662014,0.15555608694773054,0.09189767623568566,0.21921449765977546,outcome-SD change from API=no at median hardware,29487,69
impact,cumulative_citations,M3_memory,memory,1,API reported,1.5365908408287017,0.156810321594941,0.09252422854248006,0.22109641464740187,outcome-SD change from API=no at median hardware,29487,69
impact,cumulative_citations,M3_memory,memory,1,API reported,1.5652158055912024,0.15806455624215143,0.0931465399255135,0.22298257255878937,outcome-SD change from API=no at median hardware,29487,69
impact,cumulative_citations,M3_memory,memory,1,API reported,1.5938407703537032,0.15931879088936188,0.09376473302872138,0.2248728487500024,outcome-SD change from API=no at median hardware,29487,69
impact,cumulative_citations,M3_memory,memory,1,API reported,1.622465735116204,0.16057302553657235,0.09437892656637357,0.2267671245067711,outcome-SD change from API=no at median hardware,29487,69
impact,cumulative_citations,M3_memory,memory,1,API reported,1.6510906998787047,0.1618272601837828,0.09498923543792377,0.22866528492964183,outcome-SD change from API=no at median hardware,29487,69
impact,cumulative_citations,M3_memory,memory,1,API reported,1.679715664641205,0.16308149483099327,0.09559577084175985,0.23056721882022665,outcome-SD change from API=no at median hardware,29487,69
impact,cumulative_citations,M3_memory,memory,1,API reported,1.7083406294037058,0.1643357294782037,0.09619864038756783,0.23247281856883958,outcome-SD change from API=no at median hardware,29487,69
impact,cumulative_citations,M3_memory,memory,1,API reported,1.7369655941662066,0.16558996412541416,0.09679794820706183,0.2343819800437665,outcome-SD change from API=no at median hardware,29487,69
impact,cumulative_citations,M3_performance,performance,0,No API reported,-0.746282483472072,-0.008308528992708359,-0.019768127624130997,0.0031510696387142796,outcome-SD change from API=no at median hardware,29487,69
impact,cumulative_citations,M3_performance,performance,0,No API reported,-0.7241167325246607,-0.008061752753857225,-0.019180983475209634,0.0030574779674951828,outcome-SD change from API=no at median hardware,29487,69
impact,cumulative_citations,M3_performance,performance,0,No API reported,-0.7019509815772494,-0.007814976515006095,-0.01859383932628828,0.0029638862962760855,outcome-SD change from API=no at median hardware,29487,69
impact,cumulative_citations,M3_performance,performance,0,No API reported,-0.6797852306298381,-0.007568200276154963,-0.018006695177366912,0.0028702946250569886,outcome-SD change from API=no at median hardware,29487,69
impact,cumulative_citations,M3_performance,performance,0,No API reported,-0.6576194796824268,-0.007321424037303833,-0.017419551028445553,0.0027767029538378896,outcome-SD change from API=no at median hardware,29487,69
impact,cumulative_citations,M3_performance,performance,0,No API reported,-0.6354537287350155,-0.0070746477984527,-0.01683240687952419,0.0026831112826187914,outcome-SD change from API=no at median hardware,29487,69
impact,cumulative_citations,M3_performance,performance,0,No API reported,-0.6132879777876041,-0.006827871559601568,-0.016245262730602828,0.0025895196113996932,outcome-SD change from API=no at median hardware,29487,69
impact,cumulative_citations,M3_performance,performance,0,No API reported,-0.5911222268401929,-0.006581095320750437,-0.01565811858168147,0.0024959279401805964,outcome-SD change from API=no at median hardware,29487,69
impact,cumulative_citations,M3_performance,performance,0,No API reported,-0.5689564758927815,-0.006334319081899306,-0.01507097443276011,0.002402336268961498,outcome-SD change from API=no at median hardware,29487,69
impact,cumulative_citations,M3_performance,performance,0,No API reported,-0.5467907249453703,-0.006087542843048174,-0.01448383028383875,0.0023087445977424004,outcome-SD change from API=no at median hardware,29487,69
impact,cumulative_citations,M3_performance,performance,0,No API reported,-0.5246249739979589,-0.005840766604197043,-0.01389668613491739,0.002215152926523303,outcome-SD change from API=no at median hardware,29487,69
impact,cumulative_citations,M3_performance,performance,0,No API reported,-0.5024592230505476,-0.005593990365345911,-0.013309541985996026,0.002121561255304204,outcome-SD change from API=no at median hardware,29487,69
impact,cumulative_citations,M3_performance,performance,0,No API reported,-0.48029347210313633,-0.00534721412649478,-0.012722397837074666,0.002027969584085106,outcome-SD change from API=no at median hardware,29487,69
impact,cumulative_citations,M3_performance,performance,0,No API reported,-0.45812772115572503,-0.005100437887643649,-0.012135253688153307,0.001934377912866008,outcome-SD change from API=no at median hardware,29487,69
impact,cumulative_citations,M3_performance,performance,0,No API reported,-0.4359619702083137,-0.004853661648792517,-0.011548109539231943,0.0018407862416469094,outcome-SD change from API=no at median hardware,29487,69
impact,cumulative_citations,M3_performance,performance,0,No API reported,-0.4137962192609024,-0.004606885409941385,-0.010960965390310582,0.0017471945704278125,outcome-SD change from API=no at median hardware,29487,69
impact,cumulative_citations,M3_performance,performance,0,No API reported,-0.3916304683134911,-0.004360109171090255,-0.010373821241389223,0.0016536028992087137,outcome-SD change from API=no at median hardware,29487,69
impact,cumulative_citations,M3_performance,performance,0,No API reported,-0.3694647173660798,-0.0041133329322391235,-0.009786677092467862,0.0015600112279896157,outcome-SD change from API=no at median hardware,29487,69
impact,cumulative_citations,M3_performance,performance,0,No API reported,-0.3472989664186685,-0.0038665566933879917,-0.009199532943546501,0.0014664195567705175,outcome-SD change from API=no at median hardware,29487,69
impact,cumulative_citations,M3_performance,performance,0,No API reported,-0.3251332154712571,-0.0036197804545368595,-0.008612388794625139,0.0013728278855514196,outcome-SD change from API=no at median hardware,29487,69
impact,cumulative_citations,M3_performance,performance,0,No API reported,-0.3029674645238458,-0.003373004215685728,-0.008025244645703778,0.0012792362143323214,outcome-SD change from API=no at median hardware,29487,69
impact,cumulative_citations,M3_performance,performance,0,No API reported,-0.2808017135764345,-0.003126227976834597,-0.007438100496782417,0.001185644543113224,outcome-SD change from API=no at median hardware,29487,69
impact,cumulative_citations,M3_performance,performance,0,No API reported,-0.2586359626290232,-0.0028794517379834655,-0.006850956347861058,0.001092052871894126,outcome-SD change from API=no at median hardware,29487,69
impact,cumulative_citations,M3_performance,performance,0,No API reported,-0.23647021168161186,-0.0026326754991323337,-0.006263812198939695,0.0009984612006750278,outcome-SD change from API=no at median hardware,29487,69
impact,cumulative_citations,M3_performance,performance,0,No API reported,-0.21430446073420062,-0.0023858992602812028,-0.005676668050018336,0.0009048695294559295,outcome-SD change from API=no at median hardware,29487,69
impact,cumulative_citations,M3_performance,performance,0,No API reported,-0.19213870978678926,-0.002139123021430071,-0.005089523901096973,0.0008112778582368313,outcome-SD change from API=no at median hardware,29487,69
impact,cumulative_citations,M3_performance,performance,0,No API reported,-0.16997295883937802,-0.00189234678257894,-0.004502379752175613,0.0007176861870177338,outcome-SD change from API=no at median hardware,29487,69
impact,cumulative_citations,M3_performance,performance,0,No API reported,-0.14780720789196666,-0.001645570543727808,-0.003915235603254252,0.0006240945157986357,outcome-SD change from API=no at median hardware,29487,69
impact,cumulative_citations,M3_performance,performance,0,No API reported,-0.1256414569445553,-0.001398794304876676,-0.00332809145433289,0.0005305028445795375,outcome-SD change from API=no at median hardware,29487,69
impact,cumulative_citations,M3_performance,performance,0,No API reported,-0.10347570599714406,-0.0011520180660255454,-0.0027409473054115304,0.0004369111733604398,outcome-SD change from API=no at median hardware,29487,69
impact,cumulative_citations,M3_performance,performance,0,No API reported,-0.08130995504973271,-0.0009052418271744135,-0.0021538031564901686,0.00034331950214134155,outcome-SD change from API=no at median hardware,29487,69
impact,cumulative_citations,M3_performance,performance,0,No API reported,-0.05914420410232146,-0.0006584655883232828,-0.0015666590075688093,0.00024972783092224376,outcome-SD change from API=no at median hardware,29487,69
impact,cumulative_citations,M3_performance,performance,0,No API reported,-0.03697845315491011,-0.00041168934947215084,-0.0009795148586474473,0.00015613615970314562,outcome-SD change from API=no at median hardware,29487,69
impact,cumulative_citations,M3_performance,performance,0,No API reported,-0.014812702207498751,-0.0001649131106210188,-0.00039237070972608504,6.254448848404744e-05,outcome-SD change from API=no at median hardware,29487,69
impact,cumulative_citations,M3_performance,performance,0,No API reported,0.007353048739912493,8.186312823011191e-05,-3.1047182735050286e-05,0.00019477343919527412,outcome-SD change from API=no at median hardware,29487,69
impact,cumulative_citations,M3_performance,performance,0,No API reported,0.02951879968732385,0.0003286393670812439,-0.00012463885395414838,0.0007819175881166361,outcome-SD change from API=no at median hardware,29487,69
impact,cumulative_citations,M3_performance,performance,0,No API reported,0.051684550634735094,0.0005754156059323746,-0.00021823052517324626,0.0013690617370379955,outcome-SD change from API=no at median hardware,29487,69
impact,cumulative_citations,M3_performance,performance,0,No API reported,0.07385030158214645,0.0008221918447835065,-0.00031182219639234456,0.001956205885959358,outcome-SD change from API=no at median hardware,29487,69
impact,cumulative_citations,M3_performance,performance,0,No API reported,0.0960160525295578,0.0010689680836346385,-0.00040541386761144246,0.002543350034880719,outcome-SD change from API=no at median hardware,29487,69
impact,cumulative_citations,M3_performance,performance,0,No API reported,0.11818180347696905,0.0013157443224857694,-0.0004990055388305403,0.0031304941838020788,outcome-SD change from API=no at median hardware,29487,69
impact,cumulative_citations,M3_performance,performance,0,No API reported,0.1403475544243804,0.0015625205613369014,-0.0005925972100496386,0.003717638332723441,outcome-SD change from API=no at median hardware,29487,69
impact,cumulative_citations,M3_performance,performance,0,No API reported,0.16251330537179165,0.0018092968001880319,-0.0006861888812687364,0.0043047824816448005,outcome-SD change from API=no at median hardware,29487,69
impact,cumulative_citations,M3_performance,performance,0,No API reported,0.184679056319203,0.0020560730390391637,-0.0007797805524878344,0.004891926630566162,outcome-SD change from API=no at median hardware,29487,69
impact,cumulative_citations,M3_performance,performance,0,No API reported,0.20684480726661436,0.002302849277890296,-0.0008733722237069326,0.005479070779487525,outcome-SD change from API=no at median hardware,29487,69
impact,cumulative_citations,M3_performance,performance,0,No API reported,0.2290105582140256,0.002549625516741427,-0.0009669638949260307,0.006066214928408885,outcome-SD change from API=no at median hardware,29487,69
impact,cumulative_citations,M3_performance,performance,0,No API reported,0.25117630916143696,0.0027964017555925586,-0.0010605555661451287,0.0066533590773302466,outcome-SD change from API=no at median hardware,29487,69
impact,cumulative_citations,M3_performance,performance,0,No API reported,0.2733420601088483,0.003043177994443691,-0.0011541472373642267,0.007240503226251608,outcome-SD change from API=no at median hardware,29487,69
impact,cumulative_citations,M3_performance,performance,0,No API reported,0.29550781105625945,0.0032899542332948204,-0.0012477389085833238,0.007827647375172964,outcome-SD change from API=no at median hardware,29487,69
impact,cumulative_citations,M3_performance,performance,0,No API reported,0.3176735620036708,0.003536730472145952,-0.0013413305798024217,0.008414791524094327,outcome-SD change from API=no at median hardware,29487,69
impact,cumulative_citations,M3_performance,performance,0,No API reported,0.33983931295108216,0.0037835067109970844,-0.0014349222510215206,0.00900193567301569,outcome-SD change from API=no at median hardware,29487,69
impact,cumulative_citations,M3_performance,performance,0,No API reported,0.3620050638984935,0.004030282949848216,-0.001528513922240618,0.00958907982193705,outcome-SD change from API=no at median hardware,29487,69
impact,cumulative_citations,M3_performance,performance,0,No API reported,0.3841708148459049,0.004277059188699348,-0.0016221055934597167,0.010176223970858414,outcome-SD change from API=no at median hardware,29487,69
impact,cumulative_citations,M3_performance,performance,0,No API reported,0.406336565793316,0.004523835427550477,-0.0017156972646788136,0.01076336811977977,outcome-SD change from API=no at median hardware,29487,69
impact,cumulative_citations,M3_performance,performance,0,No API reported,0.42850231674072736,0.004770611666401609,-0.0018092889358979122,0.011350512268701131,outcome-SD change from API=no at median hardware,29487,69
impact,cumulative_citations,M3_performance,performance,0,No API reported,0.4506680676881387,0.005017387905252742,-0.0019028806071170108,0.011937656417622493,outcome-SD change from API=no at median hardware,29487,69
impact,cumulative_citations,M3_performance,performance,0,No API reported,0.4728338186355501,0.005264164144103874,-0.001996472278336109,0.012524800566543858,outcome-SD change from API=no at median hardware,29487,69
impact,cumulative_citations,M3_performance,performance,0,No API reported,0.49499956958296143,0.005510940382955005,-0.002090063949555208,0.013111944715465217,outcome-SD change from API=no at median hardware,29487,69
impact,cumulative_citations,M3_performance,performance,0,No API reported,0.5171653205303726,0.005757716621806135,-0.002183655620774304,0.013699088864386573,outcome-SD change from API=no at median hardware,29487,69
impact,cumulative_citations,M3_performance,performance,0,No API reported,0.5393310714777839,0.006004492860657267,-0.002277247291993403,0.014286233013307937,outcome-SD change from API=no at median hardware,29487,69
impact,cumulative_citations,M3_performance,performance,0,No API reported,0.5614968224251953,0.006251269099508398,-0.002370838963212501,0.014873377162229296,outcome-SD change from API=no at median hardware,29487,69
impact,cumulative_citations,M3_performance,performance,0,No API reported,0.5836625733726066,0.0064980453383595305,-0.0024644306344315994,0.01546052131115066,outcome-SD change from API=no at median hardware,29487,69
impact,cumulative_citations,M3_performance,performance,0,No API reported,0.605828324320018,0.006744821577210662,-0.0025580223056506975,0.01604766546007202,outcome-SD change from API=no at median hardware,29487,69
impact,cumulative_citations,M3_performance,performance,0,No API reported,0.6279940752674291,0.006991597816061792,-0.0026516139768697944,0.01663480960899338,outcome-SD change from API=no at median hardware,29487,69
impact,cumulative_citations,M3_performance,performance,0,No API reported,0.6501598262148405,0.007238374054912924,-0.0027452056480888926,0.01722195375791474,outcome-SD change from API=no at median hardware,29487,69
impact,cumulative_citations,M3_performance,performance,0,No API reported,0.6723255771622518,0.007485150293764057,-0.0028387973193079903,0.017809097906836106,outcome-SD change from API=no at median hardware,29487,69
impact,cumulative_citations,M3_performance,performance,0,No API reported,0.6944913281096632,0.007731926532615188,-0.0029323889905270885,0.018396242055757465,outcome-SD change from API=no at median hardware,29487,69
impact,cumulative_citations,M3_performance,performance,0,No API reported,0.7166570790570745,0.00797870277146632,-0.0030259806617461875,0.018983386204678827,outcome-SD change from API=no at median hardware,29487,69
impact,cumulative_citations,M3_performance,performance,0,No API reported,0.7388228300044857,0.008225479010317449,-0.0031195723329652835,0.019570530353600183,outcome-SD change from API=no at median hardware,29487,69
impact,cumulative_citations,M3_performance,performance,0,No API reported,0.760988580951897,0.008472255249168581,-0.003213164004184384,0.020157674502521542,outcome-SD change from API=no at median hardware,29487,69
impact,cumulative_citations,M3_performance,performance,0,No API reported,0.7831543318993084,0.008719031488019714,-0.0033067556754034807,0.020744818651442908,outcome-SD change from API=no at median hardware,29487,69
impact,cumulative_citations,M3_performance,performance,0,No API reported,0.8053200828467197,0.008965807726870846,-0.003400347346622579,0.021331962800364267,outcome-SD change from API=no at median hardware,29487,69
impact,cumulative_citations,M3_performance,performance,0,No API reported,0.8274858337941311,0.009212583965721978,-0.003493939017841678,0.021919106949285633,outcome-SD change from API=no at median hardware,29487,69
impact,cumulative_citations,M3_performance,performance,0,No API reported,0.8496515847415422,0.009459360204573107,-0.003587530689060774,0.022506251098206986,outcome-SD change from API=no at median hardware,29487,69
impact,cumulative_citations,M3_performance,performance,0,No API reported,0.8718173356889536,0.009706136443424239,-0.003681122360279871,0.023093395247128348,outcome-SD change from API=no at median hardware,29487,69
impact,cumulative_citations,M3_performance,performance,0,No API reported,0.8939830866363649,0.009952912682275371,-0.003774714031498971,0.02368053939604971,outcome-SD change from API=no at median hardware,29487,69
impact,cumulative_citations,M3_performance,performance,0,No API reported,0.9161488375837763,0.010199688921126502,-0.0038683057027180715,0.024267683544971077,outcome-SD change from API=no at median hardware,29487,69
impact,cumulative_citations,M3_performance,performance,0,No API reported,0.9383145885311877,0.010446465159977634,-0.003961897373937168,0.02485482769389244,outcome-SD change from API=no at median hardware,29487,69
impact,cumulative_citations,M3_performance,performance,0,No API reported,0.9604803394785988,0.010693241398828764,-0.004055489045156263,0.025441971842813795,outcome-SD change from API=no at median hardware,29487,69
impact,cumulative_citations,M3_performance,performance,0,No API reported,0.9826460904260101,0.010940017637679895,-0.004149080716375362,0.02602911599173515,outcome-SD change from API=no at median hardware,29487,69
impact,cumulative_citations,M3_performance,performance,0,No API reported,1.0048118413734215,0.011186793876531027,-0.004242672387594461,0.026616260140656513,outcome-SD change from API=no at median hardware,29487,69
impact,cumulative_citations,M3_performance,performance,0,No API reported,1.0269775923208329,0.011433570115382161,-0.004336264058813561,0.02720340428957788,outcome-SD change from API=no at median hardware,29487,69
impact,cumulative_citations,M3_performance,performance,0,No API reported,1.0491433432682442,0.011680346354233293,-0.0044298557300326575,0.027790548438499242,outcome-SD change from API=no at median hardware,29487,69
impact,cumulative_citations,M3_performance,performance,0,No API reported,1.0713090942156553,0.01192712259308442,-0.004523447401251755,0.028377692587420598,outcome-SD change from API=no at median hardware,29487,69
impact,cumulative_citations,M3_performance,performance,0,No API reported,1.0934748451630667,0.012173898831935554,-0.004617039072470851,0.028964836736341957,outcome-SD change from API=no at median hardware,29487,69
impact,cumulative_citations,M3_performance,performance,0,No API reported,1.115640596110478,0.012420675070786686,-0.004710630743689951,0.029551980885263323,outcome-SD change from API=no at median hardware,29487,69
impact,cumulative_citations,M3_performance,performance,0,No API reported,1.1378063470578894,0.012667451309637819,-0.00480422241490905,0.030139125034184686,outcome-SD change from API=no at median hardware,29487,69
impact,cumulative_citations,M3_performance,performance,0,No API reported,1.1599720980053008,0.012914227548488949,-0.004897814086128149,0.030726269183106048,outcome-SD change from API=no at median hardware,29487,69
impact,cumulative_citations,M3_performance,performance,0,No API reported,1.182137848952712,0.01316100378734008,-0.004991405757347244,0.031313413332027404,outcome-SD change from API=no at median hardware,29487,69
impact,cumulative_citations,M3_performance,performance,0,No API reported,1.2043035999001233,0.013407780026191212,-0.005084997428566341,0.03190055748094876,outcome-SD change from API=no at median hardware,29487,69
impact,cumulative_citations,M3_performance,performance,0,No API reported,1.2264693508475346,0.013654556265042344,-0.00517858909978544,0.03248770162987013,outcome-SD change from API=no at median hardware,29487,69
impact,cumulative_citations,M3_performance,performance,0,No API reported,1.248635101794946,0.013901332503893474,-0.005272180771004542,0.03307484577879149,outcome-SD change from API=no at median hardware,29487,69
impact,cumulative_citations,M3_performance,performance,0,No API reported,1.270800852742357,0.014148108742744605,-0.005365772442223637,0.03366198992771285,outcome-SD change from API=no at median hardware,29487,69
impact,cumulative_citations,M3_performance,performance,0,No API reported,1.2929666036897687,0.014394884981595739,-0.005459364113442733,0.03424913407663421,outcome-SD change from API=no at median hardware,29487,69
impact,cumulative_citations,M3_performance,performance,0,No API reported,1.3151323546371798,0.014641661220446868,-0.005552955784661832,0.03483627822555557,outcome-SD change from API=no at median hardware,29487,69
impact,cumulative_citations,M3_performance,performance,0,No API reported,1.337298105584591,0.014888437459297998,-0.005646547455880929,0.035423422374476925,outcome-SD change from API=no at median hardware,29487,69
impact,cumulative_citations,M3_performance,performance,0,No API reported,1.3594638565320025,0.015135213698149132,-0.005740139127100031,0.0360105665233983,outcome-SD change from API=no at median hardware,29487,69
impact,cumulative_citations,M3_performance,performance,0,No API reported,1.3816296074794137,0.015381989937000263,-0.005833730798319123,0.03659771067231965,outcome-SD change from API=no at median hardware,29487,69
impact,cumulative_citations,M3_performance,performance,0,No API reported,1.4037953584268252,0.015628766175851395,-0.0059273224695382265,0.037184854821241016,outcome-SD change from API=no at median hardware,29487,69
impact,cumulative_citations,M3_performance,performance,0,No API reported,1.4259611093742364,0.015875542414702525,-0.0060209141407573195,0.037771998970162375,outcome-SD change from API=no at median hardware,29487,69
impact,cumulative_citations,M3_performance,performance,0,No API reported,1.4481268603216475,0.016122318653553656,-0.006114505811976421,0.038359143119083734,outcome-SD change from API=no at median hardware,29487,69
impact,cumulative_citations,M3_performance,performance,0,No API reported,1.470292611269059,0.01636909489240479,-0.0062080974831955175,0.0389462872680051,outcome-SD change from API=no at median hardware,29487,69
impact,cumulative_citations,M3_performance,performance,1,API reported,-0.746282483472072,0.08751570134611492,0.04721326050033468,0.12781814219189516,outcome-SD change from API=no at median hardware,29487,69
impact,cumulative_citations,M3_performance,performance,1,API reported,-0.7241167325246607,0.08767034704946272,0.0475136524912105,0.12782704160771494,outcome-SD change from API=no at median hardware,29487,69
impact,cumulative_citations,M3_performance,performance,1,API reported,-0.7019509815772494,0.0878249927528105,0.047808704947195496,0.1278412805584255,outcome-SD change from API=no at median hardware,29487,69
impact,cumulative_citations,M3_performance,performance,1,API reported,-0.6797852306298381,0.08797963845615828,0.048098361472857426,0.12786091543945913,outcome-SD change from API=no at median hardware,29487,69
impact,cumulative_citations,M3_performance,performance,1,API reported,-0.6576194796824268,0.08813428415950607,0.04838256708872264,0.12788600123028948,outcome-SD change from API=no at median hardware,29487,69
impact,cumulative_citations,M3_performance,performance,1,API reported,-0.6354537287350155,0.08828892986285385,0.04866126833063163,0.12791659139507605,outcome-SD change from API=no at median hardware,29487,69
impact,cumulative_citations,M3_performance,performance,1,API reported,-0.6132879777876041,0.08844357556620164,0.04893441334869801,0.12795273778370528,outcome-SD change from API=no at median hardware,29487,69
impact,cumulative_citations,M3_performance,performance,1,API reported,-0.5911222268401929,0.0885982212695494,0.04920195200549891,0.1279944905335999,outcome-SD change from API=no at median hardware,29487,69
impact,cumulative_citations,M3_performance,performance,1,API reported,-0.5689564758927815,0.08875286697289721,0.04946383597311275,0.12804189797268167,outcome-SD change from API=no at median hardware,29487,69
impact,cumulative_citations,M3_performance,performance,1,API reported,-0.5467907249453703,0.08890751267624498,0.04972001882861065,0.1280950065238793,outcome-SD change from API=no at median hardware,29487,69
impact,cumulative_citations,M3_performance,performance,1,API reported,-0.5246249739979589,0.08906215837959279,0.04997045614760198,0.1281538606115836,outcome-SD change from API=no at median hardware,29487,69
impact,cumulative_citations,M3_performance,performance,1,API reported,-0.5024592230505476,0.08921680408294055,0.05021510559542862,0.12821850257045248,outcome-SD change from API=no at median hardware,29487,69
impact,cumulative_citations,M3_performance,performance,1,API reported,-0.48029347210313633,0.08937144978628833,0.05045392701560254,0.12828897255697413,outcome-SD change from API=no at median hardware,29487,69
impact,cumulative_citations,M3_performance,performance,1,API reported,-0.45812772115572503,0.08952609548963614,0.05068688251508159,0.12836530846419067,outcome-SD change from API=no at median hardware,29487,69
impact,cumulative_citations,M3_performance,performance,1,API reported,-0.4359619702083137,0.08968074119298391,0.05091393654598387,0.12844754583998397,outcome-SD change from API=no at median hardware,29487,69
impact,cumulative_citations,M3_performance,performance,1,API reported,-0.4137962192609024,0.08983538689633169,0.05113505598334823,0.12853571780931516,outcome-SD change from API=no at median hardware,29487,69
impact,cumulative_citations,M3_performance,performance,1,API reported,-0.3916304683134911,0.08999003259967947,0.05135021019855963,0.12862985500079932,outcome-SD change from API=no at median hardware,29487,69
impact,cumulative_citations,M3_performance,performance,1,API reported,-0.3694647173660798,0.09014467830302728,0.05155937112807214,0.12872998547798242,outcome-SD change from API=no at median hardware,29487,69
impact,cumulative_citations,M3_performance,performance,1,API reported,-0.3472989664186685,0.09029932400637505,0.05176251333707984,0.1288361346756703,outcome-SD change from API=no at median hardware,29487,69
impact,cumulative_citations,M3_performance,performance,1,API reported,-0.3251332154712571,0.09045396970972285,0.051959614077806256,0.12894832534163944,outcome-SD change from API=no at median hardware,29487,69
impact,cumulative_citations,M3_performance,performance,1,API reported,-0.3029674645238458,0.09060861541307062,0.0521506533421063,0.12906657748403494,outcome-SD change from API=no at median hardware,29487,69
impact,cumulative_citations,M3_performance,performance,1,API reported,-0.2808017135764345,0.0907632611164184,0.052335613908101125,0.12919090832473568,outcome-SD change from API=no at median hardware,29487,69
impact,cumulative_citations,M3_performance,performance,1,API reported,-0.2586359626290232,0.0909179068197662,0.05251448138059529,0.1293213322589371,outcome-SD change from API=no at median hardware,29487,69
impact,cumulative_citations,M3_performance,performance,1,API reported,-0.23647021168161186,0.09107255252311397,0.05268724422505643,0.1294578608211715,outcome-SD change from API=no at median hardware,29487,69
impact,cumulative_citations,M3_performance,performance,1,API reported,-0.21430446073420062,0.09122719822646176,0.05285389379497202,0.1296005026579515,outcome-SD change from API=no at median hardware,29487,69
impact,cumulative_citations,M3_performance,performance,1,API reported,-0.19213870978678926,0.09138184392980954,0.05301442435243169,0.1297492635071874,outcome-SD change from API=no at median hardware,29487,69
impact,cumulative_citations,M3_performance,performance,1,API reported,-0.16997295883937802,0.09153648963315734,0.053168833081822006,0.12990414618449267,outcome-SD change from API=no at median hardware,29487,69
impact,cumulative_citations,M3_performance,performance,1,API reported,-0.14780720789196666,0.09169113533650512,0.053317120096556696,0.13006515057645354,outcome-SD change from API=no at median hardware,29487,69
impact,cumulative_citations,M3_performance,performance,1,API reported,-0.1256414569445553,0.09184578103985291,0.053459288438805555,0.13023227364090026,outcome-SD change from API=no at median hardware,29487,69
impact,cumulative_citations,M3_performance,performance,1,API reported,-0.10347570599714406,0.09200042674320069,0.053595344072222974,0.13040550941417842,outcome-SD change from API=no at median hardware,29487,69
impact,cumulative_citations,M3_performance,performance,1,API reported,-0.08130995504973271,0.09215507244654847,0.053725295867717,0.13058484902537995,outcome-SD change from API=no at median hardware,29487,69
impact,cumulative_citations,M3_performance,performance,1,API reported,-0.05914420410232146,0.09230971814989627,0.053849155582337854,0.13077028071745467,outcome-SD change from API=no at median hardware,29487,69
impact,cumulative_citations,M3_performance,performance,1,API reported,-0.03697845315491011,0.09246436385324404,0.05396693783140268,0.1309617898750854,outcome-SD change from API=no at median hardware,29487,69
impact,cumulative_citations,M3_performance,performance,1,API reported,-0.014812702207498751,0.09261900955659183,0.05407866005401051,0.13115935905917314,outcome-SD change from API=no at median hardware,29487,69
impact,cumulative_citations,M3_performance,performance,1,API reported,0.007353048739912493,0.09277365525993961,0.05418434247213534,0.1313629680477439,outcome-SD change from API=no at median hardware,29487,69
impact,cumulative_citations,M3_performance,performance,1,API reported,0.02951879968732385,0.09292830096328741,0.05428400804352021,0.13157259388305462,outcome-SD change from API=no at median hardware,29487,69
impact,cumulative_citations,M3_performance,performance,1,API reported,0.051684550634735094,0.09308294666663518,0.054377682408624416,0.13178821092464593,outcome-SD change from API=no at median hardware,29487,69
impact,cumulative_citations,M3_performance,performance,1,API reported,0.07385030158214645,0.09323759236998298,0.05446539383190649,0.13200979090805945,outcome-SD change from API=no at median hardware,29487,69
impact,cumulative_citations,M3_performance,performance,1,API reported,0.0960160525295578,0.09339223807333076,0.05454717313774985,0.13223730300891168,outcome-SD change from API=no at median hardware,29487,69
impact,cumulative_citations,M3_performance,performance,1,API reported,0.11818180347696905,0.09354688377667854,0.054623053641363294,0.13247071391199378,outcome-SD change from API=no at median hardware,29487,69
impact,cumulative_citations,M3_performance,performance,1,API reported,0.1403475544243804,0.09370152948002632,0.0546930710750066,0.13270998788504604,outcome-SD change from API=no at median hardware,29487,69
impact,cumulative_citations,M3_performance,performance,1,API reported,0.16251330537179165,0.09385617518337411,0.054757263509910184,0.13295508685683802,outcome-SD change from API=no at median hardware,29487,69
impact,cumulative_citations,M3_performance,performance,1,API reported,0.184679056319203,0.0940108208867219,0.05481567127427096,0.13320597049917285,outcome-SD change from API=no at median hardware,29487,69
impact,cumulative_citations,M3_performance,performance,1,API reported,0.20684480726661436,0.09416546659006968,0.054868336867717256,0.1334625963124221,outcome-SD change from API=no at median hardware,29487,69
impact,cumulative_citations,M3_performance,performance,1,API reported,0.2290105582140256,0.09432011229341747,0.0549153048726436,0.13372491971419131,outcome-SD change from API=no at median hardware,29487,69
impact,cumulative_citations,M3_performance,performance,1,API reported,0.25117630916143696,0.09447475799676525,0.05495662186281964,0.13399289413071083,outcome-SD change from API=no at median hardware,29487,69
impact,cumulative_citations,M3_performance,performance,1,API reported,0.2733420601088483,0.09462940370011305,0.054992336309679875,0.1342664710905462,outcome-SD change from API=no at median hardware,29487,69
impact,cumulative_citations,M3_performance,performance,1,API reported,0.29550781105625945,0.09478404940346083,0.05502249848669798,0.13454560032022367,outcome-SD change from API=no at median hardware,29487,69
impact,cumulative_citations,M3_performance,performance,1,API reported,0.3176735620036708,0.0949386951068086,0.055047160372246065,0.1348302298413711,outcome-SD change from API=no at median hardware,29487,69
impact,cumulative_citations,M3_performance,performance,1,API reported,0.33983931295108216,0.09509334081015638,0.05506637555133126,0.1351203060689815,outcome-SD change from API=no at median hardware,29487,69
impact,cumulative_citations,M3_performance,performance,1,API reported,0.3620050638984935,0.09524798651350418,0.055080199116592704,0.13541577391041565,outcome-SD change from API=no at median hardware,29487,69
impact,cumulative_citations,M3_performance,performance,1,API reported,0.3841708148459049,0.09540263221685197,0.05508868756893061,0.13571657686477334,outcome-SD change from API=no at median hardware,29487,69
impact,cumulative_citations,M3_performance,performance,1,API reported,0.406336565793316,0.09555727792019973,0.05509189871812436,0.13602265712227513,outcome-SD change from API=no at median hardware,29487,69
impact,cumulative_citations,M3_performance,performance,1,API reported,0.42850231674072736,0.09571192362354754,0.05508989158378193,0.13633395566331313,outcome-SD change from API=no at median hardware,29487,69
impact,cumulative_citations,M3_performance,performance,1,API reported,0.4506680676881387,0.09586656932689532,0.05508272629694494,0.1366504123568457,outcome-SD change from API=no at median hardware,29487,69
impact,cumulative_citations,M3_performance,performance,1,API reported,0.4728338186355501,0.09602121503024309,0.05507046400265604,0.13697196605783016,outcome-SD change from API=no at median hardware,29487,69
impact,cumulative_citations,M3_performance,performance,1,API reported,0.49499956958296143,0.09617586073359087,0.05505316676377521,0.13729855470340654,outcome-SD change from API=no at median hardware,29487,69
impact,cumulative_citations,M3_performance,performance,1,API reported,0.5171653205303726,0.09633050643693866,0.05503089746631153,0.13763011540756578,outcome-SD change from API=no at median hardware,29487,69
impact,cumulative_citations,M3_performance,performance,1,API reported,0.5393310714777839,0.09648515214028645,0.05500371972651612,0.1379665845540568,outcome-SD change from API=no at median hardware,29487,69
impact,cumulative_citations,M3_performance,performance,1,API reported,0.5614968224251953,0.09663979784363425,0.05497169779996066,0.13830789788730782,outcome-SD change from API=no at median hardware,29487,69
impact,cumulative_citations,M3_performance,performance,1,API reported,0.5836625733726066,0.09679444354698204,0.05493489649280474,0.13865399060115935,outcome-SD change from API=no at median hardware,29487,69
impact,cumulative_citations,M3_performance,performance,1,API reported,0.605828324320018,0.0969490892503298,0.05489338107543304,0.13900479742522656,outcome-SD change from API=no at median hardware,29487,69
impact,cumulative_citations,M3_performance,performance,1,API reported,0.6279940752674291,0.09710373495367758,0.05484721719862382,0.13936025270873134,outcome-SD change from API=no at median hardware,29487,69
impact,cumulative_citations,M3_performance,performance,1,API reported,0.6501598262148405,0.09725838065702538,0.05479647081238733,0.13972029050166343,outcome-SD change from API=no at median hardware,29487,69
impact,cumulative_citations,M3_performance,performance,1,API reported,0.6723255771622518,0.09741302636037316,0.05474120808759428,0.14008484463315204,outcome-SD change from API=no at median hardware,29487,69
impact,cumulative_citations,M3_performance,performance,1,API reported,0.6944913281096632,0.09756767206372094,0.05468149534049386,0.14045384878694803,outcome-SD change from API=no at median hardware,29487,69
impact,cumulative_citations,M3_performance,performance,1,API reported,0.7166570790570745,0.09772231776706873,0.05461739896020212,0.14082723657393534,outcome-SD change from API=no at median hardware,29487,69
impact,cumulative_citations,M3_performance,performance,1,API reported,0.7388228300044857,0.09787696347041652,0.05454898533922327,0.1412049416016098,outcome-SD change from API=no at median hardware,29487,69
impact,cumulative_citations,M3_performance,performance,1,API reported,0.760988580951897,0.09803160917376431,0.054476320807049734,0.14158689754047887,outcome-SD change from API=no at median hardware,29487,69
impact,cumulative_citations,M3_performance,performance,1,API reported,0.7831543318993084,0.09818625487711209,0.05439947156687037,0.14197303818735382,outcome-SD change from API=no at median hardware,29487,69
impact,cumulative_citations,M3_performance,performance,1,API reported,0.8053200828467197,0.09834090058045987,0.05431850363540059,0.14236329752551916,outcome-SD change from API=no at median hardware,29487,69
impact,cumulative_citations,M3_performance,performance,1,API reported,0.8274858337941311,0.09849554628380768,0.05423348278583499,0.14275760978178034,outcome-SD change from API=no at median hardware,29487,69
impact,cumulative_citations,M3_performance,performance,1,API reported,0.8496515847415422,0.09865019198715545,0.05414447449390893,0.14315590948040197,outcome-SD change from API=no at median hardware,29487,69
impact,cumulative_citations,M3_performance,performance,1,API reported,0.8718173356889536,0.09880483769050322,0.05405154388704476,0.14355813149396168,outcome-SD change from API=no at median hardware,29487,69
impact,cumulative_citations,M3_performance,performance,1,API reported,0.8939830866363649,0.09895948339385101,0.05395475569654595,0.14396421109115606,outcome-SD change from API=no at median hardware,29487,69
impact,cumulative_citations,M3_performance,performance,1,API reported,0.9161488375837763,0.0991141290971988,0.053854174212793725,0.14437408398160387,outcome-SD change from API=no at median hardware,29487,69
impact,cumulative_citations,M3_performance,performance,1,API reported,0.9383145885311877,0.09926877480054659,0.053749863243391705,0.14478768635770148,outcome-SD change from API=no at median hardware,29487,69
impact,cumulative_citations,M3_performance,performance,1,API reported,0.9604803394785988,0.09942342050389436,0.05364188607419557,0.14520495493359314,outcome-SD change from API=no at median hardware,29487,69
impact,cumulative_citations,M3_performance,performance,1,API reported,0.9826460904260101,0.09957806620724216,0.05353030543315887,0.14562582698132545,outcome-SD change from API=no at median hardware,29487,69
impact,cumulative_citations,M3_performance,performance,1,API reported,1.0048118413734215,0.09973271191058994,0.053415183456919056,0.14605024036426084,outcome-SD change from API=no at median hardware,29487,69
impact,cumulative_citations,M3_performance,performance,1,API reported,1.0269775923208329,0.09988735761393772,0.05329658166004401,0.14647813356783143,outcome-SD change from API=no at median hardware,29487,69
impact,cumulative_citations,M3_performance,performance,1,API reported,1.0491433432682442,0.10004200331728551,0.05317456090685382,0.1469094457277172,outcome-SD change from API=no at median hardware,29487,69
impact,cumulative_citations,M3_performance,performance,1,API reported,1.0713090942156553,0.10019664902063329,0.05304918138573013,0.14734411665553646,outcome-SD change from API=no at median hardware,29487,69
impact,cumulative_citations,M3_performance,performance,1,API reported,1.0934748451630667,0.10035129472398108,0.05292050258582202,0.14778208686214014,outcome-SD change from API=no at median hardware,29487,69
impact,cumulative_citations,M3_performance,performance,1,API reported,1.115640596110478,0.10050594042732887,0.05278858327605566,0.14822329757860206,outcome-SD change from API=no at median hardware,29487,69
impact,cumulative_citations,M3_performance,performance,1,API reported,1.1378063470578894,0.10066058613067665,0.05265348148635366,0.14866769077499964,outcome-SD change from API=no at median hardware,29487,69
impact,cumulative_citations,M3_performance,performance,1,API reported,1.1599720980053008,0.10081523183402442,0.052515254490968756,0.1491152091770801,outcome-SD change from API=no at median hardware,29487,69
impact,cumulative_citations,M3_performance,performance,1,API reported,1.182137848952712,0.10096987753737222,0.05237395879383669,0.14956579628090771,outcome-SD change from API=no at median hardware,29487,69
impact,cumulative_citations,M3_performance,performance,1,API reported,1.2043035999001233,0.10112452324072001,0.05222965011585321,0.1500193963655868,outcome-SD change from API=no at median hardware,29487,69
impact,cumulative_citations,M3_performance,performance,1,API reported,1.2264693508475346,0.10127916894406781,0.05208238338398028,0.15047595450415535,outcome-SD change from API=no at median hardware,29487,69
impact,cumulative_citations,M3_performance,performance,1,API reported,1.248635101794946,0.10143381464741558,0.051932212722088415,0.15093541657274273,outcome-SD change from API=no at median hardware,29487,69
impact,cumulative_citations,M3_performance,performance,1,API reported,1.270800852742357,0.10158846035076335,0.051779191443442785,0.15139772925808392,outcome-SD change from API=no at median hardware,29487,69
impact,cumulative_citations,M3_performance,performance,1,API reported,1.2929666036897687,0.10174310605411115,0.05162337204474225,0.15186284006348005,outcome-SD change from API=no at median hardware,29487,69
impact,cumulative_citations,M3_performance,performance,1,API reported,1.3151323546371798,0.10189775175745894,0.05146480620162302,0.15233069731329485,outcome-SD change from API=no at median hardware,29487,69
impact,cumulative_citations,M3_performance,performance,1,API reported,1.337298105584591,0.1020523974608067,0.051303544765540485,0.15280125015607293,outcome-SD change from API=no at median hardware,29487,69
impact,cumulative_citations,M3_performance,performance,1,API reported,1.3594638565320025,0.10220704316415449,0.05113963776194466,0.15327444856636435,outcome-SD change from API=no at median hardware,29487,69
impact,cumulative_citations,M3_performance,performance,1,API reported,1.3816296074794137,0.1023616888675023,0.05097313438966773,0.15375024334533685,outcome-SD change from API=no at median hardware,29487,69
impact,cumulative_citations,M3_performance,performance,1,API reported,1.4037953584268252,0.10251633457085008,0.050804083021444554,0.1542285861202556,outcome-SD change from API=no at median hardware,29487,69
impact,cumulative_citations,M3_performance,performance,1,API reported,1.4259611093742364,0.10267098027419784,0.050632531205489835,0.15470942934290585,outcome-SD change from API=no at median hardware,29487,69
impact,cumulative_citations,M3_performance,performance,1,API reported,1.4481268603216475,0.10282562597754565,0.050458525668058016,0.15519272628703326,outcome-SD change from API=no at median hardware,29487,69
impact,cumulative_citations,M3_performance,performance,1,API reported,1.470292611269059,0.10298027168089342,0.05028211231691501,0.15567843104487183,outcome-SD change from API=no at median hardware,29487,69
impact,cumulative_citations,M3_quantity,quantity,0,No API reported,0.0,0.0,0.0,0.0,outcome-SD change from API=no at median hardware,29487,69
impact,cumulative_citations,M3_quantity,quantity,0,No API reported,0.03584962500721156,0.0008551293578689857,0.0005439143708419785,0.001166344344895993,outcome-SD change from API=no at median hardware,29487,69
impact,cumulative_citations,M3_quantity,quantity,0,No API reported,0.07169925001442312,0.0017102587157379714,0.001087828741683957,0.002332688689791986,outcome-SD change from API=no at median hardware,29487,69
impact,cumulative_citations,M3_quantity,quantity,0,No API reported,0.10754887502163468,0.002565388073606957,0.0016317431125259351,0.0034990330346879785,outcome-SD change from API=no at median hardware,29487,69
impact,cumulative_citations,M3_quantity,quantity,0,No API reported,0.14339850002884624,0.0034205174314759427,0.002175657483367914,0.004665377379583972,outcome-SD change from API=no at median hardware,29487,69
impact,cumulative_citations,M3_quantity,quantity,0,No API reported,0.1792481250360578,0.004275646789344928,0.002719571854209892,0.0058317217244799645,outcome-SD change from API=no at median hardware,29487,69
impact,cumulative_citations,M3_quantity,quantity,0,No API reported,0.21509775004326936,0.005130776147213914,0.0032634862250518703,0.006998066069375957,outcome-SD change from API=no at median hardware,29487,69
impact,cumulative_citations,M3_quantity,quantity,0,No API reported,0.2509473750504809,0.0059859055050829005,0.0038074005958938497,0.00816441041427195,outcome-SD change from API=no at median hardware,29487,69
impact,cumulative_citations,M3_quantity,quantity,0,No API reported,0.2867970000576925,0.0068410348629518855,0.004351314966735828,0.009330754759167944,outcome-SD change from API=no at median hardware,29487,69
impact,cumulative_citations,M3_quantity,quantity,0,No API reported,0.32264662506490405,0.007696164220820871,0.004895229337577806,0.010497099104063937,outcome-SD change from API=no at median hardware,29487,69
impact,cumulative_citations,M3_quantity,quantity,0,No API reported,0.3584962500721156,0.008551293578689856,0.005439143708419784,0.011663443448959929,outcome-SD change from API=no at median hardware,29487,69
impact,cumulative_citations,M3_quantity,quantity,0,No API reported,0.39434587507932717,0.009406422936558844,0.005983058079261762,0.012829787793855922,outcome-SD change from API=no at median hardware,29487,69
impact,cumulative_citations,M3_quantity,quantity,0,No API reported,0.43019550008653873,0.010261552294427828,0.0065269724501037405,0.013996132138751914,outcome-SD change from API=no at median hardware,29487,69
impact,cumulative_citations,M3_quantity,quantity,0,No API reported,0.4660451250937503,0.011116681652296814,0.007070886820945718,0.015162476483647908,outcome-SD change from API=no at median hardware,29487,69
impact,cumulative_citations,M3_quantity,quantity,0,No API reported,0.5018947501009619,0.011971811010165801,0.0076148011917876995,0.0163288208285439,outcome-SD change from API=no at median hardware,29487,69
impact,cumulative_citations,M3_quantity,quantity,0,No API reported,0.5377443751081734,0.012826940368034787,0.008158715562629676,0.017495165173439894,outcome-SD change from API=no at median hardware,29487,69
impact,cumulative_citations,M3_quantity,quantity,0,No API reported,0.573594000115385,0.013682069725903771,0.008702629933471656,0.018661509518335888,outcome-SD change from API=no at median hardware,29487,69
impact,cumulative_citations,M3_quantity,quantity,0,No API reported,0.6094436251225965,0.014537199083772757,0.009246544304313634,0.01982785386323188,outcome-SD change from API=no at median hardware,29487,69
impact,cumulative_citations,M3_quantity,quantity,0,No API reported,0.6452932501298081,0.015392328441641743,0.009790458675155612,0.020994198208127875,outcome-SD change from API=no at median hardware,29487,69
impact,cumulative_citations,M3_quantity,quantity,0,No API reported,0.6811428751370197,0.01624745779951073,0.01033437304599759,0.022160542553023865,outcome-SD change from API=no at median hardware,29487,69
impact,cumulative_citations,M3_quantity,quantity,0,No API reported,0.7169925001442312,0.017102587157379712,0.010878287416839568,0.023326886897919858,outcome-SD change from API=no at median hardware,29487,69
impact,cumulative_citations,M3_quantity,quantity,0,No API reported,0.7528421251514428,0.0179577165152487,0.011422201787681547,0.02449323124281585,outcome-SD change from API=no at median hardware,29487,69
impact,cumulative_citations,M3_quantity,quantity,0,No API reported,0.7886917501586543,0.018812845873117687,0.011966116158523525,0.025659575587711845,outcome-SD change from API=no at median hardware,29487,69
impact,cumulative_citations,M3_quantity,quantity,0,No API reported,0.8245413751658659,0.01966797523098667,0.012510030529365505,0.02682591993260784,outcome-SD change from API=no at median hardware,29487,69
impact,cumulative_citations,M3_quantity,quantity,0,No API reported,0.8603910001730775,0.020523104588855656,0.013053944900207481,0.02799226427750383,outcome-SD change from API=no at median hardware,29487,69
impact,cumulative_citations,M3_quantity,quantity,0,No API reported,0.896240625180289,0.021378233946724643,0.01359785927104946,0.02915860862239983,outcome-SD change from API=no at median hardware,29487,69
impact,cumulative_citations,M3_quantity,quantity,0,No API reported,0.9320902501875006,0.022233363304593627,0.014141773641891436,0.030324952967295815,outcome-SD change from API=no at median hardware,29487,69
impact,cumulative_citations,M3_quantity,quantity,0,No API reported,0.9679398751947121,0.023088492662462615,0.014685688012733417,0.03149129731219181,outcome-SD change from API=no at median hardware,29487,69
impact,cumulative_citations,M3_quantity,quantity,0,No API reported,1.0037895002019237,0.023943622020331602,0.015229602383575399,0.0326576416570878,outcome-SD change from API=no at median hardware,29487,69
impact,cumulative_citations,M3_quantity,quantity,0,No API reported,1.0396391252091353,0.024798751378200586,0.015773516754417374,0.033823986001983795,outcome-SD change from API=no at median hardware,29487,69
impact,cumulative_citations,M3_quantity,quantity,0,No API reported,1.0754887502163468,0.025653880736069574,0.016317431125259352,0.03499033034687979,outcome-SD change from API=no at median hardware,29487,69
impact,cumulative_citations,M3_quantity,quantity,0,No API reported,1.1113383752235584,0.026509010093938554,0.01686134549610133,0.03615667469177578,outcome-SD change from API=no at median hardware,29487,69
impact,cumulative_citations,M3_quantity,quantity,0,No API reported,1.14718800023077,0.027364139451807542,0.01740525986694331,0.037323019036671776,outcome-SD change from API=no at median hardware,29487,69
impact,cumulative_citations,M3_quantity,quantity,0,No API reported,1.1830376252379815,0.028219268809676526,0.01794917423778529,0.03848936338156776,outcome-SD change from API=no at median hardware,29487,69
impact,cumulative_citations,M3_quantity,quantity,0,No API reported,1.218887250245193,0.029074398167545513,0.018493088608627268,0.03965570772646376,outcome-SD change from API=no at median hardware,29487,69
impact,cumulative_citations,M3_quantity,quantity,0,No API reported,1.2547368752524046,0.0299295275254145,0.01903700297946925,0.040822052071359756,outcome-SD change from API=no at median hardware,29487,69
impact,cumulative_citations,M3_quantity,quantity,0,No API reported,1.2905865002596162,0.030784656883283485,0.019580917350311224,0.04198839641625575,outcome-SD change from API=no at median hardware,29487,69
impact,cumulative_citations,M3_quantity,quantity,0,No API reported,1.3264361252668277,0.031639786241152476,0.020124831721153202,0.04315474076115174,outcome-SD change from API=no at median hardware,29487,69
impact,cumulative_citations,M3_quantity,quantity,0,No API reported,1.3622857502740393,0.03249491559902146,0.02066874609199518,0.04432108510604773,outcome-SD change from API=no at median hardware,29487,69
impact,cumulative_citations,M3_quantity,quantity,0,No API reported,1.3981353752812509,0.033350044956890444,0.021212660462837162,0.04548742945094373,outcome-SD change from API=no at median hardware,29487,69
impact,cumulative_citations,M3_quantity,quantity,0,No API reported,1.4339850002884624,0.034205174314759425,0.021756574833679137,0.046653773795839716,outcome-SD change from API=no at median hardware,29487,69
impact,cumulative_citations,M3_quantity,quantity,0,No API reported,1.469834625295674,0.03506030367262841,0.022300489204521115,0.047820118140735716,outcome-SD change from API=no at median hardware,29487,69
impact,cumulative_citations,M3_quantity,quantity,0,No API reported,1.5056842503028856,0.0359154330304974,0.022844403575363093,0.0489864624856317,outcome-SD change from API=no at median hardware,29487,69
impact,cumulative_citations,M3_quantity,quantity,0,No API reported,1.5415338753100971,0.03677056238836639,0.023388317946205075,0.050152806830527696,outcome-SD change from API=no at median hardware,29487,69
impact,cumulative_citations,M3_quantity,quantity,0,No API reported,1.5773835003173087,0.037625691746235375,0.02393223231704705,0.05131915117542369,outcome-SD change from API=no at median hardware,29487,69
impact,cumulative_citations,M3_quantity,quantity,0,No API reported,1.6132331253245202,0.038480821104104355,0.024476146687889028,0.05248549552031968,outcome-SD change from API=no at median hardware,29487,69
impact,cumulative_citations,M3_quantity,quantity,0,No API reported,1.6490827503317318,0.03933595046197334,0.02502006105873101,0.05365183986521568,outcome-SD change from API=no at median hardware,29487,69
impact,cumulative_citations,M3_quantity,quantity,0,No API reported,1.6849323753389434,0.04019107981984233,0.02556397542957298,0.05481818421011167,outcome-SD change from API=no at median hardware,29487,69
impact,cumulative_citations,M3_quantity,quantity,0,No API reported,1.720782000346155,0.04104620917771131,0.026107889800414962,0.05598452855500766,outcome-SD change from API=no at median hardware,29487,69
impact,cumulative_citations,M3_quantity,quantity,0,No API reported,1.7566316253533665,0.0419013385355803,0.02665180417125694,0.05715087289990365,outcome-SD change from API=no at median hardware,29487,69
impact,cumulative_citations,M3_quantity,quantity,0,No API reported,1.792481250360578,0.042756467893449286,0.02719571854209892,0.05831721724479966,outcome-SD change from API=no at median hardware,29487,69
impact,cumulative_citations,M3_quantity,quantity,0,No API reported,1.8283308753677896,0.043611597251318274,0.027739632912940904,0.05948356158969564,outcome-SD change from API=no at median hardware,29487,69
impact,cumulative_citations,M3_quantity,quantity,0,No API reported,1.8641805003750012,0.044466726609187254,0.02828354728378287,0.06064990593459163,outcome-SD change from API=no at median hardware,29487,69
impact,cumulative_citations,M3_quantity,quantity,0,No API reported,1.9000301253822127,0.04532185596705624,0.028827461654624853,0.061816250279487624,outcome-SD change from API=no at median hardware,29487,69
impact,cumulative_citations,M3_quantity,quantity,0,No API reported,1.9358797503894243,0.04617698532492523,0.029371376025466835,0.06298259462438362,outcome-SD change from API=no at median hardware,29487,69
impact,cumulative_citations,M3_quantity,quantity,0,No API reported,1.9717293753966358,0.04703211468279422,0.029915290396308816,0.06414893896927962,outcome-SD change from API=no at median hardware,29487,69
impact,cumulative_citations,M3_quantity,quantity,0,No API reported,2.0075790004038474,0.047887244040663204,0.030459204767150798,0.0653152833141756,outcome-SD change from API=no at median hardware,29487,69
impact,cumulative_citations,M3_quantity,quantity,0,No API reported,2.043428625411059,0.048742373398532185,0.031003119137992766,0.0664816276590716,outcome-SD change from API=no at median hardware,29487,69
impact,cumulative_citations,M3_quantity,quantity,0,No API reported,2.0792782504182705,0.04959750275640117,0.03154703350883475,0.06764797200396759,outcome-SD change from API=no at median hardware,29487,69
impact,cumulative_citations,M3_quantity,quantity,0,No API reported,2.115127875425482,0.05045263211427016,0.03209094787967673,0.06881431634886359,outcome-SD change from API=no at median hardware,29487,69
impact,cumulative_citations,M3_quantity,quantity,0,No API reported,2.1509775004326936,0.05130776147213915,0.032634862250518704,0.06998066069375958,outcome-SD change from API=no at median hardware,29487,69
impact,cumulative_citations,M3_quantity,quantity,0,No API reported,2.186827125439905,0.052162890830008135,0.033178776621360685,0.07114700503865558,outcome-SD change from API=no at median hardware,29487,69
impact,cumulative_citations,M3_quantity,quantity,0,No API reported,2.2226767504471168,0.05301802018787711,0.03372269099220266,0.07231334938355156,outcome-SD change from API=no at median hardware,29487,69
impact,cumulative_citations,M3_quantity,quantity,0,No API reported,2.2585263754543283,0.053873149545746096,0.03426660536304464,0.07347969372844755,outcome-SD change from API=no at median hardware,29487,69
impact,cumulative_citations,M3_quantity,quantity,0,No API reported,2.29437600046154,0.054728278903615084,0.03481051973388662,0.07464603807334355,outcome-SD change from API=no at median hardware,29487,69
impact,cumulative_citations,M3_quantity,quantity,0,No API reported,2.3302256254687514,0.05558340826148407,0.035354434104728605,0.07581238241823954,outcome-SD change from API=no at median hardware,29487,69
impact,cumulative_citations,M3_quantity,quantity,0,No API reported,2.366075250475963,0.05643853761935305,0.03589834847557058,0.07697872676313552,outcome-SD change from API=no at median hardware,29487,69
impact,cumulative_citations,M3_quantity,quantity,0,No API reported,2.4019248754831746,0.05729366697722204,0.036442262846412554,0.07814507110803152,outcome-SD change from API=no at median hardware,29487,69
impact,cumulative_citations,M3_quantity,quantity,0,No API reported,2.437774500490386,0.05814879633509103,0.036986177217254536,0.07931141545292753,outcome-SD change from API=no at median hardware,29487,69
impact,cumulative_citations,M3_quantity,quantity,0,No API reported,2.4736241254975977,0.059003925692960014,0.03753009158809652,0.08047775979782351,outcome-SD change from API=no at median hardware,29487,69
impact,cumulative_citations,M3_quantity,quantity,0,No API reported,2.5094737505048093,0.059859055050829,0.0380740059589385,0.08164410414271951,outcome-SD change from API=no at median hardware,29487,69
impact,cumulative_citations,M3_quantity,quantity,0,No API reported,2.545323375512021,0.06071418440869798,0.03861792032978047,0.0828104484876155,outcome-SD change from API=no at median hardware,29487,69
impact,cumulative_citations,M3_quantity,quantity,0,No API reported,2.5811730005192324,0.06156931376656697,0.03916183470062245,0.0839767928325115,outcome-SD change from API=no at median hardware,29487,69
impact,cumulative_citations,M3_quantity,quantity,0,No API reported,2.617022625526444,0.06242444312443596,0.03970574907146443,0.08514313717740749,outcome-SD change from API=no at median hardware,29487,69
impact,cumulative_citations,M3_quantity,quantity,0,No API reported,2.6528722505336555,0.06327957248230495,0.040249663442306405,0.08630948152230349,outcome-SD change from API=no at median hardware,29487,69
impact,cumulative_citations,M3_quantity,quantity,0,No API reported,2.688721875540867,0.06413470184017392,0.04079357781314838,0.08747582586719947,outcome-SD change from API=no at median hardware,29487,69
impact,cumulative_citations,M3_quantity,quantity,0,No API reported,2.7245715005480786,0.06498983119804291,0.04133749218399036,0.08864217021209546,outcome-SD change from API=no at median hardware,29487,69
impact,cumulative_citations,M3_quantity,quantity,0,No API reported,2.76042112555529,0.0658449605559119,0.04188140655483234,0.08980851455699146,outcome-SD change from API=no at median hardware,29487,69
impact,cumulative_citations,M3_quantity,quantity,0,No API reported,2.7962707505625017,0.06670008991378089,0.042425320925674324,0.09097485890188746,outcome-SD change from API=no at median hardware,29487,69
impact,cumulative_citations,M3_quantity,quantity,0,No API reported,2.8321203755697133,0.06755521927164987,0.042969235296516306,0.09214120324678345,outcome-SD change from API=no at median hardware,29487,69
impact,cumulative_citations,M3_quantity,quantity,0,No API reported,2.867970000576925,0.06841034862951885,0.043513149667358274,0.09330754759167943,outcome-SD change from API=no at median hardware,29487,69
impact,cumulative_citations,M3_quantity,quantity,0,No API reported,2.9038196255841364,0.06926547798738784,0.04405706403820025,0.09447389193657543,outcome-SD change from API=no at median hardware,29487,69
impact,cumulative_citations,M3_quantity,quantity,0,No API reported,2.939669250591348,0.07012060734525682,0.04460097840904223,0.09564023628147143,outcome-SD change from API=no at median hardware,29487,69
impact,cumulative_citations,M3_quantity,quantity,0,No API reported,2.9755188755985595,0.07097573670312582,0.04514489277988421,0.09680658062636742,outcome-SD change from API=no at median hardware,29487,69
impact,cumulative_citations,M3_quantity,quantity,0,No API reported,3.011368500605771,0.0718308660609948,0.045688807150726186,0.0979729249712634,outcome-SD change from API=no at median hardware,29487,69
impact,cumulative_citations,M3_quantity,quantity,0,No API reported,3.0472181256129827,0.07268599541886378,0.04623272152156817,0.0991392693161594,outcome-SD change from API=no at median hardware,29487,69
impact,cumulative_citations,M3_quantity,quantity,0,No API reported,3.0830677506201942,0.07354112477673277,0.04677663589241015,0.10030561366105539,outcome-SD change from API=no at median hardware,29487,69
impact,cumulative_citations,M3_quantity,quantity,0,No API reported,3.118917375627406,0.07439625413460176,0.04732055026325212,0.1014719580059514,outcome-SD change from API=no at median hardware,29487,69
impact,cumulative_citations,M3_quantity,quantity,0,No API reported,3.1547670006346173,0.07525138349247075,0.0478644646340941,0.10263830235084738,outcome-SD change from API=no at median hardware,29487,69
impact,cumulative_citations,M3_quantity,quantity,0,No API reported,3.190616625641829,0.07610651285033973,0.048408379004936074,0.10380464669574338,outcome-SD change from API=no at median hardware,29487,69
impact,cumulative_citations,M3_quantity,quantity,0,No API reported,3.2264662506490405,0.07696164220820871,0.048952293375778055,0.10497099104063937,outcome-SD change from API=no at median hardware,29487,69
impact,cumulative_citations,M3_quantity,quantity,0,No API reported,3.262315875656252,0.0778167715660777,0.04949620774662004,0.10613733538553535,outcome-SD change from API=no at median hardware,29487,69
impact,cumulative_citations,M3_quantity,quantity,0,No API reported,3.2981655006634636,0.07867190092394669,0.05004012211746202,0.10730367973043135,outcome-SD change from API=no at median hardware,29487,69
impact,cumulative_citations,M3_quantity,quantity,0,No API reported,3.334015125670675,0.07952703028181567,0.05058403648830399,0.10847002407532734,outcome-SD change from API=no at median hardware,29487,69
impact,cumulative_citations,M3_quantity,quantity,0,No API reported,3.3698647506778867,0.08038215963968466,0.05112795085914596,0.10963636842022334,outcome-SD change from API=no at median hardware,29487,69
impact,cumulative_citations,M3_quantity,quantity,0,No API reported,3.4057143756850983,0.08123728899755363,0.051671865229987936,0.11080271276511933,outcome-SD change from API=no at median hardware,29487,69
impact,cumulative_citations,M3_quantity,quantity,0,No API reported,3.44156400069231,0.08209241835542262,0.052215779600829924,0.11196905711001531,outcome-SD change from API=no at median hardware,29487,69
impact,cumulative_citations,M3_quantity,quantity,0,No API reported,3.4774136256995214,0.0829475477132916,0.0527596939716719,0.11313540145491131,outcome-SD change from API=no at median hardware,29487,69
impact,cumulative_citations,M3_quantity,quantity,0,No API reported,3.513263250706733,0.0838026770711606,0.05330360834251388,0.1143017457998073,outcome-SD change from API=no at median hardware,29487,69
impact,cumulative_citations,M3_quantity,quantity,0,No API reported,3.5491128757139445,0.08465780642902958,0.05384752271335586,0.1154680901447033,outcome-SD change from API=no at median hardware,29487,69
impact,cumulative_citations,M3_quantity,quantity,0,No API reported,3.584962500721156,0.08551293578689857,0.05439143708419784,0.11663443448959931,outcome-SD change from API=no at median hardware,29487,69
impact,cumulative_citations,M3_quantity,quantity,1,API reported,0.0,0.09068365825337646,0.05230777761239137,0.12905953889436153,outcome-SD change from API=no at median hardware,29487,69
impact,cumulative_citations,M3_quantity,quantity,1,API reported,0.03584962500721156,0.09151969852458021,0.053078161380599356,0.12996123566856105,outcome-SD change from API=no at median hardware,29487,69
impact,cumulative_citations,M3_quantity,quantity,1,API reported,0.07169925001442312,0.09235573879578396,0.05384361228056335,0.13086786531100458,outcome-SD change from API=no at median hardware,29487,69
impact,cumulative_citations,M3_quantity,quantity,1,API reported,0.10754887502163468,0.09319177906698771,0.05460415738375835,0.13177940075021707,outcome-SD change from API=no at median hardware,29487,69
impact,cumulative_citations,M3_quantity,quantity,1,API reported,0.14339850002884624,0.09402781933819145,0.05535982542432153,0.13269581325206137,outcome-SD change from API=no at median hardware,29487,69
impact,cumulative_citations,M3_quantity,quantity,1,API reported,0.1792481250360578,0.09486385960939518,0.05611064674659496,0.1336170724721954,outcome-SD change from API=no at median hardware,29487,69
impact,cumulative_citations,M3_quantity,quantity,1,API reported,0.21509775004326936,0.09569989988059893,0.056856653250492155,0.13454314651070573,outcome-SD change from API=no at median hardware,29487,69
impact,cumulative_citations,M3_quantity,quantity,1,API reported,0.2509473750504809,0.0965359401518027,0.057597878334905914,0.13547400196869946,outcome-SD change from API=no at median hardware,29487,69
impact,cumulative_citations,M3_quantity,quantity,1,API reported,0.2867970000576925,0.09737198042300645,0.058334356839378536,0.13640960400663435,outcome-SD change from API=no at median hardware,29487,69
impact,cumulative_citations,M3_quantity,quantity,1,API reported,0.32264662506490405,0.0982080206942102,0.059066124984255855,0.13734991640416452,outcome-SD change from API=no at median hardware,29487,69
impact,cumulative_citations,M3_quantity,quantity,1,API reported,0.3584962500721156,0.09904406096541393,0.05979322030954724,0.13829490162128064,outcome-SD change from API=no at median hardware,29487,69
impact,cumulative_citations,M3_quantity,quantity,1,API reported,0.39434587507932717,0.09988010123661768,0.06051568161271229,0.13924452086052308,outcome-SD change from API=no at median hardware,29487,69
impact,cumulative_citations,M3_quantity,quantity,1,API reported,0.43019550008653873,0.10071614150782143,0.06123354888559167,0.1401987341300512,outcome-SD change from API=no at median hardware,29487,69
impact,cumulative_citations,M3_quantity,quantity,1,API reported,0.4660451250937503,0.10155218177902517,0.06194686325069654,0.14115750030735383,outcome-SD change from API=no at median hardware,29487,69
impact,cumulative_citations,M3_quantity,quantity,1,API reported,0.5018947501009619,0.10238822205022895,0.06265566689706563,0.14212077720339228,outcome-SD change from API=no at median hardware,29487,69
impact,cumulative_citations,M3_quantity,quantity,1,API reported,0.5377443751081734,0.10322426232143268,0.06336000301589267,0.14308852162697266,outcome-SD change from API=no at median hardware,29487,69
impact,cumulative_citations,M3_quantity,quantity,1,API reported,0.573594000115385,0.10406030259263642,0.0640599157361212,0.14406068944915162,outcome-SD change from API=no at median hardware,29487,69
impact,cumulative_citations,M3_quantity,quantity,1,API reported,0.6094436251225965,0.10489634286384017,0.06475545006019424,0.1450372356674861,outcome-SD change from API=no at median hardware,29487,69
impact,cumulative_citations,M3_quantity,quantity,1,API reported,0.6452932501298081,0.10573238313504392,0.0654466518001397,0.14601811446994814,outcome-SD change from API=no at median hardware,29487,69
impact,cumulative_citations,M3_quantity,quantity,1,API reported,0.6811428751370197,0.10656842340624767,0.06613356751416183,0.14700327929833354,outcome-SD change from API=no at median hardware,29487,69
impact,cumulative_citations,M3_quantity,quantity,1,API reported,0.7169925001442312,0.10740446367745143,0.06681624444390054,0.14799268291100232,outcome-SD change from API=no at median hardware,29487,69
impact,cumulative_citations,M3_quantity,quantity,1,API reported,0.7528421251514428,0.10824050394865518,0.06749473045250953,0.14898627744480084,outcome-SD change from API=no at median hardware,29487,69
impact,cumulative_citations,M3_quantity,quantity,1,API reported,0.7886917501586543,0.10907654421985893,0.0681690739636943,0.14998401447602358,outcome-SD change from API=no at median hardware,29487,69
impact,cumulative_citations,M3_quantity,quantity,1,API reported,0.8245413751658659,0.10991258449106267,0.06883932390184042,0.15098584508028493,outcome-SD change from API=no at median hardware,29487,69
impact,cumulative_citations,M3_quantity,quantity,1,API reported,0.8603910001730775,0.1107486247622664,0.06950552963335184,0.15199171989118096,outcome-SD change from API=no at median hardware,29487,69
impact,cumulative_citations,M3_quantity,quantity,1,API reported,0.896240625180289,0.11158466503347016,0.07016774090930795,0.15300158915763237,outcome-SD change from API=no at median hardware,29487,69
impact,cumulative_citations,M3_quantity,quantity,1,API reported,0.9320902501875006,0.1124207053046739,0.07082600780953761,0.15401540279981019,outcome-SD change from API=no at median hardware,29487,69
impact,cumulative_citations,M3_quantity,quantity,1,API reported,0.9679398751947121,0.11325674557587767,0.07148038068819795,0.1550331104635574,outcome-SD change from API=no at median hardware,29487,69
impact,cumulative_citations,M3_quantity,quantity,1,API reported,1.0037895002019237,0.11409278584708142,0.07213091012093453,0.1560546615732283,outcome-SD change from API=no at median hardware,29487,69
impact,cumulative_citations,M3_quantity,quantity,1,API reported,1.0396391252091353,0.11492882611828516,0.07277764685369036,0.15708000538287994,outcome-SD change from API=no at median hardware,29487,69
impact,cumulative_citations,M3_quantity,quantity,1,API reported,1.0754887502163468,0.11576486638948891,0.07342064175322013,0.15810909102575768,outcome-SD change from API=no at median hardware,29487,69
impact,cumulative_citations,M3_quantity,quantity,1,API reported,1.1113383752235584,0.11660090666069264,0.0740599457593572,0.15914186756202808,outcome-SD change from API=no at median hardware,29487,69
impact,cumulative_citations,M3_quantity,quantity,1,API reported,1.14718800023077,0.11743694693189641,0.07469560983907157,0.16017828402472126,outcome-SD change from API=no at median hardware,29487,69
impact,cumulative_citations,M3_quantity,quantity,1,API reported,1.1830376252379815,0.11827298720310014,0.07532768494234765,0.16121828946385267,outcome-SD change from API=no at median hardware,29487,69
impact,cumulative_citations,M3_quantity,quantity,1,API reported,1.218887250245193,0.1191090274743039,0.07595622195990337,0.16226183298870442,outcome-SD change from API=no at median hardware,29487,69
impact,cumulative_citations,M3_quantity,quantity,1,API reported,1.2547368752524046,0.11994506774550763,0.07658127168276269,0.16330886380825257,outcome-SD change from API=no at median hardware,29487,69
impact,cumulative_citations,M3_quantity,quantity,1,API reported,1.2905865002596162,0.1207811080167114,0.0772028847636878,0.16435933126973498,outcome-SD change from API=no at median hardware,29487,69
impact,cumulative_citations,M3_quantity,quantity,1,API reported,1.3264361252668277,0.12161714828791514,0.07782111168046889,0.1654131848953614,outcome-SD change from API=no at median hardware,29487,69
impact,cumulative_citations,M3_quantity,quantity,1,API reported,1.3622857502740393,0.1224531885591189,0.07843600270106393,0.16647037441717386,outcome-SD change from API=no at median hardware,29487,69
impact,cumulative_citations,M3_quantity,quantity,1,API reported,1.3981353752812509,0.12328922883032264,0.0790476078505743,0.16753084981007102,outcome-SD change from API=no at median hardware,29487,69
impact,cumulative_citations,M3_quantity,quantity,1,API reported,1.4339850002884624,0.12412526910152638,0.07965597688003674,0.16859456132301603,outcome-SD change from API=no at median hardware,29487,69
impact,cumulative_citations,M3_quantity,quantity,1,API reported,1.469834625295674,0.12496130937273016,0.08026115923700752,0.1696614595084528,outcome-SD change from API=no at median hardware,29487,69
impact,cumulative_citations,M3_quantity,quantity,1,API reported,1.5056842503028856,0.12579734964393388,0.08086320403790924,0.1707314952499585,outcome-SD change from API=no at median hardware,29487,69
impact,cumulative_citations,M3_quantity,quantity,1,API reported,1.5415338753100971,0.12663338991513762,0.0814621600421081,0.17180461978816716,outcome-SD change from API=no at median hardware,29487,69
impact,cumulative_citations,M3_quantity,quantity,1,API reported,1.5773835003173087,0.12746943018634138,0.08205807562768389,0.17288078474499888,outcome-SD change from API=no at median hardware,29487,69
impact,cumulative_citations,M3_quantity,quantity,1,API reported,1.6132331253245202,0.12830547045754512,0.08265099876885393,0.17395994214623633,outcome-SD change from API=no at median hardware,29487,69
impact,cumulative_citations,M3_quantity,quantity,1,API reported,1.6490827503317318,0.12914151072874888,0.08324097701500778,0.17504204444249,outcome-SD change from API=no at median hardware,29487,69
impact,cumulative_citations,M3_quantity,quantity,1,API reported,1.6849323753389434,0.12997755099995265,0.08382805747130777,0.17612704452859748,outcome-SD change from API=no at median hardware,29487,69
impact,cumulative_citations,M3_quantity,quantity,1,API reported,1.720782000346155,0.13081359127115638,0.08441228678080868,0.17721489576150407,outcome-SD change from API=no at median hardware,29487,69
impact,cumulative_citations,M3_quantity,quantity,1,API reported,1.7566316253533665,0.13164963154236012,0.08499371110804801,0.1783055519766722,outcome-SD change from API=no at median hardware,29487,69
impact,cumulative_citations,M3_quantity,quantity,1,API reported,1.792481250360578,0.13248567181356388,0.08557237612405666,0.1793989675030711,outcome-SD change from API=no at median hardware,29487,69
impact,cumulative_citations,M3_quantity,quantity,1,API reported,1.8283308753677896,0.13332171208476762,0.08614832699273944,0.1804950971767958,outcome-SD change from API=no at median hardware,29487,69
impact,cumulative_citations,M3_quantity,quantity,1,API reported,1.8641805003750012,0.13415775235597135,0.08672160835857409,0.18159389635336864,outcome-SD change from API=no at median hardware,29487,69
impact,cumulative_citations,M3_quantity,quantity,1,API reported,1.9000301253822127,0.13499379262717512,0.08729226433557624,0.182695320918774,outcome-SD change from API=no at median hardware,29487,69
impact,cumulative_citations,M3_quantity,quantity,1,API reported,1.9358797503894243,0.13582983289837885,0.0878603384974788,0.1837993272992789,outcome-SD change from API=no at median hardware,29487,69
impact,cumulative_citations,M3_quantity,quantity,1,API reported,1.9717293753966358,0.13666587316958262,0.08842587386907343,0.1849058724700918,outcome-SD change from API=no at median hardware,29487,69
impact,cumulative_citations,M3_quantity,quantity,1,API reported,2.0075790004038474,0.13750191344078636,0.0889889129186619,0.18601491396291084,outcome-SD change from API=no at median hardware,29487,69
impact,cumulative_citations,M3_quantity,quantity,1,API reported,2.043428625411059,0.13833795371199012,0.08954949755156683,0.1871264098724134,outcome-SD change from API=no at median hardware,29487,69
impact,cumulative_citations,M3_quantity,quantity,1,API reported,2.0792782504182705,0.13917399398319386,0.09010766910464994,0.18824031886173775,outcome-SD change from API=no at median hardware,29487,69
impact,cumulative_citations,M3_quantity,quantity,1,API reported,2.115127875425482,0.14001003425439762,0.09066346834178866,0.1893566001670066,outcome-SD change from API=no at median hardware,29487,69
impact,cumulative_citations,M3_quantity,quantity,1,API reported,2.1509775004326936,0.14084607452560136,0.09121693545026095,0.19047521360094177,outcome-SD change from API=no at median hardware,29487,69
impact,cumulative_citations,M3_quantity,quantity,1,API reported,2.186827125439905,0.14168211479680512,0.09176811003799144,0.19159611955561878,outcome-SD change from API=no at median hardware,29487,69
impact,cumulative_citations,M3_quantity,quantity,1,API reported,2.2226767504471168,0.14251815506800886,0.09231703113161034,0.19271927900440736,outcome-SD change from API=no at median hardware,29487,69
impact,cumulative_citations,M3_quantity,quantity,1,API reported,2.2585263754543283,0.1433541953392126,0.09286373717528042,0.19384465350314478,outcome-SD change from API=no at median hardware,29487,69
impact,cumulative_citations,M3_quantity,quantity,1,API reported,2.29437600046154,0.14419023561041636,0.09340826603024642,0.19497220519058628,outcome-SD change from API=no at median hardware,29487,69
impact,cumulative_citations,M3_quantity,quantity,1,API reported,2.3302256254687514,0.1450262758816201,0.09395065497506436,0.19610189678817586,outcome-SD change from API=no at median hardware,29487,69
impact,cumulative_citations,M3_quantity,quantity,1,API reported,2.366075250475963,0.14586231615282386,0.09449094070646792,0.19723369159917978,outcome-SD change from API=no at median hardware,29487,69
impact,cumulative_citations,M3_quantity,quantity,1,API reported,2.4019248754831746,0.14669835642402757,0.09502915934083203,0.19836755350722313,outcome-SD change from API=no at median hardware,29487,69
impact,cumulative_citations,M3_quantity,quantity,1,API reported,2.437774500490386,0.14753439669523136,0.09556534641619394,0.19950344697426875,outcome-SD change from API=no at median hardware,29487,69
impact,cumulative_citations,M3_quantity,quantity,1,API reported,2.4736241254975977,0.1483704369664351,0.0960995368947938,0.20064133703807638,outcome-SD change from API=no at median hardware,29487,69
impact,cumulative_citations,M3_quantity,quantity,1,API reported,2.5094737505048093,0.14920647723763886,0.09663176516609943,0.20178118930917827,outcome-SD change from API=no at median hardware,29487,69
impact,cumulative_citations,M3_quantity,quantity,1,API reported,2.545323375512021,0.1500425175088426,0.09716206505027891,0.20292296996740627,outcome-SD change from API=no at median hardware,29487,69
impact,cumulative_citations,M3_quantity,quantity,1,API reported,2.5811730005192324,0.15087855778004633,0.09769046980208905,0.20406664575800362,outcome-SD change from API=no at median hardware,29487,69
impact,cumulative_citations,M3_quantity,quantity,1,API reported,2.617022625526444,0.15171459805125007,0.09821701211514626,0.20521218398735389,outcome-SD change from API=no at median hardware,29487,69
impact,cumulative_citations,M3_quantity,quantity,1,API reported,2.6528722505336555,0.15255063832245383,0.0987417241265506,0.20635955251835705,outcome-SD change from API=no at median hardware,29487,69
impact,cumulative_citations,M3_quantity,quantity,1,API reported,2.688721875540867,0.1533866785936576,0.09926463742183265,0.20750871976548252,outcome-SD change from API=no at median hardware,29487,69
impact,cumulative_citations,M3_quantity,quantity,1,API reported,2.7245715005480786,0.15422271886486133,0.09978578304019607,0.20865965468952655,outcome-SD change from API=no at median hardware,29487,69
impact,cumulative_citations,M3_quantity,quantity,1,API reported,2.76042112555529,0.1550587591360651,0.10030519148002912,0.20981232679210107,outcome-SD change from API=no at median hardware,29487,69
impact,cumulative_citations,M3_quantity,quantity,1,API reported,2.7962707505625017,0.15589479940726883,0.10082289270465984,0.2109667061098778,outcome-SD change from API=no at median hardware,29487,69
impact,cumulative_citations,M3_quantity,quantity,1,API reported,2.8321203755697133,0.1567308396784726,0.10133891614833145,0.21212276320861373,outcome-SD change from API=no at median hardware,29487,69
impact,cumulative_citations,M3_quantity,quantity,1,API reported,2.867970000576925,0.1575668799496763,0.10185329072237458,0.21328046917697804,outcome-SD change from API=no at median hardware,29487,69
impact,cumulative_citations,M3_quantity,quantity,1,API reported,2.9038196255841364,0.15840292022088007,0.10236604482155576,0.21443979562020438,outcome-SD change from API=no at median hardware,29487,69
impact,cumulative_citations,M3_quantity,quantity,1,API reported,2.939669250591348,0.15923896049208383,0.10287720633058124,0.2156007146535864,outcome-SD change from API=no at median hardware,29487,69
impact,cumulative_citations,M3_quantity,quantity,1,API reported,2.9755188755985595,0.16007500076328757,0.10338680263073718,0.2167631988958379,outcome-SD change from API=no at median hardware,29487,69
impact,cumulative_citations,M3_quantity,quantity,1,API reported,3.011368500605771,0.16091104103449133,0.10389486060664878,0.21792722146233387,outcome-SD change from API=no at median hardware,29487,69
impact,cumulative_citations,M3_quantity,quantity,1,API reported,3.0472181256129827,0.16174708130569507,0.10440140665314017,0.21909275595824998,outcome-SD change from API=no at median hardware,29487,69
impact,cumulative_citations,M3_quantity,quantity,1,API reported,3.0830677506201942,0.1625831215768988,0.10490646668218051,0.22025977647161712,outcome-SD change from API=no at median hardware,29487,69
impact,cumulative_citations,M3_quantity,quantity,1,API reported,3.118917375627406,0.16341916184810257,0.10541006612990023,0.2214282575663049,outcome-SD change from API=no at median hardware,29487,69
impact,cumulative_citations,M3_quantity,quantity,1,API reported,3.1547670006346173,0.16425520211930633,0.1059122299636639,0.22259817427494874,outcome-SD change from API=no at median hardware,29487,69
impact,cumulative_citations,M3_quantity,quantity,1,API reported,3.190616625641829,0.16509124239051004,0.10641298268918668,0.2237695020918334,outcome-SD change from API=no at median hardware,29487,69
impact,cumulative_citations,M3_quantity,quantity,1,API reported,3.2264662506490405,0.16592728266171383,0.10691234835768193,0.2249422169657457,outcome-SD change from API=no at median hardware,29487,69
impact,cumulative_citations,M3_quantity,quantity,1,API reported,3.262315875656252,0.16676332293291754,0.10741035057302785,0.22611629529280725,outcome-SD change from API=no at median hardware,29487,69
impact,cumulative_citations,M3_quantity,quantity,1,API reported,3.2981655006634636,0.1675993632041213,0.10790701249894438,0.2272917139092982,outcome-SD change from API=no at median hardware,29487,69
impact,cumulative_citations,M3_quantity,quantity,1,API reported,3.334015125670675,0.16843540347532504,0.10840235686616811,0.228468450084482,outcome-SD change from API=no at median hardware,29487,69
impact,cumulative_citations,M3_quantity,quantity,1,API reported,3.3698647506778867,0.1692714437465288,0.10889640597961753,0.22964648151344008,outcome-SD change from API=no at median hardware,29487,69
impact,cumulative_citations,M3_quantity,quantity,1,API reported,3.4057143756850983,0.17010748401773257,0.1093891817255399,0.23082578630992523,outcome-SD change from API=no at median hardware,29487,69
impact,cumulative_citations,M3_quantity,quantity,1,API reported,3.44156400069231,0.17094352428893628,0.10988070557863115,0.2320063429992414,outcome-SD change from API=no at median hardware,29487,69
impact,cumulative_citations,M3_quantity,quantity,1,API reported,3.4774136256995214,0.17177956456014004,0.11037099860912253,0.23318813051115753,outcome-SD change from API=no at median hardware,29487,69
impact,cumulative_citations,M3_quantity,quantity,1,API reported,3.513263250706733,0.17261560483134378,0.11086008148982628,0.2343711281728613,outcome-SD change from API=no at median hardware,29487,69
impact,cumulative_citations,M3_quantity,quantity,1,API reported,3.5491128757139445,0.17345164510254757,0.11134797450313502,0.23555531570196012,outcome-SD change from API=no at median hardware,29487,69
impact,cumulative_citations,M3_quantity,quantity,1,API reported,3.584962500721156,0.17428768537375128,0.11183469754796878,0.2367406731995338,outcome-SD change from API=no at median hardware,29487,69
