specification,family,panel,outcome,outcome_label,model,resource,resource_label,ksc_z,estimate,standard_error,ci_low,ci_high,marginal_association,marginal_standard_error,marginal_ci_low,marginal_ci_high,marginal_unit,grid_quantile_low,grid_quantile_high,grid_value_low,grid_value_high,n,clusters,sample_sha256
venue_year_topic,impact,a,cumulative_citations,Cumulative Citations,M3_quantity,quantity,GPU Count,-1.2492117265811236,0.05558880553744243,0.009138181975896869,0.03735384731478805,0.0738237637600968,5.716289482296808,0.9660546911058205,3.806027069851155,7.661704983512031,percent_change_in_1_plus_outcome,0.05,0.95,-1.2492117265811236,1.8855148952490899,29239,69,1b6b84deb2b845abca82df6d98abdae1d2e8d682005decb2759a2810247007cc
venue_year_topic,impact,a,cumulative_citations,Cumulative Citations,M3_quantity,quantity,GPU Count,-1.2178644603628215,0.055094532380046246,0.009008427843889248,0.037118494496537716,0.07307057026355478,5.664049669538324,0.9518669671411656,3.7815989035605435,7.58064541809267,percent_change_in_1_plus_outcome,0.05,0.95,-1.2492117265811236,1.8855148952490899,29239,69,1b6b84deb2b845abca82df6d98abdae1d2e8d682005decb2759a2810247007cc
venue_year_topic,impact,a,cumulative_citations,Cumulative Citations,M3_quantity,quantity,GPU Count,-1.1865171941445194,0.05460025922265005,0.008879618091482711,0.03688125719813394,0.07231926124716616,5.611835671136833,0.9377927667001257,3.756980957675587,7.499849464365954,percent_change_in_1_plus_outcome,0.05,0.95,-1.2492117265811236,1.8855148952490899,29239,69,1b6b84deb2b845abca82df6d98abdae1d2e8d682005decb2759a2810247007cc
venue_year_topic,impact,a,cumulative_citations,Cumulative Citations,M3_quantity,quantity,GPU Count,-1.155169927926217,0.05410598606525385,0.008751794417186135,0.036642052211497765,0.07156991991900993,5.559647474336149,0.9238363334460316,3.732164738632198,7.419325558105097,percent_change_in_1_plus_outcome,0.05,0.95,-1.2492117265811236,1.8855148952490899,29239,69,1b6b84deb2b845abca82df6d98abdae1d2e8d682005decb2759a2810247007cc
venue_year_topic,impact,a,cumulative_citations,Cumulative Citations,M3_quantity,quantity,GPU Count,-1.123822661707915,0.05361171290785767,0.00862500066254311,0.03640079205219108,0.07082263376352427,5.5074850663863835,0.9100021286008397,3.70714131874064,7.339082569255455,percent_change_in_1_plus_outcome,0.05,0.95,-1.2492117265811236,1.8855148952490899,29239,69,1b6b84deb2b845abca82df6d98abdae1d2e8d682005decb2759a2810247007cc
venue_year_topic,impact,a,cumulative_citations,Cumulative Citations,M3_quantity,quantity,GPU Count,-1.092475395489613,0.05311743975046147,0.008499282921230658,0.036157384741713414,0.07007749475920953,5.4553484345439465,0.8962948419021475,3.6819013143203314,7.259129823799676,percent_change_in_1_plus_outcome,0.05,0.95,-1.2492117265811236,1.8855148952490899,29239,69,1b6b84deb2b845abca82df6d98abdae1d2e8d682005decb2759a2810247007cc
venue_year_topic,impact,a,cumulative_citations,Cumulative Citations,M3_quantity,quantity,GPU Count,-1.0611281292713106,0.05262316659306528,0.008374689651530529,0.035911733583069094,0.06933459960306147,5.403237566071554,0.8827194028823933,3.6564348631916985,7.1794771262658195,percent_change_in_1_plus_outcome,0.05,0.95,-1.2492117265811236,1.8855148952490899,29239,69,1b6b84deb2b845abca82df6d98abdae1d2e8d682005decb2759a2810247007cc
venue_year_topic,impact,a,cumulative_citations,Cumulative Citations,M3_quantity,quantity,GPU Count,-1.0297808630530085,0.052128893435669094,0.008251271791781995,0.03566373693038467,0.06859404994095353,5.351152448238205,0.8692809924278726,3.6307316016095776,7.100134782793918,percent_change_in_1_plus_outcome,0.05,0.95,-1.2492117265811236,1.8855148952490899,29239,69,1b6b84deb2b845abca82df6d98abdae1d2e8d682005decb2759a2810247007cc
venue_year_topic,impact,a,cumulative_citations,Cumulative Citations,M3_quantity,quantity,GPU Count,-0.9984335968347064,0.051634620278272904,0.00812908287830413,0.03541328795359873,0.06785595260294708,5.2990930683191975,0.8559850545626266,3.6047806407478205,7.021113624651322,percent_change_in_1_plus_outcome,0.05,0.95,-1.2492117265811236,1.8855148952490899,29239,69,1b6b84deb2b845abca82df6d98abdae1d2e8d682005decb2759a2810247007cc
venue_year_topic,impact,a,cumulative_citations,Cumulative Citations,M3_quantity,quantity,GPU Count,-0.9670863306164044,0.051140347120876714,0.008008179165134409,0.03516027439952722,0.0671204198422262,5.247059413596114,0.8428373083876236,3.5785705428739356,6.942425032058032,percent_change_in_1_plus_outcome,0.05,0.95,-1.2492117265811236,1.8855148952490899,29239,69,1b6b84deb2b845abca82df6d98abdae1d2e8d682005decb2759a2810247007cc
venue_year_topic,impact,a,cumulative_citations,Cumulative Citations,M3_quantity,quantity,GPU Count,-0.9357390643981022,0.05064607396348052,0.007888619744766737,0.03490457835093447,0.06638756957602657,5.195051471356821,0.8298437600886986,3.5520892973864333,6.864080958149314,percent_change_in_1_plus_outcome,0.05,0.95,-1.2492117265811236,1.8855148952490899,29239,69,1b6b84deb2b845abca82df6d98abdae1d2e8d682005decb2759a2810247007cc
venue_year_topic,impact,a,cumulative_citations,Cumulative Citations,M3_quantity,quantity,GPU Count,-0.9043917981798,0.05015180080608433,0.007770466668883522,0.034646075985616115,0.06565752562655254,5.143069228895471,0.8170107149072449,3.525324296926409,6.786093952864078,percent_change_in_1_plus_outcome,0.05,0.95,-1.2492117265811236,1.8855148952490899,29239,69,1b6b84deb2b845abca82df6d98abdae1d2e8d682005decb2759a2810247007cc
venue_year_topic,impact,a,cumulative_citations,Cumulative Citations,M3_quantity,quantity,GPU Count,-0.8730445319614979,0.04965752764868814,0.007653785067860952,0.03438463733792995,0.06493041795944632,5.091112673512493,0.8043447889454228,3.498262313819224,6.708477186503156,percent_change_in_1_plus_outcome,0.05,0.95,-1.2492117265811236,1.8855148952490899,29239,69,1b6b84deb2b845abca82df6d98abdae1d2e8d682005decb2759a2810247007cc
venue_year_topic,impact,a,cumulative_citations,Cumulative Citations,M3_quantity,quantity,GPU Count,-0.8416972657431958,0.04916325449129195,0.007538643267582579,0.034120126065698156,0.06420638291688574,5.039181792514587,0.7918529206525228,3.470889477152339,6.631244472651436,percent_change_in_1_plus_outcome,0.05,0.95,-1.2492117265811236,1.8855148952490899,29239,69,1b6b84deb2b845abca82df6d98abdae1d2e8d682005decb2759a2810247007cc
venue_year_topic,impact,a,cumulative_citations,Cumulative Citations,M3_quantity,quantity,GPU Count,-0.8103499995248936,0.04866898133389576,0.007425112901821786,0.0338523992259515,0.06348556344184002,4.987276573214732,0.779542381810909,3.4431912508515876,6.554410290101549,percent_change_in_1_plus_outcome,0.05,0.95,-1.2492117265811236,1.8855148952490899,29239,69,1b6b84deb2b845abca82df6d98abdae1d2e8d682005decb2759a2810247007cc
venue_year_topic,impact,a,cumulative_citations,Cumulative Citations,M3_quantity,quantity,GPU Count,-0.7790027333065914,0.04817470817649956,0.0073132690181483065,0.03358130706359618,0.06276810928940295,4.935397002932173,0.7674207878086365,3.4151524131807434,6.4779898033542676,percent_change_in_1_plus_outcome,0.05,0.95,-1.2492117265811236,1.8855148952490899,29239,69,1b6b84deb2b845abca82df6d98abdae1d2e8d682005decb2759a2810247007cc
venue_year_topic,impact,a,cumulative_citations,Cumulative Citations,M3_quantity,quantity,GPU Count,-0.7476554670882893,0.04768043501910337,0.007203190174977391,0.03330669281775529,0.06205417722045145,4.883543068992423,0.7554961069513841,3.386757038157975,6.401998881202007,percent_change_in_1_plus_outcome,0.05,0.95,-1.2492117265811236,1.8855148952490899,29239,69,1b6b84deb2b845abca82df6d98abdae1d2e8d682005decb2759a2810247007cc
venue_year_topic,impact,a,cumulative_citations,Cumulative Citations,M3_quantity,quantity,GPU Count,-0.7163082008699873,0.04718616186170718,0.007094958527014029,0.03302839255126744,0.061343931172146926,4.831714758727255,0.7437766685289344,3.3579884794573958,6.326454112827245,percent_change_in_1_plus_outcome,0.05,0.95,-1.2492117265811236,1.8855148952490899,29239,69,1b6b84deb2b845abca82df6d98abdae1d2e8d682005decb2759a2810247007cc
venue_year_topic,impact,a,cumulative_citations,Cumulative Citations,M3_quantity,quantity,GPU Count,-0.6849609346516851,0.04669188870431099,0.006988659895951633,0.032746235009609784,0.0606375423990122,4.779912059474705,0.7322711693113897,3.328829357443898,6.2513728207676476,percent_change_in_1_plus_outcome,0.05,0.95,-1.2492117265811236,1.8855148952490899,29239,69,1b6b84deb2b845abca82df6d98abdae1d2e8d682005decb2759a2810247007cc
venue_year_topic,impact,a,cumulative_citations,Cumulative Citations,M3_quantity,quantity,GPU Count,-0.6536136684333829,0.0461976155469148,0.006884383822869818,0.03246004151633987,0.059935189577489736,4.728134958579065,0.7209886781081688,3.2992615500734566,6.176773070015726,percent_change_in_1_plus_outcome,0.05,0.95,-1.2492117265811236,1.8855148952490899,29239,69,1b6b84deb2b845abca82df6d98abdae1d2e8d682005decb2759a2810247007cc
venue_year_topic,impact,a,cumulative_citations,Cumulative Citations,M3_quantity,quantity,GPU Count,-0.6222664022150808,0.045703342389518606,0.006782223598347076,0.0321696259130067,0.05923705886603051,4.676383443390879,0.7099386379793928,3.2692661884778595,6.102673672434076,percent_change_in_1_plus_outcome,0.05,0.95,-1.2492117265811236,1.8855148952490899,29239,69,1b6b84deb2b845abca82df6d98abdae1d2e8d682005decb2759a2810247007cc
venue_year_topic,impact,a,cumulative_citations,Cumulative Citations,M3_quantity,quantity,GPU Count,-0.5909191359967787,0.045209069232122416,0.006682276265871955,0.031874794552343905,0.05854334391190093,4.624657501266947,0.6991308656456984,3.2388236581397023,6.029094185580336,percent_change_in_1_plus_outcome,0.05,0.95,-1.2492117265811236,1.8855148952490899,29239,69,1b6b84deb2b845abca82df6d98abdae1d2e8d682005decb2759a2810247007cc
venue_year_topic,impact,a,cumulative_citations,Cumulative Citations,M3_quantity,quantity,GPU Count,-0.5595718697784765,0.044714796074726226,0.006584642593715368,0.031575346354397585,0.05785424579505487,4.572957119570309,0.6885755476002934,3.207913606647756,5.95605490495179,percent_change_in_1_plus_outcome,0.05,0.95,-1.2492117265811236,1.8855148952490899,29239,69,1b6b84deb2b845abca82df6d98abdae1d2e8d682005decb2759a2810247007cc
venue_year_topic,impact,a,cumulative_citations,Cumulative Citations,M3_quantity,quantity,GPU Count,-0.5282246035601743,0.04422052291733004,0.00648942701003571,0.03127107293602212,0.057169972898637955,4.521282285670257,0.6782832323881955,3.176514959100419,5.883576848581877,percent_change_in_1_plus_outcome,0.05,0.95,-1.2492117265811236,1.8855148952490899,29239,69,1b6b84deb2b845abca82df6d98abdae1d2e8d682005decb2759a2810247007cc
venue_year_topic,impact,a,cumulative_citations,Cumulative Citations,M3_quantity,quantity,GPU Count,-0.4968773373418722,0.04372624975993385,0.006396737495650947,0.030961758824850038,0.05649074069501765,4.46963298694232,0.668264818484467,3.1446059422910073,5.811681732854866,percent_change_in_1_plus_outcome,0.05,0.95,-1.2492117265811236,1.8855148952490899,29239,69,1b6b84deb2b845abca82df6d98abdae1d2e8d682005decb2759a2810247007cc
venue_year_topic,impact,a,cumulative_citations,Cumulative Citations,M3_quantity,quantity,GPU Count,-0.46553007112357014,0.04323197660253765,0.006306685428656468,0.030647181769352362,0.05581677143572294,4.418009210768264,0.6585315371788691,3.1121641188573923,5.740391938356165,percent_change_in_1_plus_outcome,0.05,0.95,-1.2492117265811236,1.8855148952490899,29239,69,1b6b84deb2b845abca82df6d98abdae1d2e8d682005decb2759a2810247007cc
venue_year_topic,impact,a,cumulative_citations,Cumulative Citations,M3_quantity,quantity,GPU Count,-0.43418280490526795,0.04273770344514146,0.006219385374927674,0.03032711315688414,0.05514829373339878,4.366410944536097,0.6490949298621392,3.079166432602802,5.669730464551513,percent_change_in_1_plus_outcome,0.05,0.95,-1.2492117265811236,1.8855148952490899,29239,69,1b6b84deb2b845abca82df6d98abdae1d2e8d682005decb2759a2810247007cc
venue_year_topic,impact,a,cumulative_citations,Cumulative Citations,M3_quantity,quantity,GPU Count,-0.40283553868696576,0.04224343028774527,0.006134954818560281,0.030001318551582418,0.05448554202390812,4.314838175640054,0.6399668191129788,3.0455892661868975,5.599720872095839,percent_change_in_1_plus_outcome,0.05,0.95,-1.2492117265811236,1.8855148952490899,29239,69,1b6b84deb2b845abca82df6d98abdae1d2e8d682005decb2759a2810247007cc
venue_year_topic,impact,a,cumulative_citations,Cumulative Citations,M3_quantity,quantity,GPU Count,-0.37148827246866367,0.04174915713034908,0.006053513826511273,0.02966955836356485,0.05382875589713331,4.263290891480597,0.6311592730091445,3.011408512337736,5.530387211621273,percent_change_in_1_plus_outcome,0.05,0.95,-1.2492117265811236,1.8855148952490899,29239,69,1b6b84deb2b845abca82df6d98abdae1d2e8d682005decb2759a2810247007cc
venue_year_topic,impact,a,cumulative_citations,Cumulative Citations,M3_quantity,quantity,GPU Count,-0.3401410062503616,0.04125488397295289,0.0059751846421533805,0.029331588659979074,0.053178179285926705,4.211769079464422,0.6226845621352504,2.976599659637015,5.461753937951866,percent_change_in_1_plus_outcome,0.05,0.95,-1.2492117265811236,1.8855148952490899,29239,69,1b6b84deb2b845abca82df6d98abdae1d2e8d682005decb2759a2810247007cc
venue_year_topic,impact,a,cumulative_citations,Cumulative Citations,M3_quantity,quantity,GPU Count,-0.3087937400320594,0.040760610815556694,0.005900091203190291,0.028987162126987945,0.052534059504125444,4.160272727004439,0.6145551088385004,2.9411378937741337,5.393845808849494,percent_change_in_1_plus_outcome,0.05,0.95,-1.2492117265811236,1.8855148952490899,29239,69,1b6b84deb2b845abca82df6d98abdae1d2e8d682005decb2759a2810247007cc
venue_year_topic,impact,a,cumulative_citations,Cumulative Citations,M3_quantity,quantity,GPU Count,-0.2774464738137572,0.040266337658160505,0.005828358580438976,0.02863602918966198,0.05189664612665903,4.108801821519785,0.6067834283956757,2.9049982149409255,5.326687767619079,percent_change_in_1_plus_outcome,0.05,0.95,-1.2492117265811236,1.8855148952490899,29239,69,1b6b84deb2b845abca82df6d98abdae1d2e8d682005decb2759a2810247007cc
venue_year_topic,impact,a,cumulative_citations,Cumulative Citations,M3_quantity,quantity,GPU Count,-0.24609920759545512,0.039772064500764315,0.0057601123354032915,0.02827793929392125,0.05126618970760738,4.057356350435812,0.5993820619036013,2.8681555717417577,5.260304809198459,percent_change_in_1_plus_outcome,0.05,0.95,-1.2492117265811236,1.8855148952490899,29239,69,1b6b84deb2b845abca82df6d98abdae1d2e8d682005decb2759a2810247007cc
venue_year_topic,impact,a,cumulative_citations,Cumulative Citations,M3_quantity,quantity,GPU Count,-0.21475194137715303,0.039277791343368125,0.005695477796359937,0.02791264235108336,0.05064294033565289,4.005936301184082,0.5923635008930199,2.830585011619195,5.19472182973269,percent_change_in_1_plus_outcome,0.05,0.95,-1.2492117265811236,1.8855148952490899,29239,69,1b6b84deb2b845abca82df6d98abdae1d2e8d682005decb2759a2810247007cc
venue_year_topic,impact,a,cumulative_citations,Cumulative Citations,M3_quantity,quantity,GPU Count,-0.18340467515885095,0.038783518185971935,0.0056345792548573035,0.027539890341225066,0.050027146030718804,3.9545416612023723,0.5857401038924102,2.7922618473431955,5.129963460084806,percent_change_in_1_plus_outcome,0.05,0.95,-1.2492117265811236,1.8855148952490899,29239,69,1b6b84deb2b845abca82df6d98abdae1d2e8d682005decb2759a2810247007cc
venue_year_topic,impact,a,cumulative_citations,Cumulative Citations,M3_quantity,quantity,GPU Count,-0.15205740894054864,0.03828924502857574,0.005577539087069034,0.027159439066493908,0.04941905099065757,3.9031724179346647,0.5795240054315037,2.7531618385865833,5.0660538842603176,percent_change_in_1_plus_outcome,0.05,0.95,-1.2492117265811236,1.8855148952490899,29239,69,1b6b84deb2b845abca82df6d98abdae1d2e8d682005decb2759a2810247007cc
venue_year_topic,impact,a,cumulative_citations,Cumulative Citations,M3_quantity,quantity,GPU Count,-0.12071014272224656,0.03779497187117955,0.005524476807297937,0.02677105003981178,0.048818893702547314,3.8518285588311483,0.5737270182687442,2.713261387021925,5.003016644310292,percent_change_in_1_plus_outcome,0.05,0.95,-1.2492117265811236,1.8855148952490899,29239,69,1b6b84deb2b845abca82df6d98abdae1d2e8d682005decb2759a2810247007cc
venue_year_topic,impact,a,cumulative_citations,Cumulative Citations,M3_quantity,quantity,GPU Count,-0.08936287650394448,0.03730069871378336,0.00547550806400996,0.026374492488257913,0.048226904939308805,3.8005100713482114,0.5683605299440142,2.672537742742185,4.940874433910669,percent_change_in_1_plus_outcome,0.05,0.95,-1.2492117265811236,1.8855148952490899,29239,69,1b6b84deb2b845abca82df6d98abdae1d2e8d682005decb2759a2810247007cc
venue_year_topic,impact,a,cumulative_citations,Cumulative Citations,M3_quantity,quantity,GPU Count,-0.05801561028564217,0.03680642555638717,0.005430743591975112,0.02596954544403912,0.04764330566873522,3.7492169429484425,0.563435395085353,2.63096921915424,4.879648883468699,percent_change_in_1_plus_outcome,0.05,0.95,-1.2492117265811236,1.8855148952490899,29239,69,1b6b84deb2b845abca82df6d98abdae1d2e8d682005decb2759a2810247007cc
venue_year_topic,impact,a,cumulative_citations,Cumulative Citations,M3_quantity,quantity,GPU Count,-0.02666834406734009,0.03631215239899097,0.005390288137251545,0.02555599988965067,0.04706830490833128,3.6979491611006243,0.5589618252203945,2.588535412851809,4.819360340249982,percent_change_in_1_plus_outcome,0.05,0.95,-1.2492117265811236,1.8855148952490899,29239,69,1b6b84deb2b845abca82df6d98abdae1d2e8d682005decb2759a2810247007cc
venue_year_topic,impact,a,cumulative_citations,Cumulative Citations,M3_quantity,quantity,GPU Count,0.004678922150961995,0.03581787924159478,0.005354239374690497,0.025133660917961542,0.04650209756522802,3.646706713279732,0.5549492781412402,2.545217424379692,4.7600276476142,percent_change_in_1_plus_outcome,0.05,0.95,-1.2492117265811236,1.8855148952490899,29239,69,1b6b84deb2b845abca82df6d98abdae1d2e8d682005decb2759a2810247007cc
venue_year_topic,impact,a,cumulative_citations,Cumulative Citations,M3_quantity,quantity,GPU Count,0.03602618836926408,0.03532360608419859,0.0053226868401637885,0.024702349862921268,0.04594486230547592,3.5954895869669303,0.5514063491248736,2.500998075295609,4.701667927953228,percent_change_in_1_plus_outcome,0.05,0.95,-1.2492117265811236,1.8855148952490899,29239,69,1b6b84deb2b845abca82df6d98abdae1d2e8d682005decb2759a2810247007cc
venue_year_topic,impact,a,cumulative_citations,Cumulative Citations,M3_quantity,quantity,GPU Count,0.06737345458756616,0.0348293329268024,0.005295710901616026,0.024261906352793298,0.04539675950081151,3.5442977696495714,0.5483406664989092,2.4558621165614167,4.6442963742998895,percent_change_in_1_plus_outcome,0.05,0.95,-1.2492117265811236,1.8855148952490899,29239,69,1b6b84deb2b845abca82df6d98abdae1d2e8d682005decb2759a2810247007cc
venue_year_topic,impact,a,cumulative_citations,Cumulative Citations,M3_quantity,quantity,GPU Count,0.09872072080586847,0.03433505976940621,0.005273381794125305,0.0238121902356614,0.04485792930315102,3.493131248821187,0.5457587941445543,2.4097964230917337,4.587926055779288,percent_change_in_1_plus_outcome,0.05,0.95,-1.2492117265811236,1.8855148952490899,29239,69,1b6b84deb2b845abca82df6d98abdae1d2e8d682005decb2759a2810247007cc
venue_year_topic,impact,a,cumulative_citations,Cumulative Citations,M3_quantity,quantity,GPU Count,0.13006798702417055,0.033840786612010024,0.005255758744254247,0.023353083326759946,0.0443284898972601,3.4419900119814932,0.5436661435285322,2.3627901692883038,4.532567742074418,percent_change_in_1_plus_outcome,0.05,0.95,-1.2492117265811236,1.8855148952490899,29239,69,1b6b84deb2b845abca82df6d98abdae1d2e8d682005decb2759a2810247007cc
venue_year_topic,impact,a,cumulative_citations,Cumulative Citations,M3_quantity,quantity,GPU Count,0.16141525324247263,0.03334651345461383,0.005242889207972363,0.022884490929176157,0.043808535980051494,3.390874046636378,0.5420668977419397,2.3148349806154243,4.478229751850686,percent_change_in_1_plus_outcome,0.05,0.95,-1.2492117265811236,1.8855148952490899,29239,69,1b6b84deb2b845abca82df6d98abdae1d2e8d682005decb2759a2810247007cc
venue_year_topic,impact,a,cumulative_citations,Cumulative Citations,M3_quantity,quantity,GPU Count,0.19276251946077494,0.03285224029721764,0.005234808244283312,0.022406343083757482,0.04329813751067779,3.3397833402979105,0.5409639497922428,2.2659250567342752,4.424917829621563,percent_change_in_1_plus_outcome,0.05,0.95,-1.2492117265811236,1.8855148952490899,29239,69,1b6b84deb2b845abca82df6d98abdae1d2e8d682005decb2759a2810247007cc
venue_year_topic,impact,a,cumulative_citations,Cumulative Citations,M3_quantity,quantity,GPU Count,0.22410978567907702,0.03235796713982145,0.005231538043428083,0.021918595510567435,0.04279733876907546,3.288717880484324,0.5403588570486643,2.216057262404269,4.3726350548471755,percent_change_in_1_plus_outcome,0.05,0.95,-1.2492117265811236,1.8855148952490899,29239,69,1b6b84deb2b845abca82df6d98abdae1d2e8d682005decb2759a2810247007cc
venue_year_topic,impact,a,cumulative_citations,Cumulative Citations,M3_quantity,quantity,GPU Count,0.2554570518973791,0.03186369398242526,0.005233087624273981,0.02142123021273652,0.04230615775211399,3.2376776547200232,0.5402518132937019,2.1652311832525957,4.321381786164747,percent_change_in_1_plus_outcome,0.05,0.95,-1.2492117265811236,1.8855148952490899,29239,69,1b6b84deb2b845abca82df6d98abdae1d2e8d682005decb2759a2810247007cc
venue_year_topic,impact,a,cumulative_citations,Cumulative Citations,M3_quantity,quantity,GPU Count,0.2868043181156812,0.03136942082502907,0.005239452710436367,0.02091425572365741,0.041824585926400724,3.1866626505355775,0.5406416393052317,2.1134491445672188,4.2711556425955495,percent_change_in_1_plus_outcome,0.05,0.95,-1.2492117265811236,1.8855148952490899,29239,69,1b6b84deb2b845abca82df6d98abdae1d2e8d682005decb2759a2810247007cc
venue_year_topic,impact,a,cumulative_citations,Cumulative Citations,M3_quantity,quantity,GPU Count,0.3181515843339833,0.030875147667632875,0.00525061578908073,0.020397706989647286,0.04135258834561846,3.1356728554677145,0.5415257923123836,2.060716192428548,4.2219515224132,percent_change_in_1_plus_outcome,0.05,0.95,-1.2492117265811236,1.8855148952490899,29239,69,1b6b84deb2b845abca82df6d98abdae1d2e8d682005decb2759a2810247007cc
venue_year_topic,impact,a,cumulative_citations,Cumulative Citations,M3_quantity,quantity,GPU Count,0.3494988505522856,0.03038087451023668,0.005266546350528405,0.019871644891822023,0.040890104128651336,3.084708257059327,0.5429003940665011,2.0070400376959587,4.173761659157109,percent_change_in_1_plus_outcome,0.05,0.95,-1.2492117265811236,1.8855148952490899,29239,69,1b6b84deb2b845abca82df6d98abdae1d2e8d682005decb2759a2810247007cc
venue_year_topic,impact,a,cumulative_citations,Cumulative Citations,M3_quantity,quantity,GPU Count,0.38084611677058766,0.02988660135284049,0.005287201301072206,0.01933615542233546,0.040437047283345524,3.033768842859458,0.5447602766803394,1.9524309645390097,4.12657571310122,percent_change_in_1_plus_outcome,0.05,0.95,-1.2492117265811236,1.8855148952490899,29239,69,1b6b84deb2b845abca82df6d98abdae1d2e8d682005decb2759a2810247007cc
venue_year_topic,impact,a,cumulative_citations,Cumulative Citations,M3_quantity,quantity,GPU Count,0.41219338298888974,0.029392328195444302,0.005312525536120325,0.01879134854068852,0.03999330785020008,2.9828546004233063,0.5470990448473153,1.8969017062834006,4.08038089540802,percent_change_in_1_plus_outcome,0.05,0.95,-1.2492117265811236,1.8855148952490899,29239,69,1b6b84deb2b845abca82df6d98abdae1d2e8d682005decb2759a2810247007cc
venue_year_topic,impact,a,cumulative_citations,Cumulative Citations,M3_quantity,quantity,GPU Count,0.44354064920719205,0.02889805503804811,0.0053424526562129504,0.01823735674494032,0.039558753331155896,2.931965517312217,0.5499091525871844,1.840467292270482,4.035162121268987,percent_change_in_1_plus_outcome,0.05,0.95,-1.2492117265811236,1.8855148952490899,29239,69,1b6b84deb2b845abca82df6d98abdae1d2e8d682005decb2759a2810247007cc
venue_year_topic,impact,a,cumulative_citations,Cumulative Citations,M3_quantity,quantity,GPU Count,0.47488791542549413,0.028403781880651915,0.005376905804819201,0.01767433339991042,0.039133230361393406,2.8811015810936853,0.5531819922975766,1.783144870161345,3.9909021876004758,percent_change_in_1_plus_outcome,0.05,0.95,-1.2492117265811236,1.8855148952490899,29239,69,1b6b84deb2b845abca82df6d98abdae1d2e8d682005decb2759a2810247007cc
venue_year_topic,impact,a,cumulative_citations,Cumulative Citations,M3_quantity,quantity,GPU Count,0.5062351816437962,0.027909508723255726,0.005415798604268386,0.017102450869557053,0.038716566576954395,2.830262779341349,0.5569079936369082,1.7249535086231695,3.9475819703573243,percent_change_in_1_plus_outcome,0.05,0.95,-1.2492117265811236,1.8855148952490899,29239,69,1b6b84deb2b845abca82df6d98abdae1d2e8d682005decb2759a2810247007cc
venue_year_topic,impact,a,cumulative_citations,Cumulative Citations,M3_quantity,quantity,GPU Count,0.5375824478620983,0.027415235565859536,0.0054590361647609284,0.016521898503527175,0.0383085726281919,2.7794490996349843,0.5610767296291125,1.6659139856050762,3.905180636256965,percent_change_in_1_plus_outcome,0.05,0.95,-1.2492117265811236,1.8855148952490899,29239,69,1b6b84deb2b845abca82df6d98abdae1d2e8d682005decb2759a2810247007cc
venue_year_topic,impact,a,cumulative_citations,Cumulative Citations,M3_quantity,quantity,GPU Count,0.5689297140804004,0.026920962408463346,0.005506516141120026,0.015932880528441384,0.03790904428848531,2.728660529560508,0.5656770273616647,1.606048567448539,3.8636758636689814,percent_change_in_1_plus_outcome,0.05,0.95,-1.2492117265811236,1.8855148952490899,29239,69,1b6b84deb2b845abca82df6d98abdae1d2e8d682005decb2759a2810247007cc
venue_year_topic,impact,a,cumulative_citations,Cumulative Citations,M3_quantity,quantity,GPU Count,0.6002769802987027,0.026426689251067153,0.005558129812692251,0.01533561389298579,0.03751776460914852,2.677897056709969,0.5706970807354457,1.545380783903689,3.823044067598766,percent_change_in_1_plus_outcome,0.05,0.95,-1.2492117265811236,1.8855148952490899,29239,69,1b6b84deb2b845abca82df6d98abdae1d2e8d682005decb2759a2810247007cc
venue_year_topic,impact,a,cumulative_citations,Cumulative Citations,M3_quantity,quantity,GPU Count,0.6316242465170048,0.02593241609367096,0.005613763163434736,0.014730326112631628,0.03713450607471029,2.6271586686815476,0.5761245629022164,1.4839352037691895,3.7832606240476103,percent_change_in_1_plus_outcome,0.05,0.95,-1.2492117265811236,1.8855148952490899,29239,69,1b6b84deb2b845abca82df6d98abdae1d2e8d682005decb2759a2810247007cc
venue_year_topic,impact,a,cumulative_citations,Cumulative Citations,M3_quantity,quantity,GPU Count,0.6629715127353069,0.02543814293627477,0.005673297941551325,0.014117253155164218,0.03675903271738532,2.5764453530795546,0.5819467362732782,1.4217372153788659,3.74430008952604,percent_change_in_1_plus_outcome,0.05,0.95,-1.2492117265811236,1.8855148952490899,29239,69,1b6b84deb2b845abca82df6d98abdae1d2e8d682005decb2759a2810247007cc
venue_year_topic,impact,a,cumulative_citations,Cumulative Citations,M3_quantity,quantity,GPU Count,0.6943187789536092,0.02494386977887858,0.0057366126808561495,0.01349663740258367,0.036391102155173494,2.525757097514424,0.5881505582799785,1.358812815565474,3.7061364120900024,percent_change_in_1_plus_outcome,0.05,0.95,-1.2492117265811236,1.8855148952490899,29239,69,1b6b84deb2b845abca82df6d98abdae1d2e8d682005decb2759a2810247007cc
venue_year_topic,impact,a,cumulative_citations,Cumulative Citations,M3_quantity,quantity,GPU Count,0.7256660451719112,0.02444959662148239,0.005803583669146505,0.012868725718746924,0.03603046752421786,2.4750938896027135,0.5947227813919531,1.2951884100829976,3.668743130918544,percent_change_in_1_plus_outcome,0.05,0.95,-1.2492117265811236,1.8855148952490899,29239,69,1b6b84deb2b845abca82df6d98abdae1d2e8d682005decb2759a2810247007cc
venue_year_topic,impact,a,cumulative_citations,Cumulative Citations,M3_quantity,quantity,GPU Count,0.7570133113902133,0.023955323464086197,0.005874085852069561,0.012233767645729789,0.035676879282442606,2.424455716967099,0.6016500462329617,1.2308906278024456,3.632093562117971,percent_change_in_1_plus_outcome,0.05,0.95,-1.2492117265811236,1.8855148952490899,29239,69,1b6b84deb2b845abca82df6d98abdae1d2e8d682005decb2759a2810247007cc
venue_year_topic,impact,a,cumulative_citations,Cumulative Citations,M3_quantity,quantity,GPU Count,0.7883605776085156,0.023461050306690004,0.00594799366410716,0.011592013745622609,0.0353300868677574,2.373842567236373,0.6089189669602258,1.1659461503455177,3.5961609690881517,percent_change_in_1_plus_outcome,0.05,0.95,-1.2492117265811236,1.8855148952490899,29239,69,1b6b84deb2b845abca82df6d98abdae1d2e8d682005decb2759a2810247007cc
venue_year_topic,impact,a,cumulative_citations,Cumulative Citations,M3_quantity,quantity,GPU Count,0.8197078438268175,0.022966777149293818,0.006025181781250205,0.01094371409859191,0.03498984019999572,2.323254428045443,0.6165162083780888,1.1003815582120493,3.5609187163950318,percent_change_in_1_plus_outcome,0.05,0.95,-1.2492117265811236,1.8855148952490899,29239,69,1b6b84deb2b845abca82df6d98abdae1d2e8d682005decb2759a2810247007cc
venue_year_topic,impact,a,cumulative_citations,Cumulative Citations,M3_quantity,quantity,GPU Count,0.8510551100451198,0.022472503991897624,0.00610552579259438,0.010289116962731968,0.034655891021063284,2.2726912870353226,0.6244285545310367,1.0342231939099797,3.5263404066406325,percent_change_in_1_plus_outcome,0.05,0.95,-1.2492117265811236,1.8855148952490899,29239,69,1b6b84deb2b845abca82df6d98abdae1d2e8d682005decb2759a2810247007cc
venue_year_topic,impact,a,cumulative_citations,Cumulative Citations,M3_quantity,quantity,GPU Count,0.8824023762634217,0.021978230834501435,0.006188902790401252,0.009628467596616272,0.0343279940723866,2.222153131853137,0.63264296875855,0.9674970421228,3.4924000002955644,percent_change_in_1_plus_outcome,0.05,0.95,-1.2492117265811236,1.8855148952490899,29239,69,1b6b84deb2b845abca82df6d98abdae1d2e8d682005decb2759a2810247007cc
venue_year_topic,impact,a,cumulative_citations,Cumulative Citations,M3_quantity,quantity,GPU Count,0.913749642481724,0.021483957677105245,0.006275191880103186,0.00896200724159851,0.03400590811261198,2.1716399501521133,0.6411466453920207,0.9002286265547934,3.4590719188537595,percent_change_in_1_plus_outcome,0.05,0.95,-1.2492117265811236,1.8855148952490899,29239,69,1b6b84deb2b845abca82df6d98abdae1d2e8d682005decb2759a2810247007cc
venue_year_topic,impact,a,cumulative_citations,Cumulative Citations,M3_quantity,quantity,GPU Count,0.9450969087000263,0.020989684519709048,0.006364274613281929,0.008289972257817276,0.03368939678160082,2.121151729591579,0.6499270534317516,0.8324429227795697,3.42633113198389,percent_change_in_1_plus_outcome,0.05,0.95,-1.2492117265811236,1.8855148952490899,29239,69,1b6b84deb2b845abca82df6d98abdae1d2e8d682005decb2759a2810247007cc
venue_year_topic,impact,a,cumulative_citations,Cumulative Citations,M3_quantity,quantity,GPU Count,0.9764441749183281,0.020495411362312862,0.006456035347834775,0.0076125934054957056,0.033378229319130016,2.070688457836963,0.6589719726616263,0.7641642861787658,3.3941532295906387,percent_change_in_1_plus_outcome,0.05,0.95,-1.2492117265811236,1.8855148952490899,29239,69,1b6b84deb2b845abca82df6d98abdae1d2e8d682005decb2759a2810247007cc
venue_year_topic,impact,a,cumulative_citations,Cumulative Citations,M3_quantity,quantity,GPU Count,1.0077914411366304,0.02000113820491667,0.006550361540388032,0.006930095261439418,0.03307218114839392,2.020250122559786,0.6682695227435832,0.695416393889099,3.362514479867608,percent_change_in_1_plus_outcome,0.05,0.95,-1.2492117265811236,1.8855148952490899,29239,69,1b6b84deb2b845abca82df6d98abdae1d2e8d682005decb2759a2810247007cc
venue_year_topic,impact,a,cumulative_citations,Cumulative Citations,M3_quantity,quantity,GPU Count,1.0391387073549327,0.019506865047520475,0.006647143976564117,0.006242695759545756,0.03277103433549519,1.9698367114376627,0.6778081858876595,0.6262221995689451,3.331391874530708,percent_change_in_1_plus_outcome,0.05,0.95,-1.2492117265811236,1.8855148952490899,29239,69,1b6b84deb2b845abca82df6d98abdae1d2e8d682005decb2759a2810247007cc
venue_year_topic,impact,a,cumulative_citations,Cumulative Citations,M3_quantity,quantity,GPU Count,1.0704859735732346,0.01901259189012429,0.006746276944999064,0.005550605843557217,0.03247457793669136,1.919448212154296,0.6875768237206827,0.5566038997411045,3.3007631624753557,percent_change_in_1_plus_outcome,0.05,0.95,-1.2492117265811236,1.8855148952490899,29239,69,1b6b84deb2b845abca82df6d98abdae1d2e8d682005decb2759a2810247007cc
venue_year_topic,impact,a,cumulative_citations,Cumulative Citations,M3_quantity,quantity,GPU Count,1.101833239791537,0.018518318732728092,0.006847658361086259,0.0048540292201346615,0.03218260824532152,1.8690846123994749,0.6975646889823008,0.4865829104572182,3.270606873112014,percent_change_in_1_plus_outcome,0.05,0.95,-1.2492117265811236,1.8855148952490899,29239,69,1b6b84deb2b845abca82df6d98abdae1d2e8d682005decb2759a2810247007cc
venue_year_topic,impact,a,cumulative_citations,Cumulative Citations,M3_quantity,quantity,GPU Count,1.1331805060098392,0.0180240455753319,0.006951189846332682,0.004153162200504445,0.03189492895015936,1.8187458998690724,0.7077614326654973,0.4161798530523668,3.2409023306115734,percent_change_in_1_plus_outcome,0.05,0.95,-1.2492117265811236,1.8855148952490899,29239,69,1b6b84deb2b845abca82df6d98abdae1d2e8d682005decb2759a2810247007cc
venue_year_topic,impact,a,cumulative_citations,Cumulative Citations,M3_quantity,quantity,GPU Count,1.164527772228141,0.017529772417935713,0.007056776768995736,0.0034481936193688483,0.031611351216502576,1.7684320622650411,0.7181571071941129,0.3454145478074689,3.2116296602429046,percent_change_in_1_plus_outcome,0.05,0.95,-1.2492117265811236,1.8855148952490899,29239,69,1b6b84deb2b845abca82df6d98abdae1d2e8d682005decb2759a2810247007cc
venue_year_topic,impact,a,cumulative_citations,Cumulative Citations,M3_quantity,quantity,GPU Count,1.1958750384464434,0.01703549926053952,0.007164328251357039,0.0027393048203914507,0.031331693700687585,1.7181430872954107,0.7287421661958882,0.27430601440501295,3.1827697879170955,percent_change_in_1_plus_outcome,0.05,0.95,-1.2492117265811236,1.8855148952490899,29239,69,1b6b84deb2b845abca82df6d98abdae1d2e8d682005decb2759a2810247007cc
venue_year_topic,impact,a,cumulative_citations,Cumulative Citations,M3_quantity,quantity,GPU Count,1.2272223046647452,0.016541226103143333,0.007273757148614644,0.0020266696983170848,0.03105578250796958,1.6678789626742845,0.7395074613892404,0.20287247814405165,3.154304433972424,percent_change_in_1_plus_outcome,0.05,0.95,-1.2492117265811236,1.8855148952490899,29239,69,1b6b84deb2b845abca82df6d98abdae1d2e8d682005decb2759a2810247007cc
venue_year_topic,impact,a,cumulative_citations,Cumulative Citations,M3_quantity,quantity,GPU Count,1.2585695708830476,0.01604695294574714,0.007384980003962641,0.001310454788609047,0.03078345110288523,1.617639676121838,0.7504442370580404,0.13113138096806523,3.1262161021464547,percent_change_in_1_plus_outcome,0.05,0.95,-1.2492117265811236,1.8855148952490899,29239,69,1b6b84deb2b845abca82df6d98abdae1d2e8d682005decb2759a2810247007cc
venue_year_topic,impact,a,cumulative_citations,Cumulative Citations,M3_quantity,quantity,GPU Count,1.2899168371013499,0.015552679788350947,0.0074979169839968765,0.0005908193963450256,0.030514540180356868,1.5674252153643127,0.7615441225431127,0.059099396450229935,3.098488064590738,percent_change_in_1_plus_outcome,0.05,0.95,-1.2492117265811236,1.8855148952490899,29239,69,1b6b84deb2b845abca82df6d98abdae1d2e8d682005decb2759a2810247007cc
venue_year_topic,impact,a,cumulative_citations,Cumulative Citations,M3_quantity,quantity,GPU Count,1.3212641033196517,0.015058406630954757,0.007612491798154196,-0.00013208424302644552,0.030248897504935958,1.5172355681340182,0.7727991231337076,-0.01320755202868673,3.071104343692881,percent_change_in_1_plus_outcome,0.05,0.95,-1.2492117265811236,1.8855148952490899,29239,69,1b6b84deb2b845abca82df6d98abdae1d2e8d682005decb2759a2810247007cc
venue_year_topic,impact,a,cumulative_citations,Cumulative Citations,M3_quantity,quantity,GPU Count,1.352611369537954,0.014564133473558564,0.00772863160547172,-0.0008581107776270049,0.029986377724744134,1.4670707221693235,0.784201609697992,-0.08577427058633091,3.0440496913825115,percent_change_in_1_plus_outcome,0.05,0.95,-1.2492117265811236,1.8855148952490899,29239,69,1b6b84deb2b845abca82df6d98abdae1d2e8d682005decb2759a2810247007cc
venue_year_topic,impact,a,cumulative_citations,Cumulative Citations,M3_quantity,quantity,GPU Count,1.3839586357562559,0.014069860316162378,0.007846266911551197,-0.0015871215335440288,0.029726842165868784,1.4169306652146592,0.7957443073495557,-0.15858627222131702,3.0173095665138034,percent_change_in_1_plus_outcome,0.05,0.95,-1.2492117265811236,1.8855148952490899,29239,69,1b6b84deb2b845abca82df6d98abdae1d2e8d682005decb2759a2810247007cc
venue_year_topic,impact,a,cumulative_citations,Cumulative Citations,M3_quantity,quantity,GPU Count,1.4153059019745582,0.013575587158766184,0.007965331458237338,-0.0023189842946871944,0.029470158612219563,1.3668153850205091,0.8074202834076404,-0.23162975278656667,2.9908701108387747,percent_change_in_1_plus_outcome,0.05,0.95,-1.2492117265811236,1.8855148952490899,29239,69,1b6b84deb2b845abca82df6d98abdae1d2e8d682005decb2759a2810247007cc
venue_year_topic,impact,a,cumulative_citations,Cumulative Citations,M3_quantity,quantity,GPU Count,1.4466531681928605,0.013081314001369991,0.008085762108171551,-0.003053573072419012,0.029216201075158994,1.3167248693434117,0.8192229348725792,-0.3048915659953872,2.964718124013338,percent_change_in_1_plus_outcome,0.05,0.95,-1.2492117265811236,1.8855148952490899,29239,69,1b6b84deb2b845abca82df6d98abdae1d2e8d682005decb2759a2810247007cc
venue_year_topic,impact,a,cumulative_citations,Cumulative Citations,M3_quantity,quantity,GPU Count,1.4780004344111624,0.012587040843973805,0.008207498726066041,-0.003790767868641,0.02896484955658861,1.2666591059459569,0.8311459756050156,-0.3783591978365771,2.9388410380123644,percent_change_in_1_plus_outcome,0.05,0.95,-1.2492117265811236,1.8855148952490899,29239,69,1b6b84deb2b845abca82df6d98abdae1d2e8d682005decb2759a2810247007cc
venue_year_topic,impact,a,cumulative_citations,Cumulative Citations,M3_quantity,quantity,GPU Count,1.5093477006294647,0.012092767686577608,0.008330484058257596,-0.004530454435447022,0.028715989808602238,1.2166180825967783,0.84318342336782,-0.45202074071565834,2.91322689127088,percent_change_in_1_plus_outcome,0.05,0.95,-1.2492117265811236,1.8855148952490899,29239,69,1b6b84deb2b845abca82df6d98abdae1d2e8d682005decb2759a2810247007cc
venue_year_topic,impact,a,cumulative_citations,Cumulative Citations,M3_quantity,quantity,GPU Count,1.540694966847767,0.011598494529181415,0.008454663611845685,-0.005272524033947075,0.028469513092309905,1.1666017870705572,0.855329586863228,-0.525864867586669,2.887864302815831,percent_change_in_1_plus_outcome,0.05,0.95,-1.2492117265811236,1.8855148952490899,29239,69,1b6b84deb2b845abca82df6d98abdae1d2e8d682005decb2759a2810247007cc
venue_year_topic,impact,a,cumulative_citations,Cumulative Citations,M3_quantity,quantity,GPU Count,1.5720422330660688,0.011104221371785229,0.008579985534494006,-0.006016873194415042,0.0282253159379855,1.116610207148015,0.867579052874399,-0.5998808062924269,2.8627424466063056,percent_change_in_1_plus_outcome,0.05,0.95,-1.2492117265811236,1.8855148952490899,29239,69,1b6b84deb2b845abca82df6d98abdae1d2e8d682005decb2759a2810247007cc
venue_year_topic,impact,a,cumulative_citations,Cumulative Citations,M3_quantity,quantity,GPU Count,1.6033894992843711,0.010609948214389035,0.008706400495776695,-0.006763403479518745,0.027983299908296816,1.0666433306159093,0.8799266736001607,-0.6740583142903772,2.8378510262593464,percent_change_in_1_plus_outcome,0.05,0.95,-1.2492117265811236,1.8855148952490899,29239,69,1b6b84deb2b845abca82df6d98abdae1d2e8d682005decb2759a2810247007cc
venue_year_topic,impact,a,cumulative_citations,Cumulative Citations,M3_quantity,quantity,GPU Count,1.6347367655026734,0.010115675056992842,0.00883386157077811,-0.007512021252046912,0.027743371366032596,1.0167011452670354,0.8923675542539516,-0.7483876539057106,2.8131802503030356,percent_change_in_1_plus_outcome,0.05,0.95,-1.2492117265811236,1.8855148952490899,29239,69,1b6b84deb2b845abca82df6d98abdae1d2e8d682005decb2759a2810247007cc
venue_year_topic,impact,a,cumulative_citations,Cumulative Citations,M3_quantity,quantity,GPU Count,1.6660840317209753,0.009621401899596656,0.008962324126506209,-0.008262637448250596,0.027505441247443908,0.9667836389002198,0.9048970409826477,-0.8228595682228846,2.788720808067986,percent_change_in_1_plus_outcome,0.05,0.95,-1.2492117265811236,1.8855148952490899,29239,69,1b6b84deb2b845abca82df6d98abdae1d2e8d682005decb2759a2810247007cc
venue_year_topic,impact,a,cumulative_citations,Cumulative Citations,M3_quantity,quantity,GPU Count,1.6974312979392776,0.009127128742200463,0.009091745711551528,-0.009015167357661127,0.027269424842062052,0.9168907993203175,0.9175107091478343,-0.8974652577004588,2.7644638463021276,percent_change_in_1_plus_outcome,0.05,0.95,-1.2492117265811236,1.8855148952490899,29239,69,1b6b84deb2b845abca82df6d98abdae1d2e8d682005decb2759a2810247007cc
venue_year_topic,impact,a,cumulative_citations,Cumulative Citations,M3_quantity,quantity,GPU Count,1.7287785641575795,0.008632855584804273,0.009222085949314897,-0.0097695304100293,0.027035241579637846,0.8670226143382112,0.9302043520009166,-0.972196357571884,2.7404009465714783,percent_change_in_1_plus_outcome,0.05,0.95,-1.2492117265811236,1.8855148952490899,29239,69,1b6b84deb2b845abca82df6d98abdae1d2e8d682005decb2759a2810247007cc
venue_year_topic,impact,a,cumulative_citations,Cumulative Citations,M3_quantity,quantity,GPU Count,1.7601258303758818,0.00813858242740808,0.009353306435034741,-0.010525649969846576,0.026802814824662735,0.8171790717708054,0.9429739697740438,-1.047044916076099,2.716524103490693,percent_change_in_1_plus_outcome,0.05,0.95,-1.2492117265811236,1.8855148952490899,29239,69,1b6b84deb2b845abca82df6d98abdae1d2e8d682005decb2759a2810247007cc
venue_year_topic,impact,a,cumulative_citations,Cumulative Citations,M3_quantity,quantity,GPU Count,1.791473096594184,0.007644309270011886,0.009485370636767373,-0.01128345313875432,0.026572071678778092,0.7673601594410262,0.9558157592009244,-1.1220033735460064,2.6928257038115118,percent_change_in_1_plus_outcome,0.05,0.95,-1.2492117265811236,1.8855148952490899,29239,69,1b6b84deb2b845abca82df6d98abdae1d2e8d682005decb2759a2810247007cc
venue_year_topic,impact,a,cumulative_citations,Cumulative Citations,M3_quantity,quantity,GPU Count,1.822820362812486,0.0071500361126157,0.00961824380040922,-0.012042870566018604,0.026342942791250004,0.7175658651778172,0.9687261034750538,-1.1970645423698496,2.6692985063841,percent_change_in_1_plus_outcome,0.05,0.95,-1.2492117265811236,1.8855148952490899,29239,69,1b6b84deb2b845abca82df6d98abdae1d2e8d682005decb2759a2810247007cc
venue_year_topic,impact,a,cumulative_citations,Cumulative Citations,M3_quantity,quantity,GPU Count,1.8541676290307882,0.006655762955219507,0.009751892858796567,-0.0128038362671416,0.026115362177580613,0.6677961768161339,0.9817015626474817,-1.2722215878297205,2.645935622995516,percent_change_in_1_plus_outcome,0.05,0.95,-1.2492117265811236,1.8855148952490899,29239,69,1b6b84deb2b845abca82df6d98abdae1d2e8d682005decb2759a2810247007cc
venue_year_topic,impact,a,cumulative_citations,Cumulative Citations,M3_quantity,quantity,GPU Count,1.8855148952490899,0.006161489797823324,0.009886286344874897,-0.013566287450593639,0.025889267046240286,0.6180510821969466,0.9947388644618484,-1.347468009812663,2.6227305000807926,percent_change_in_1_plus_outcome,0.05,0.95,-1.2492117265811236,1.8855148952490899,29239,69,1b6b84deb2b845abca82df6d98abdae1d2e8d682005decb2759a2810247007cc
venue_year_topic,impact,b,top10,Top Cited (10%),M3_quantity,quantity,GPU Count,-1.2492117265811236,0.016044213282544396,0.0029913131007494043,0.01007514092581989,0.022013285639268902,1.6044213282544395,0.2991313100749404,1.007514092581989,2.2013285639268902,percentage_points,0.05,0.95,-1.2492117265811236,1.8855148952490899,29239,69,1b6b84deb2b845abca82df6d98abdae1d2e8d682005decb2759a2810247007cc
venue_year_topic,impact,b,top10,Top Cited (10%),M3_quantity,quantity,GPU Count,-1.2178644603628215,0.015855870346681372,0.0029514969019479903,0.009966249977632721,0.021745490715730023,1.585587034668137,0.29514969019479903,0.9966249977632722,2.1745490715730025,percentage_points,0.05,0.95,-1.2492117265811236,1.8855148952490899,29239,69,1b6b84deb2b845abca82df6d98abdae1d2e8d682005decb2759a2810247007cc
venue_year_topic,impact,b,top10,Top Cited (10%),M3_quantity,quantity,GPU Count,-1.1865171941445194,0.015667527410818352,0.002912015480003282,0.00985669099262904,0.021478363829007665,1.5667527410818352,0.2912015480003282,0.9856690992629039,2.1478363829007665,percentage_points,0.05,0.95,-1.2492117265811236,1.8855148952490899,29239,69,1b6b84deb2b845abca82df6d98abdae1d2e8d682005decb2759a2810247007cc
venue_year_topic,impact,b,top10,Top Cited (10%),M3_quantity,quantity,GPU Count,-1.155169927926217,0.015479184474955332,0.002872882637252259,0.009746436428674215,0.02121193252123645,1.5479184474955332,0.2872882637252259,0.9746436428674214,2.121193252123645,percentage_points,0.05,0.95,-1.2492117265811236,1.8855148952490899,29239,69,1b6b84deb2b845abca82df6d98abdae1d2e8d682005decb2759a2810247007cc
venue_year_topic,impact,b,top10,Top Cited (10%),M3_quantity,quantity,GPU Count,-1.123822661707915,0.015290841539092312,0.002834112813059643,0.009635457472464559,0.020946225605720063,1.5290841539092312,0.28341128130596427,0.9635457472464559,2.0946225605720064,percentage_points,0.05,0.95,-1.2492117265811236,1.8855148952490899,29239,69,1b6b84deb2b845abca82df6d98abdae1d2e8d682005decb2759a2810247007cc
venue_year_topic,impact,b,top10,Top Cited (10%),M3_quantity,quantity,GPU Count,-1.092475395489613,0.015102498603229292,0.00279572111000879,0.009523723987264195,0.02068127321919439,1.5102498603229293,0.279572111000879,0.9523723987264195,2.0681273219194387,percentage_points,0.05,0.95,-1.2492117265811236,1.8855148952490899,29239,69,1b6b84deb2b845abca82df6d98abdae1d2e8d682005decb2759a2810247007cc
venue_year_topic,impact,b,top10,Top Cited (10%),M3_quantity,quantity,GPU Count,-1.0611281292713106,0.014914155667366268,0.002757723320209138,0.00941120446040938,0.020417106874323156,1.491415566736627,0.2757723320209138,0.941120446040938,2.0417106874323157,percentage_points,0.05,0.95,-1.2492117265811236,1.8855148952490899,29239,69,1b6b84deb2b845abca82df6d98abdae1d2e8d682005decb2759a2810247007cc
venue_year_topic,impact,b,top10,Top Cited (10%),M3_quantity,quantity,GPU Count,-1.0297808630530085,0.014725812731503248,0.00272013595152493,0.009297865950969895,0.0201537595120366,1.4725812731503247,0.27201359515249296,0.9297865950969896,2.01537595120366,percentage_points,0.05,0.95,-1.2492117265811236,1.8855148952490899,29239,69,1b6b84deb2b845abca82df6d98abdae1d2e8d682005decb2759a2810247007cc
venue_year_topic,impact,b,top10,Top Cited (10%),M3_quantity,quantity,GPU Count,-0.9984335968347064,0.014537469795640228,0.002682976253493153,0.009183674038030602,0.019891265553249854,1.4537469795640228,0.2682976253493153,0.9183674038030603,1.9891265553249853,percentage_points,0.05,0.95,-1.2492117265811236,1.8855148952490899,29239,69,1b6b84deb2b845abca82df6d98abdae1d2e8d682005decb2759a2810247007cc
venue_year_topic,impact,b,top10,Top Cited (10%),M3_quantity,quantity,GPU Count,-0.9670863306164044,0.014349126859777208,0.0026462622426574552,0.009068592770138394,0.01962966094941602,1.4349126859777208,0.2646262242657455,0.9068592770138394,1.9629660949416021,percentage_points,0.05,0.95,-1.2492117265811236,1.8855148952490899,29239,69,1b6b84deb2b845abca82df6d98abdae1d2e8d682005decb2759a2810247007cc
venue_year_topic,impact,b,top10,Top Cited (10%),M3_quantity,quantity,GPU Count,-0.9357390643981022,0.014160783923914186,0.0026100127269991173,0.008952584616550966,0.019368983231277406,1.4160783923914186,0.26100127269991175,0.8952584616550966,1.9368983231277406,percentage_points,0.05,0.95,-1.2492117265811236,1.8855148952490899,29239,69,1b6b84deb2b845abca82df6d98abdae1d2e8d682005decb2759a2810247007cc
venue_year_topic,impact,b,top10,Top Cited (10%),M3_quantity,quantity,GPU Count,-0.9043917981798,0.013972440988051164,0.002574247329095801,0.008835610421024237,0.01910927155507809,1.3972440988051165,0.2574247329095801,0.8835610421024237,1.9109271555078091,percentage_points,0.05,0.95,-1.2492117265811236,1.8855148952490899,29239,69,1b6b84deb2b845abca82df6d98abdae1d2e8d682005decb2759a2810247007cc
venue_year_topic,impact,b,top10,Top Cited (10%),M3_quantity,quantity,GPU Count,-0.8730445319614979,0.013784098052188144,0.0025389865075838734,0.008717629358984963,0.018850566745391324,1.3784098052188145,0.25389865075838736,0.8717629358984963,1.8850566745391324,percentage_points,0.05,0.95,-1.2492117265811236,1.8855148952490899,29239,69,1b6b84deb2b845abca82df6d98abdae1d2e8d682005decb2759a2810247007cc
venue_year_topic,impact,b,top10,Top Cited (10%),M3_quantity,quantity,GPU Count,-0.8416972657431958,0.013595755116325124,0.0025042515764406815,0.008598598899053535,0.018592911333596713,1.3595755116325123,0.25042515764406814,0.8598598899053536,1.8592911333596713,percentage_points,0.05,0.95,-1.2492117265811236,1.8855148952490899,29239,69,1b6b84deb2b845abca82df6d98abdae1d2e8d682005decb2759a2810247007cc
venue_year_topic,impact,b,top10,Top Cited (10%),M3_quantity,quantity,GPU Count,-0.8103499995248936,0.013407412180462104,0.002470064721539683,0.008478474770008758,0.01833634959091545,1.3407412180462104,0.24700647215396832,0.8478474770008758,1.833634959091545,percentage_points,0.05,0.95,-1.2492117265811236,1.8855148952490899,29239,69,1b6b84deb2b845abca82df6d98abdae1d2e8d682005decb2759a2810247007cc
venue_year_topic,impact,b,top10,Top Cited (10%),M3_quantity,quantity,GPU Count,-0.7790027333065914,0.013219069244599082,0.0024364490138643947,0.008357210934419802,0.018080927554778362,1.3219069244599082,0.24364490138643946,0.8357210934419802,1.8080927554778363,percentage_points,0.05,0.95,-1.2492117265811236,1.8855148952490899,29239,69,1b6b84deb2b845abca82df6d98abdae1d2e8d682005decb2759a2810247007cc
venue_year_topic,impact,b,top10,Top Cited (10%),M3_quantity,quantity,GPU Count,-0.7476554670882893,0.01303072630873606,0.0024034284186975996,0.008234759570309443,0.017826693047162678,1.303072630873606,0.24034284186975996,0.8234759570309443,1.7826693047162678,percentage_points,0.05,0.95,-1.2492117265811236,1.8855148952490899,29239,69,1b6b84deb2b845abca82df6d98abdae1d2e8d682005decb2759a2810247007cc
venue_year_topic,impact,b,top10,Top Cited (10%),M3_quantity,quantity,GPU Count,-0.7163082008699873,0.01284238337287304,0.0023710278000315175,0.008111071062353696,0.017573695683392385,1.284238337287304,0.23710278000315174,0.8111071062353696,1.7573695683392385,percentage_points,0.05,0.95,-1.2492117265811236,1.8855148952490899,29239,69,1b6b84deb2b845abca82df6d98abdae1d2e8d682005decb2759a2810247007cc
venue_year_topic,impact,b,top10,Top Cited (10%),M3_quantity,quantity,GPU Count,-0.6849609346516851,0.01265404043701002,0.002339272919374297,0.007986094004263422,0.01732198686975662,1.2654040437010021,0.2339272919374297,0.7986094004263422,1.7321986869756618,percentage_points,0.05,0.95,-1.2492117265811236,1.8855148952490899,29239,69,1b6b84deb2b845abca82df6d98abdae1d2e8d682005decb2759a2810247007cc
venue_year_topic,impact,b,top10,Top Cited (10%),M3_quantity,quantity,GPU Count,-0.6536136684333829,0.012465697501146998,0.0023081904280605157,0.007859775214128489,0.017071619788165508,1.2465697501147,0.2308190428060516,0.7859775214128488,1.7071619788165509,percentage_points,0.05,0.95,-1.2492117265811236,1.8855148952490899,29239,69,1b6b84deb2b845abca82df6d98abdae1d2e8d682005decb2759a2810247007cc
venue_year_topic,impact,b,top10,Top Cited (10%),M3_quantity,quantity,GPU Count,-0.6222664022150808,0.012277354565283978,0.0022778078521111084,0.007732059764629318,0.01682264936593864,1.2277354565283978,0.22778078521111084,0.7732059764629318,1.682264936593864,percentage_points,0.05,0.95,-1.2492117265811236,1.8855148952490899,29239,69,1b6b84deb2b845abca82df6d98abdae1d2e8d682005decb2759a2810247007cc
venue_year_topic,impact,b,top10,Top Cited (10%),M3_quantity,quantity,GPU Count,-0.5909191359967787,0.012089011629420957,0.002248153568634591,0.0076028910301275,0.016575132228714415,1.2089011629420956,0.2248153568634591,0.76028910301275,1.6575132228714415,percentage_points,0.05,0.95,-1.2492117265811236,1.8855148952490899,29239,69,1b6b84deb2b845abca82df6d98abdae1d2e8d682005decb2759a2810247007cc
venue_year_topic,impact,b,top10,Top Cited (10%),M3_quantity,quantity,GPU Count,-0.5595718697784765,0.011900668693557936,0.002219256772720648,0.007472210752728622,0.01632912663438725,1.1900668693557936,0.2219256772720648,0.7472210752728622,1.632912663438725,percentage_points,0.05,0.95,-1.2492117265811236,1.8855148952490899,29239,69,1b6b84deb2b845abca82df6d98abdae1d2e8d682005decb2759a2810247007cc
venue_year_topic,impact,b,top10,Top Cited (10%),M3_quantity,quantity,GPU Count,-0.5282246035601743,0.011712325757694915,0.0021911474337536208,0.007339959129457333,0.016084692385932495,1.1712325757694915,0.21911474337536208,0.7339959129457333,1.6084692385932495,percentage_points,0.05,0.95,-1.2492117265811236,1.8855148952490899,29239,69,1b6b84deb2b845abca82df6d98abdae1d2e8d682005decb2759a2810247007cc
venue_year_topic,impact,b,top10,Top Cited (10%),M3_quantity,quantity,GPU Count,-0.4968773373418722,0.011523982821831895,0.0021638562400724047,0.007206074922686814,0.015841890720976977,1.1523982821831895,0.21638562400724046,0.7206074922686814,1.5841890720976977,percentage_points,0.05,0.95,-1.2492117265811236,1.8855148952490899,29239,69,1b6b84deb2b845abca82df6d98abdae1d2e8d682005decb2759a2810247007cc
venue_year_topic,impact,b,top10,Top Cited (10%),M3_quantity,quantity,GPU Count,-0.46553007112357014,0.011335639885968874,0.0021374145309303208,0.0070704955959107274,0.015600784176027022,1.1335639885968873,0.21374145309303208,0.7070495595910727,1.5600784176027023,percentage_points,0.05,0.95,-1.2492117265811236,1.8855148952490899,29239,69,1b6b84deb2b845abca82df6d98abdae1d2e8d682005decb2759a2810247007cc
venue_year_topic,impact,b,top10,Top Cited (10%),M3_quantity,quantity,GPU Count,-0.43418280490526795,0.011147296950105853,0.0021118542147696828,0.006933157476823782,0.015361436423387923,1.1147296950105852,0.21118542147696828,0.6933157476823782,1.5361436423387922,percentage_points,0.05,0.95,-1.2492117265811236,1.8855148952490899,29239,69,1b6b84deb2b845abca82df6d98abdae1d2e8d682005decb2759a2810247007cc
venue_year_topic,impact,b,top10,Top Cited (10%),M3_quantity,quantity,GPU Count,-0.40283553868696576,0.010958954014242833,0.0020872076729270277,0.006793995949474966,0.015123912079010699,1.0958954014242832,0.20872076729270278,0.6793995949474966,1.51239120790107,percentage_points,0.05,0.95,-1.2492117265811236,1.8855148952490899,29239,69,1b6b84deb2b845abca82df6d98abdae1d2e8d682005decb2759a2810247007cc
venue_year_topic,impact,b,top10,Top Cited (10%),M3_quantity,quantity,GPU Count,-0.37148827246866367,0.010770611078379812,0.0020635076480321163,0.006652945676963856,0.014888276479795768,1.0770611078379813,0.20635076480321163,0.6652945676963856,1.4888276479795768,percentage_points,0.05,0.95,-1.2492117265811236,1.8855148952490899,29239,69,1b6b84deb2b845abca82df6d98abdae1d2e8d682005decb2759a2810247007cc
venue_year_topic,impact,b,top10,Top Cited (10%),M3_quantity,quantity,GPU Count,-0.3401410062503616,0.01058226814251679,0.002040787116561942,0.006509940855755141,0.01465459542927844,1.058226814251679,0.2040787116561942,0.6509940855755141,1.465459542927844,percentage_points,0.05,0.95,-1.2492117265811236,1.8855148952490899,29239,69,1b6b84deb2b845abca82df6d98abdae1d2e8d682005decb2759a2810247007cc
venue_year_topic,impact,b,top10,Top Cited (10%),M3_quantity,quantity,GPU Count,-0.3087937400320594,0.010393925206653769,0.0020190791452639914,0.00636491550218155,0.014422934911125987,1.039392520665377,0.20190791452639914,0.6364915502181551,1.4422934911125986,percentage_points,0.05,0.95,-1.2492117265811236,1.8855148952490899,29239,69,1b6b84deb2b845abca82df6d98abdae1d2e8d682005decb2759a2810247007cc
venue_year_topic,impact,b,top10,Top Cited (10%),M3_quantity,quantity,GPU Count,-0.2774464738137572,0.010205582270790749,0.0019984167314730243,0.006217803771086753,0.014193360770494745,1.020558227079075,0.19984167314730245,0.6217803771086753,1.4193360770494745,percentage_points,0.05,0.95,-1.2492117265811236,1.8855148952490899,29239,69,1b6b84deb2b845abca82df6d98abdae1d2e8d682005decb2759a2810247007cc
venue_year_topic,impact,b,top10,Top Cited (10%),M3_quantity,quantity,GPU Count,-0.24609920759545512,0.010017239334927729,0.0019788326277124287,0.006068540305827899,0.013965938364027559,1.0017239334927728,0.19788326277124288,0.60685403058279,1.396593836402756,percentage_points,0.05,0.95,-1.2492117265811236,1.8855148952490899,29239,69,1b6b84deb2b845abca82df6d98abdae1d2e8d682005decb2759a2810247007cc
venue_year_topic,impact,b,top10,Top Cited (10%),M3_quantity,quantity,GPU Count,-0.21475194137715303,0.009828896399064707,0.0019603591513913513,0.0059170606180190925,0.013740732180110321,0.9828896399064707,0.19603591513913513,0.5917060618019092,1.374073218011032,percentage_points,0.05,0.95,-1.2492117265811236,1.8855148952490899,29239,69,1b6b84deb2b845abca82df6d98abdae1d2e8d682005decb2759a2810247007cc
venue_year_topic,impact,b,top10,Top Cited (10%),M3_quantity,quantity,GPU Count,-0.18340467515885095,0.009640553463201687,0.0019430279808754565,0.005763301494465853,0.013517805431937521,0.9640553463201686,0.19430279808754566,0.5763301494465853,1.3517805431937522,percentage_points,0.05,0.95,-1.2492117265811236,1.8855148952490899,29239,69,1b6b84deb2b845abca82df6d98abdae1d2e8d682005decb2759a2810247007cc
venue_year_topic,impact,b,top10,Top Cited (10%),M3_quantity,quantity,GPU Count,-0.15205740894054864,0.009452210527338665,0.00192686993971121,0.00560720142773885,0.01329721962693848,0.9452210527338665,0.192686993971121,0.5607201427738849,1.329721962693848,percentage_points,0.05,0.95,-1.2492117265811236,1.8855148952490899,29239,69,1b6b84deb2b845abca82df6d98abdae1d2e8d682005decb2759a2810247007cc
venue_year_topic,impact,b,top10,Top Cited (10%),M3_quantity,quantity,GPU Count,-0.12071014272224656,0.009263867591475645,0.0019119147713057198,0.005448701065793286,0.013079034117158004,0.9263867591475645,0.191191477130572,0.5448701065793286,1.3079034117158004,percentage_points,0.05,0.95,-1.2492117265811236,1.8855148952490899,29239,69,1b6b84deb2b845abca82df6d98abdae1d2e8d682005decb2759a2810247007cc
venue_year_topic,impact,b,top10,Top Cited (10%),M3_quantity,quantity,GPU Count,-0.08936287650394448,0.009075524655612625,0.0018981909068868487,0.0052877436749972796,0.01286330563622797,0.9075524655612625,0.18981909068868488,0.528774367499728,1.286330563622797,percentage_points,0.05,0.95,-1.2492117265811236,1.8855148952490899,29239,69,1b6b84deb2b845abca82df6d98abdae1d2e8d682005decb2759a2810247007cc
venue_year_topic,impact,b,top10,Top Cited (10%),M3_quantity,quantity,GPU Count,-0.05801561028564217,0.008887181719749603,0.0018857252300681095,0.005124275609935296,0.01265008782956391,0.8887181719749603,0.18857252300681096,0.5124275609935296,1.265008782956391,percentage_points,0.05,0.95,-1.2492117265811236,1.8855148952490899,29239,69,1b6b84deb2b845abca82df6d98abdae1d2e8d682005decb2759a2810247007cc
venue_year_topic,impact,b,top10,Top Cited (10%),M3_quantity,quantity,GPU Count,-0.02666834406734009,0.008698838783886581,0.001874542841793573,0.004958246782453298,0.012439430785319864,0.8698838783886581,0.1874542841793573,0.4958246782453298,1.2439430785319865,percentage_points,0.05,0.95,-1.2492117265811236,1.8855148952490899,29239,69,1b6b84deb2b845abca82df6d98abdae1d2e8d682005decb2759a2810247007cc
venue_year_topic,impact,b,top10,Top Cited (10%),M3_quantity,quantity,GPU Count,0.004678922150961995,0.008510495848023561,0.0018646668298117545,0.004789611121666425,0.012231380574380696,0.851049584802356,0.18646668298117544,0.4789611121666425,1.2231380574380695,percentage_points,0.05,0.95,-1.2492117265811236,1.8855148952490899,29239,69,1b6b84deb2b845abca82df6d98abdae1d2e8d682005decb2759a2810247007cc
venue_year_topic,impact,b,top10,Top Cited (10%),M3_quantity,quantity,GPU Count,0.03602618836926408,0.008322152912160541,0.0018561180470965486,0.004618327016113143,0.012025978808207938,0.8322152912160541,0.18561180470965485,0.4618327016113143,1.2025978808207938,percentage_points,0.05,0.95,-1.2492117265811236,1.8855148952490899,29239,69,1b6b84deb2b845abca82df6d98abdae1d2e8d682005decb2759a2810247007cc
venue_year_topic,impact,b,top10,Top Cited (10%),M3_quantity,quantity,GPU Count,0.06737345458756616,0.00813380997629752,0.0018489149037723136,0.00444435772896227,0.011823262223632771,0.8133809976297521,0.18489149037723135,0.44443577289622704,1.1823262223632771,percentage_points,0.05,0.95,-1.2492117265811236,1.8855148952490899,29239,69,1b6b84deb2b845abca82df6d98abdae1d2e8d682005decb2759a2810247007cc
venue_year_topic,impact,b,top10,Top Cited (10%),M3_quantity,quantity,GPU Count,0.09872072080586847,0.007945467040434499,0.0018430731770881633,0.004267671777203375,0.011623262303665623,0.7945467040434498,0.18430731770881634,0.4267671777203375,1.1623262303665622,percentage_points,0.05,0.95,-1.2492117265811236,1.8855148952490899,29239,69,1b6b84deb2b845abca82df6d98abdae1d2e8d682005decb2759a2810247007cc
venue_year_topic,impact,b,top10,Top Cited (10%),M3_quantity,quantity,GPU Count,0.13006798702417055,0.007757124104571478,0.001838605843809086,0.004088243266105095,0.011426004943037861,0.7757124104571478,0.1838605843809086,0.4088243266105095,1.1426004943037862,percentage_points,0.05,0.95,-1.2492117265811236,1.8855148952490899,29239,69,1b6b84deb2b845abca82df6d98abdae1d2e8d682005decb2759a2810247007cc
venue_year_topic,impact,b,top10,Top Cited (10%),M3_quantity,quantity,GPU Count,0.16141525324247263,0.007568781168708457,0.0018355229390428713,0.003906052170921613,0.0112315101664953,0.7568781168708457,0.18355229390428712,0.3906052170921613,1.12315101664953,percentage_points,0.05,0.95,-1.2492117265811236,1.8855148952490899,29239,69,1b6b84deb2b845abca82df6d98abdae1d2e8d682005decb2759a2810247007cc
venue_year_topic,impact,b,top10,Top Cited (10%),M3_quantity,quantity,GPU Count,0.19276251946077494,0.007380438232845435,0.00183383144500601,0.0037210845588568466,0.011039791906834025,0.7380438232845435,0.183383144500601,0.37210845588568464,1.1039791906834024,percentage_points,0.05,0.95,-1.2492117265811236,1.8855148952490899,29239,69,1b6b84deb2b845abca82df6d98abdae1d2e8d682005decb2759a2810247007cc
venue_year_topic,impact,b,top10,Top Cited (10%),M3_quantity,quantity,GPU Count,0.22410978567907702,0.007192095296982415,0.0018335352125633353,0.0035333327456296654,0.010850857848335164,0.7192095296982415,0.18335352125633353,0.35333327456296654,1.0850857848335165,percentage_points,0.05,0.95,-1.2492117265811236,1.8855148952490899,29239,69,1b6b84deb2b845abca82df6d98abdae1d2e8d682005decb2759a2810247007cc
venue_year_topic,impact,b,top10,Top Cited (10%),M3_quantity,quantity,GPU Count,0.2554570518973791,0.007003752361119395,0.0018346349175798198,0.003342795382572513,0.010664709339666277,0.7003752361119395,0.183463491757982,0.3342795382572513,1.0664709339666278,percentage_points,0.05,0.95,-1.2492117265811236,1.8855148952490899,29239,69,1b6b84deb2b845abca82df6d98abdae1d2e8d682005decb2759a2810247007cc
venue_year_topic,impact,b,top10,Top Cited (10%),M3_quantity,quantity,GPU Count,0.2868043181156812,0.006815409425256374,0.0018371280532323115,0.0031494774719731046,0.010481341378539644,0.6815409425256375,0.18371280532323114,0.31494774719731045,1.0481341378539644,percentage_points,0.05,0.95,-1.2492117265811236,1.8855148952490899,29239,69,1b6b84deb2b845abca82df6d98abdae1d2e8d682005decb2759a2810247007cc
venue_year_topic,impact,b,top10,Top Cited (10%),M3_quantity,quantity,GPU Count,0.3181515843339833,0.006627066489393354,0.0018410089584843866,0.002953390310253746,0.010300742668532962,0.6627066489393354,0.18410089584843867,0.2953390310253746,1.030074266853296,percentage_points,0.05,0.95,-1.2492117265811236,1.8855148952490899,29239,69,1b6b84deb2b845abca82df6d98abdae1d2e8d682005decb2759a2810247007cc
venue_year_topic,impact,b,top10,Top Cited (10%),M3_quantity,quantity,GPU Count,0.3494988505522856,0.006438723553530331,0.0018462688819733117,0.002754551360486875,0.010122895746573787,0.6438723553530331,0.18462688819733117,0.27545513604868754,1.0122895746573788,percentage_points,0.05,0.95,-1.2492117265811236,1.8855148952490899,29239,69,1b6b84deb2b845abca82df6d98abdae1d2e8d682005decb2759a2810247007cc
venue_year_topic,impact,b,top10,Top Cited (10%),M3_quantity,quantity,GPU Count,0.38084611677058766,0.006250380617667311,0.001852896079639328,0.002552984057578875,0.009947777177755747,0.6250380617667312,0.18528960796393282,0.25529840575788754,0.9947777177755748,percentage_points,0.05,0.95,-1.2492117265811236,1.8855148952490899,29239,69,1b6b84deb2b845abca82df6d98abdae1d2e8d682005decb2759a2810247007cc
venue_year_topic,impact,b,top10,Top Cited (10%),M3_quantity,quantity,GPU Count,0.41219338298888974,0.006062037681804291,0.0018608759435865662,0.002348717551132104,0.009775357812476479,0.6062037681804291,0.18608759435865663,0.2348717551132104,0.9775357812476478,percentage_points,0.05,0.95,-1.2492117265811236,1.8855148952490899,29239,69,1b6b84deb2b845abca82df6d98abdae1d2e8d682005decb2759a2810247007cc
venue_year_topic,impact,b,top10,Top Cited (10%),M3_quantity,quantity,GPU Count,0.44354064920719205,0.005873694745941269,0.0018701911589386227,0.0021417863924444755,0.009605603099438063,0.5873694745941269,0.18701911589386228,0.21417863924444755,0.9605603099438063,percentage_points,0.05,0.95,-1.2492117265811236,1.8855148952490899,29239,69,1b6b84deb2b845abca82df6d98abdae1d2e8d682005decb2759a2810247007cc
venue_year_topic,impact,b,top10,Top Cited (10%),M3_quantity,quantity,GPU Count,0.47488791542549413,0.005685351810078248,0.0018808218848688934,0.0019322301732690537,0.009438473446887443,0.5685351810078249,0.18808218848688935,0.19322301732690536,0.9438473446887443,percentage_points,0.05,0.95,-1.2492117265811236,1.8855148952490899,29239,69,1b6b84deb2b845abca82df6d98abdae1d2e8d682005decb2759a2810247007cc
venue_year_topic,impact,b,top10,Top Cited (10%),M3_quantity,quantity,GPU Count,0.5062351816437962,0.005497008874215227,0.0018927459555650773,0.0017200931247956246,0.00927392462363483,0.5497008874215228,0.18927459555650772,0.17200931247956247,0.927392462363483,percentage_points,0.05,0.95,-1.2492117265811236,1.8855148952490899,29239,69,1b6b84deb2b845abca82df6d98abdae1d2e8d682005decb2759a2810247007cc
venue_year_topic,impact,b,top10,Top Cited (10%),M3_quantity,quantity,GPU Count,0.5375824478620983,0.005308665938352207,0.0019059390966373326,0.0015054236858149479,0.009111908190889466,0.5308665938352207,0.19059390966373327,0.15054236858149478,0.9111908190889466,percentage_points,0.05,0.95,-1.2492117265811236,1.8855148952490899,29239,69,1b6b84deb2b845abca82df6d98abdae1d2e8d682005decb2759a2810247007cc
venue_year_topic,impact,b,top10,Top Cited (10%),M3_quantity,quantity,GPU Count,0.5689297140804004,0.005120323002489187,0.0019203751523986397,0.0012882740491878507,0.008952371955790524,0.5120323002489188,0.19203751523986398,0.12882740491878508,0.8952371955790523,percentage_points,0.05,0.95,-1.2492117265811236,1.8855148952490899,29239,69,1b6b84deb2b845abca82df6d98abdae1d2e8d682005decb2759a2810247007cc
venue_year_topic,impact,b,top10,Top Cited (10%),M3_quantity,quantity,GPU Count,0.6002769802987027,0.004931980066626165,0.0019360263195230738,0.0010686996955874047,0.008795260437664926,0.49319800666261654,0.19360263195230737,0.10686996955874048,0.8795260437664926,percentage_points,0.05,0.95,-1.2492117265811236,1.8855148952490899,29239,69,1b6b84deb2b845abca82df6d98abdae1d2e8d682005decb2759a2810247007cc
venue_year_topic,impact,b,top10,Top Cited (10%),M3_quantity,quantity,GPU Count,0.6316242465170048,0.004743637130763145,0.0019528633828044943,0.0008467589230497915,0.008640515338476498,0.47436371307631453,0.19528633828044942,0.08467589230497916,0.8640515338476498,percentage_points,0.05,0.95,-1.2492117265811236,1.8855148952490899,29239,69,1b6b84deb2b845abca82df6d98abdae1d2e8d682005decb2759a2810247007cc
venue_year_topic,impact,b,top10,Top Cited (10%),M3_quantity,quantity,GPU Count,0.6629715127353069,0.004555294194900124,0.0019708559490707986,0.0006225123802056677,0.008488076009594581,0.4555294194900124,0.19708559490707986,0.06225123802056677,0.8488076009594581,percentage_points,0.05,0.95,-1.2492117265811236,1.8855148952490899,29239,69,1b6b84deb2b845abca82df6d98abdae1d2e8d682005decb2759a2810247007cc
venue_year_topic,impact,b,top10,Top Cited (10%),M3_quantity,quantity,GPU Count,0.6943187789536092,0.0043669512590371025,0.0019899726757303723,0.00039602261022282995,0.008337879907851375,0.43669512590371024,0.19899726757303723,0.039602261022282995,0.8337879907851375,percentage_points,0.05,0.95,-1.2492117265811236,1.8855148952490899,29239,69,1b6b84deb2b845abca82df6d98abdae1d2e8d682005decb2759a2810247007cc
venue_year_topic,impact,b,top10,Top Cited (10%),M3_quantity,quantity,GPU Count,0.7256660451719112,0.004178608323174082,0.0020101814909096716,0.00016735361152850955,0.008189863034819653,0.41786083231740817,0.20101814909096716,0.016735361152850955,0.8189863034819653,percentage_points,0.05,0.95,-1.2492117265811236,1.8855148952490899,29239,69,1b6b84deb2b845abca82df6d98abdae1d2e8d682005decb2759a2810247007cc
venue_year_topic,impact,b,top10,Top Cited (10%),M3_quantity,quantity,GPU Count,0.7570133113902133,0.0039902653873110615,0.002031449802656899,-6.342957965006779e-05,0.00804396035427219,0.39902653873110616,0.20314498026568992,-0.006342957965006779,0.804396035427219,percentage_points,0.05,0.95,-1.2492117265811236,1.8855148952490899,29239,69,1b6b84deb2b845abca82df6d98abdae1d2e8d682005decb2759a2810247007cc
venue_year_topic,impact,b,top10,Top Cited (10%),M3_quantity,quantity,GPU Count,0.7883605776085156,0.0038019224514480397,0.002053744695211718,-0.0002962612809357971,0.007900106183831877,0.380192245144804,0.20537446952117183,-0.02962612809357971,0.7900106183831878,percentage_points,0.05,0.95,-1.2492117265811236,1.8855148952490899,29239,69,1b6b84deb2b845abca82df6d98abdae1d2e8d682005decb2759a2810247007cc
venue_year_topic,impact,b,top10,Top Cited (10%),M3_quantity,quantity,GPU Count,0.8197078438268175,0.0036135795155850204,0.002077033110853648,-0.0005310755266745128,0.007758234557844554,0.36135795155850203,0.20770331108536483,-0.05310755266745128,0.7758234557844553,percentage_points,0.05,0.95,-1.2492117265811236,1.8855148952490899,29239,69,1b6b84deb2b845abca82df6d98abdae1d2e8d682005decb2759a2810247007cc
venue_year_topic,impact,b,top10,Top Cited (10%),M3_quantity,quantity,GPU Count,0.8510551100451198,0.0034252365797219986,0.0021012820163250545,-0.000767806400026905,0.007618279559470902,0.34252365797219986,0.21012820163250545,-0.0767806400026905,0.7618279559470902,percentage_points,0.05,0.95,-1.2492117265811236,1.8855148952490899,29239,69,1b6b84deb2b845abca82df6d98abdae1d2e8d682005decb2759a2810247007cc
venue_year_topic,impact,b,top10,Top Cited (10%),M3_quantity,quantity,GPU Count,0.8824023762634217,0.0032368936438589794,0.0021264585532655895,-0.0010063883331557577,0.0074801756208737165,0.32368936438589796,0.21264585532655894,-0.10063883331557577,0.7480175620873717,percentage_points,0.05,0.95,-1.2492117265811236,1.8855148952490899,29239,69,1b6b84deb2b845abca82df6d98abdae1d2e8d682005decb2759a2810247007cc
venue_year_topic,impact,b,top10,Top Cited (10%),M3_quantity,quantity,GPU Count,0.913749642481724,0.0030485507079959576,0.002152530172484993,-0.0012467563751631678,0.007343857791155083,0.30485507079959573,0.2152530172484993,-0.12467563751631677,0.7343857791155083,percentage_points,0.05,0.95,-1.2492117265811236,1.8855148952490899,29239,69,1b6b84deb2b845abca82df6d98abdae1d2e8d682005decb2759a2810247007cc
venue_year_topic,impact,b,top10,Top Cited (10%),M3_quantity,quantity,GPU Count,0.9450969087000263,0.0028602077721329357,0.002179464752235456,-0.0014888464280993583,0.00720926197236523,0.28602077721329355,0.2179464752235456,-0.14888464280993582,0.720926197236523,percentage_points,0.05,0.95,-1.2492117265811236,1.8855148952490899,29239,69,1b6b84deb2b845abca82df6d98abdae1d2e8d682005decb2759a2810247007cc
venue_year_topic,impact,b,top10,Top Cited (10%),M3_quantity,quantity,GPU Count,0.9764441749183281,0.0026718648362699165,0.0022072307009218207,-0.0017325954519176933,0.007076325124457526,0.26718648362699166,0.22072307009218206,-0.17325954519176934,0.7076325124457526,percentage_points,0.05,0.95,-1.2492117265811236,1.8855148952490899,29239,69,1b6b84deb2b845abca82df6d98abdae1d2e8d682005decb2759a2810247007cc
venue_year_topic,impact,b,top10,Top Cited (10%),M3_quantity,quantity,GPU Count,1.0077914411366304,0.0024835219004068947,0.0022357970449089297,-0.0019779416396915293,0.006944985440505319,0.24835219004068948,0.22357970449089298,-0.19779416396915295,0.6944985440505319,percentage_points,0.05,0.95,-1.2492117265811236,1.8855148952490899,29239,69,1b6b84deb2b845abca82df6d98abdae1d2e8d682005decb2759a2810247007cc
venue_year_topic,impact,b,top10,Top Cited (10%),M3_quantity,quantity,GPU Count,1.0391387073549327,0.002295178964543873,0.002265133502253623,-0.0022248245647441033,0.006815182493831849,0.22951789645438728,0.22651335022536231,-0.22248245647441034,0.681518249383185,percentage_points,0.05,0.95,-1.2492117265811236,1.8855148952490899,29239,69,1b6b84deb2b845abca82df6d98abdae1d2e8d682005decb2759a2810247007cc
venue_year_topic,impact,b,top10,Top Cited (10%),M3_quantity,quantity,GPU Count,1.0704859735732346,0.0021068360286808537,0.0022952105433089614,-0.0024731853015823903,0.006686857358944098,0.21068360286808535,0.22952105433089615,-0.247318530158239,0.6686857358944097,percentage_points,0.05,0.95,-1.2492117265811236,1.8855148952490899,29239,69,1b6b84deb2b845abca82df6d98abdae1d2e8d682005decb2759a2810247007cc
venue_year_topic,impact,b,top10,Top Cited (10%),M3_quantity,quantity,GPU Count,1.101833239791537,0.0019184930928178318,0.0023259994392256563,-0.002722966522680204,0.006559952708315868,0.19184930928178318,0.23259994392256564,-0.2722966522680204,0.6559952708315868,percentage_points,0.05,0.95,-1.2492117265811236,1.8855148952490899,29239,69,1b6b84deb2b845abca82df6d98abdae1d2e8d682005decb2759a2810247007cc
venue_year_topic,impact,b,top10,Top Cited (10%),M3_quantity,quantity,GPU Count,1.1331805060098392,0.00173015015695481,0.0023574722994164975,-0.002974112573237284,0.006434412887146904,0.173015015695481,0.23574722994164973,-0.2974112573237284,0.6434412887146904,percentage_points,0.05,0.95,-1.2492117265811236,1.8855148952490899,29239,69,1b6b84deb2b845abca82df6d98abdae1d2e8d682005decb2759a2810247007cc
venue_year_topic,impact,b,top10,Top Cited (10%),M3_quantity,quantity,GPU Count,1.164527772228141,0.0015418072210917908,0.0023896020990597454,-0.0032265695260614707,0.006310183968245052,0.15418072210917907,0.23896020990597455,-0.3226569526061471,0.6310183968245052,percentage_points,0.05,0.95,-1.2492117265811236,1.8855148952490899,29239,69,1b6b84deb2b845abca82df6d98abdae1d2e8d682005decb2759a2810247007cc
venue_year_topic,impact,b,top10,Top Cited (10%),M3_quantity,quantity,GPU Count,1.1958750384464434,0.001353464285228769,0.002422362697702796,-0.0034802852186917423,0.00618721378914928,0.1353464285228769,0.24223626977027962,-0.3480285218691742,0.6187213789149281,percentage_points,0.05,0.95,-1.2492117265811236,1.8855148952490899,29239,69,1b6b84deb2b845abca82df6d98abdae1d2e8d682005decb2759a2810247007cc
venue_year_topic,impact,b,top10,Top Cited (10%),M3_quantity,quantity,GPU Count,1.2272223046647452,0.0011651213493657497,0.0024557288499933755,-0.00373520927481197,0.006065451973543469,0.11651213493657497,0.24557288499933755,-0.373520927481197,0.606545197354347,percentage_points,0.05,0.95,-1.2492117265811236,1.8855148952490899,29239,69,1b6b84deb2b845abca82df6d98abdae1d2e8d682005decb2759a2810247007cc
venue_year_topic,impact,b,top10,Top Cited (10%),M3_quantity,quantity,GPU Count,1.2585695708830476,0.000976778413502728,0.0024896762095168523,-0.003991293111908168,0.005944849938913624,0.0976778413502728,0.24896762095168523,-0.39912931119081685,0.5944849938913624,percentage_points,0.05,0.95,-1.2492117265811236,1.8855148952490899,29239,69,1b6b84deb2b845abca82df6d98abdae1d2e8d682005decb2759a2810247007cc
venue_year_topic,impact,b,top10,Top Cited (10%),M3_quantity,quantity,GPU Count,1.2899168371013499,0.0007884354776397061,0.0025241813266592412,-0.004248489937004175,0.005825360892283587,0.07884354776397061,0.2524181326659241,-0.4248489937004175,0.5825360892283588,percentage_points,0.05,0.95,-1.2492117265811236,1.8855148952490899,29239,69,1b6b84deb2b845abca82df6d98abdae1d2e8d682005decb2759a2810247007cc
venue_year_topic,impact,b,top10,Top Cited (10%),M3_quantity,quantity,GPU Count,1.3212641033196517,0.0006000925417766877,0.00255922164134973,-0.004506754732179588,0.005706939815732963,0.060009254177668774,0.255922164134973,-0.45067547321795876,0.5706939815732963,percentage_points,0.05,0.95,-1.2492117265811236,1.8855148952490899,29239,69,1b6b84deb2b845abca82df6d98abdae1d2e8d682005decb2759a2810247007cc
venue_year_topic,impact,b,top10,Top Cited (10%),M3_quantity,quantity,GPU Count,1.352611369537954,0.0004117496059136659,0.0025947754714670396,-0.004766044231435036,0.0055895434432623676,0.04117496059136659,0.25947754714670396,-0.4766044231435036,0.5589543443262368,percentage_points,0.05,0.95,-1.2492117265811236,1.8855148952490899,29239,69,1b6b84deb2b845abca82df6d98abdae1d2e8d682005decb2759a2810247007cc
venue_year_topic,impact,b,top10,Top Cited (10%),M3_quantity,quantity,GPU Count,1.3839586357562559,0.00022340667005064582,0.0026308219976231345,-0.005026316890328517,0.005473130230429809,0.022340667005064582,0.26308219976231345,-0.5026316890328517,0.5473130230429809,percentage_points,0.05,0.95,-1.2492117265811236,1.8855148952490899,29239,69,1b6b84deb2b845abca82df6d98abdae1d2e8d682005decb2759a2810247007cc
venue_year_topic,impact,b,top10,Top Cited (10%),M3_quantity,quantity,GPU Count,1.4153059019745582,3.5063734187624e-05,0.0026673412449675724,-0.0052875328496665664,0.0053576603180418144,0.0035063734187624,0.26673412449675726,-0.5287532849666566,0.5357660318041815,percentage_points,0.05,0.95,-1.2492117265811236,1.8855148952490899,29239,69,1b6b84deb2b845abca82df6d98abdae1d2e8d682005decb2759a2810247007cc
venue_year_topic,impact,b,top10,Top Cited (10%),M3_quantity,quantity,GPU Count,1.4466531681928605,-0.00015327920167539782,0.002704314062587615,-0.005549653894397805,0.005243095491047009,-0.015327920167539782,0.2704314062587615,-0.5549653894397805,0.524309549104701,percentage_points,0.05,0.95,-1.2492117265811236,1.8855148952490899,29239,69,1b6b84deb2b845abca82df6d98abdae1d2e8d682005decb2759a2810247007cc
venue_year_topic,impact,b,top10,Top Cited (10%),M3_quantity,quantity,GPU Count,1.4780004344111624,-0.0003416221375384162,0.0027417221010141955,-0.005812643408726798,0.005129399133649966,-0.03416221375384162,0.27417221010141957,-0.5812643408726799,0.5129399133649966,percentage_points,0.05,0.95,-1.2492117265811236,1.8855148952490899,29239,69,1b6b84deb2b845abca82df6d98abdae1d2e8d682005decb2759a2810247007cc
venue_year_topic,impact,b,top10,Top Cited (10%),M3_quantity,quantity,GPU Count,1.5093477006294647,-0.000529965073401438,0.0027795477882826282,-0.006076466328343959,0.005016536181541083,-0.0529965073401438,0.2779547788282628,-0.6076466328343959,0.5016536181541082,percentage_points,0.05,0.95,-1.2492117265811236,1.8855148952490899,29239,69,1b6b84deb2b845abca82df6d98abdae1d2e8d682005decb2759a2810247007cc
venue_year_topic,impact,b,top10,Top Cited (10%),M3_quantity,quantity,GPU Count,1.540694966847767,-0.0007183080092644598,0.002817774304940089,-0.00634108909055373,0.00490447307202481,-0.07183080092644598,0.28177743049400894,-0.634108909055373,0.49044730720248103,percentage_points,0.05,0.95,-1.2492117265811236,1.8855148952490899,29239,69,1b6b84deb2b845abca82df6d98abdae1d2e8d682005decb2759a2810247007cc
venue_year_topic,impact,b,top10,Top Cited (10%),M3_quantity,quantity,GPU Count,1.5720422330660688,-0.0009066509451274799,0.002856385558339585,-0.006606479582979008,0.004793177692724048,-0.09066509451274798,0.2856385558339585,-0.6606479582979008,0.4793177692724048,percentage_points,0.05,0.95,-1.2492117265811236,1.8855148952490899,29239,69,1b6b84deb2b845abca82df6d98abdae1d2e8d682005decb2759a2810247007cc
venue_year_topic,impact,b,top10,Top Cited (10%),M3_quantity,quantity,GPU Count,1.6033894992843711,-0.0010949938809905017,0.002895366156512485,-0.006872607091424603,0.0046826193294436,-0.10949938809905017,0.2895366156512485,-0.6872607091424603,0.46826193294435997,percentage_points,0.05,0.95,-1.2492117265811236,1.8855148952490899,29239,69,1b6b84deb2b845abca82df6d98abdae1d2e8d682005decb2759a2810247007cc
venue_year_topic,impact,b,top10,Top Cited (10%),M3_quantity,quantity,GPU Count,1.6347367655026734,-0.0012833368168535236,0.0029347013818685893,-0.007139442247396523,0.004572768613689476,-0.12833368168535236,0.2934701381868589,-0.7139442247396522,0.4572768613689476,percentage_points,0.05,0.95,-1.2492117265811236,1.8855148952490899,29239,69,1b6b84deb2b845abca82df6d98abdae1d2e8d682005decb2759a2810247007cc
venue_year_topic,impact,b,top10,Top Cited (10%),M3_quantity,quantity,GPU Count,1.6660840317209753,-0.001471679752716542,0.002974377164934119,-0.007406956975696956,0.004463597470263872,-0.1471679752716542,0.29743771649341194,-0.7406956975696956,0.4463597470263872,percentage_points,0.05,0.95,-1.2492117265811236,1.8855148952490899,29239,69,1b6b84deb2b845abca82df6d98abdae1d2e8d682005decb2759a2810247007cc
venue_year_topic,impact,b,top10,Top Cited (10%),M3_quantity,quantity,GPU Count,1.6974312979392776,-0.0016600226885795637,0.0030143800583035717,-0.007675124442446021,0.0043550790652868935,-0.16600226885795638,0.3014380058303572,-0.7675124442446021,0.43550790652868937,percentage_points,0.05,0.95,-1.2492117265811236,1.8855148952490899,29239,69,1b6b84deb2b845abca82df6d98abdae1d2e8d682005decb2759a2810247007cc
venue_year_topic,impact,b,top10,Top Cited (10%),M3_quantity,quantity,GPU Count,1.7287785641575795,-0.0018483656244425838,0.0030546972109509562,-0.007943919003820611,0.004247187754935444,-0.1848365624442584,0.3054697210950956,-0.7943919003820611,0.4247187754935444,percentage_points,0.05,0.95,-1.2492117265811236,1.8855148952490899,29239,69,1b6b84deb2b845abca82df6d98abdae1d2e8d682005decb2759a2810247007cc
venue_year_topic,impact,b,top10,Top Cited (10%),M3_quantity,quantity,GPU Count,1.7601258303758818,-0.0020367085603056057,0.0030953163430191516,-0.008213316155747363,0.004139899035136152,-0.20367085603056057,0.30953163430191516,-0.8213316155747363,0.41398990351361514,percentage_points,0.05,0.95,-1.2492117265811236,1.8855148952490899,29239,69,1b6b84deb2b845abca82df6d98abdae1d2e8d682005decb2759a2810247007cc
venue_year_topic,impact,b,top10,Top Cited (10%),M3_quantity,quantity,GPU Count,1.791473096594184,-0.0022250514961686275,0.0031362257211827,-0.00848329248473986,0.004033189492402605,-0.22250514961686274,0.31362257211827,-0.8483292484739859,0.4033189492402605,percentage_points,0.05,0.95,-1.2492117265811236,1.8855148952490899,29239,69,1b6b84deb2b845abca82df6d98abdae1d2e8d682005decb2759a2810247007cc
venue_year_topic,impact,b,top10,Top Cited (10%),M3_quantity,quantity,GPU Count,1.822820362812486,-0.002413394432031646,0.003177414134659036,-0.008753825620029793,0.003927036755966501,-0.24133944320316458,0.3177414134659036,-0.8753825620029793,0.39270367559665015,percentage_points,0.05,0.95,-1.2492117265811236,1.8855148952490899,29239,69,1b6b84deb2b845abca82df6d98abdae1d2e8d682005decb2759a2810247007cc
venue_year_topic,impact,b,top10,Top Cited (10%),M3_quantity,quantity,GPU Count,1.8541676290307882,-0.0026017373678946677,0.0032188708719255443,-0.009024894187106582,0.003821419451317247,-0.26017373678946676,0.32188708719255443,-0.9024894187106582,0.3821419451317247,percentage_points,0.05,0.95,-1.2492117265811236,1.8855148952490899,29239,69,1b6b84deb2b845abca82df6d98abdae1d2e8d682005decb2759a2810247007cc
venue_year_topic,impact,b,top10,Top Cited (10%),M3_quantity,quantity,GPU Count,1.8855148952490899,-0.002790080303757686,0.0032605856981847573,-0.009296477762749854,0.0037163171552344818,-0.2790080303757686,0.32605856981847575,-0.9296477762749854,0.3716317155234482,percentage_points,0.05,0.95,-1.2492117265811236,1.8855148952490899,29239,69,1b6b84deb2b845abca82df6d98abdae1d2e8d682005decb2759a2810247007cc
venue_year_topic,impact,c,top5,Top Cited (5%),M3_quantity,quantity,GPU Count,-1.2492117265811236,0.01287404408043062,0.0032670336188736285,0.006354779996031486,0.019393308164829752,1.287404408043062,0.3267033618873628,0.6354779996031487,1.9393308164829752,percentage_points,0.05,0.95,-1.2492117265811236,1.8855148952490899,29239,69,1b6b84deb2b845abca82df6d98abdae1d2e8d682005decb2759a2810247007cc
venue_year_topic,impact,c,top5,Top Cited (5%),M3_quantity,quantity,GPU Count,-1.2178644603628215,0.012739613549328276,0.0032226404824927403,0.006308934589345932,0.01917029250931062,1.2739613549328277,0.322264048249274,0.6308934589345931,1.917029250931062,percentage_points,0.05,0.95,-1.2492117265811236,1.8855148952490899,29239,69,1b6b84deb2b845abca82df6d98abdae1d2e8d682005decb2759a2810247007cc
venue_year_topic,impact,c,top5,Top Cited (5%),M3_quantity,quantity,GPU Count,-1.1865171941445194,0.012605183018225934,0.0031783682561904872,0.006262847910354967,0.0189475181260969,1.2605183018225934,0.31783682561904875,0.6262847910354967,1.89475181260969,percentage_points,0.05,0.95,-1.2492117265811236,1.8855148952490899,29239,69,1b6b84deb2b845abca82df6d98abdae1d2e8d682005decb2759a2810247007cc
venue_year_topic,impact,c,top5,Top Cited (5%),M3_quantity,quantity,GPU Count,-1.155169927926217,0.01247075248712359,0.003134222063690679,0.006216509734826911,0.01872499523942027,1.2470752487123589,0.31342220636906787,0.6216509734826912,1.872499523942027,percentage_points,0.05,0.95,-1.2492117265811236,1.8855148952490899,29239,69,1b6b84deb2b845abca82df6d98abdae1d2e8d682005decb2759a2810247007cc
venue_year_topic,impact,c,top5,Top Cited (5%),M3_quantity,quantity,GPU Count,-1.123822661707915,0.012336321956021246,0.0030902073064924544,0.006169909284238053,0.01850273462780444,1.2336321956021246,0.30902073064924546,0.6169909284238053,1.850273462780444,percentage_points,0.05,0.95,-1.2492117265811236,1.8855148952490899,29239,69,1b6b84deb2b845abca82df6d98abdae1d2e8d682005decb2759a2810247007cc
venue_year_topic,impact,c,top5,Top Cited (5%),M3_quantity,quantity,GPU Count,-1.092475395489613,0.012201891424918902,0.0030463296817122448,0.0061230351901695535,0.01828074765966825,1.2201891424918903,0.3046329681712245,0.6123035190169553,1.828074765966825,percentage_points,0.05,0.95,-1.2492117265811236,1.8855148952490899,29239,69,1b6b84deb2b845abca82df6d98abdae1d2e8d682005decb2759a2810247007cc
venue_year_topic,impact,c,top5,Top Cited (5%),M3_quantity,quantity,GPU Count,-1.0611281292713106,0.012067460893816558,0.0030025952012002043,0.00607587545616121,0.018059046331471904,1.2067460893816557,0.30025952012002044,0.607587545616121,1.8059046331471904,percentage_points,0.05,0.95,-1.2492117265811236,1.8855148952490899,29239,69,1b6b84deb2b845abca82df6d98abdae1d2e8d682005decb2759a2810247007cc
venue_year_topic,impact,c,top5,Top Cited (5%),M3_quantity,quantity,GPU Count,-1.0297808630530085,0.011933030362714214,0.002959010212024918,0.006028417416834856,0.01783764330859357,1.1933030362714214,0.2959010212024918,0.6028417416834856,1.7837643308593572,percentage_points,0.05,0.95,-1.2492117265811236,1.8855148952490899,29239,69,1b6b84deb2b845abca82df6d98abdae1d2e8d682005decb2759a2810247007cc
venue_year_topic,impact,c,top5,Top Cited (5%),M3_quantity,quantity,GPU Count,-0.9984335968347064,0.01179859983161187,0.0029155814184263136,0.005980647694088006,0.01761655196913573,1.179859983161187,0.29155814184263135,0.5980647694088006,1.7616551969135732,percentage_points,0.05,0.95,-1.2492117265811236,1.8855148952490899,29239,69,1b6b84deb2b845abca82df6d98abdae1d2e8d682005decb2759a2810247007cc
venue_year_topic,impact,c,top5,Top Cited (5%),M3_quantity,quantity,GPU Count,-0.9670863306164044,0.011664169300509527,0.002872315905342869,0.005932552150146049,0.017395786450873005,1.1664169300509528,0.28723159053428693,0.5932552150146049,1.7395786450873005,percentage_points,0.05,0.95,-1.2492117265811236,1.8855148952490899,29239,69,1b6b84deb2b845abca82df6d98abdae1d2e8d682005decb2759a2810247007cc
venue_year_topic,impact,c,top5,Top Cited (5%),M3_quantity,quantity,GPU Count,-0.9357390643981022,0.011529738769407183,0.0028292211636254676,0.0058841158372487734,0.017175361701565594,1.1529738769407183,0.28292211636254677,0.5884115837248773,1.7175361701565595,percentage_points,0.05,0.95,-1.2492117265811236,1.8855148952490899,29239,69,1b6b84deb2b845abca82df6d98abdae1d2e8d682005decb2759a2810247007cc
venue_year_topic,impact,c,top5,Top Cited (5%),M3_quantity,quantity,GPU Count,-0.9043917981798,0.01139530823830484,0.0027863051170563956,0.005835322943734809,0.01695529353287487,1.139530823830484,0.27863051170563957,0.5835322943734809,1.6955293532874869,percentage_points,0.05,0.95,-1.2492117265811236,1.8855148952490899,29239,69,1b6b84deb2b845abca82df6d98abdae1d2e8d682005decb2759a2810247007cc
venue_year_topic,impact,c,top5,Top Cited (5%),M3_quantity,quantity,GPU Count,-0.8730445319614979,0.011260877707202497,0.002743576151297946,0.005786156736275582,0.01673559867812941,1.1260877707202497,0.2743576151297946,0.5786156736275582,1.673559867812941,percentage_points,0.05,0.95,-1.2492117265811236,1.8855148952490899,29239,69,1b6b84deb2b845abca82df6d98abdae1d2e8d682005decb2759a2810247007cc
venue_year_topic,impact,c,top5,Top Cited (5%),M3_quantity,quantity,GPU Count,-0.8416972657431958,0.011126447176100153,0.002701043144900658,0.005736599497999333,0.016516294854200975,1.1126447176100154,0.27010431449006583,0.5736599497999333,1.6516294854200975,percentage_points,0.05,0.95,-1.2492117265811236,1.8855148952490899,29239,69,1b6b84deb2b845abca82df6d98abdae1d2e8d682005decb2759a2810247007cc
venue_year_topic,impact,c,top5,Top Cited (5%),M3_quantity,quantity,GPU Count,-0.8103499995248936,0.010992016644997809,0.0026587155025061654,0.005686632462235872,0.016297400827759746,1.0992016644997809,0.26587155025061654,0.5686632462235872,1.6297400827759747,percentage_points,0.05,0.95,-1.2492117265811236,1.8855148952490899,29239,69,1b6b84deb2b845abca82df6d98abdae1d2e8d682005decb2759a2810247007cc
venue_year_topic,impact,c,top5,Top Cited (5%),M3_quantity,quantity,GPU Count,-0.7790027333065914,0.010857586113895465,0.002616603190383703,0.005636235741604578,0.01607893648618635,1.0857586113895465,0.2616603190383703,0.5636235741604578,1.607893648618635,percentage_points,0.05,0.95,-1.2492117265811236,1.8855148952490899,29239,69,1b6b84deb2b845abca82df6d98abdae1d2e8d682005decb2759a2810247007cc
venue_year_topic,impact,c,top5,Top Cited (5%),M3_quantity,quantity,GPU Count,-0.7476554670882893,0.010723155582793121,0.0025747167744420985,0.005585388252162653,0.01586092291342359,1.072315558279312,0.25747167744420985,0.5585388252162653,1.586092291342359,percentage_points,0.05,0.95,-1.2492117265811236,1.8855148952490899,29239,69,1b6b84deb2b845abca82df6d98abdae1d2e8d682005decb2759a2810247007cc
venue_year_topic,impact,c,top5,Top Cited (5%),M3_quantity,quantity,GPU Count,-0.7163082008699873,0.010588725051690779,0.002533067460860184,0.0055340676323284,0.01564338247105316,1.058872505169078,0.25330674608601844,0.55340676323284,1.564338247105316,percentage_points,0.05,0.95,-1.2492117265811236,1.8855148952490899,29239,69,1b6b84deb2b845abca82df6d98abdae1d2e8d682005decb2759a2810247007cc
venue_year_topic,impact,c,top5,Top Cited (5%),M3_quantity,quantity,GPU Count,-0.6849609346516851,0.010454294520588435,0.00249166713947742,0.005482250156296572,0.015426338884880297,1.0454294520588434,0.249166713947742,0.5482250156296572,1.5426338884880297,percentage_points,0.05,0.95,-1.2492117265811236,1.8855148952490899,29239,69,1b6b84deb2b845abca82df6d98abdae1d2e8d682005decb2759a2810247007cc
venue_year_topic,impact,c,top5,Top Cited (5%),M3_quantity,quantity,GPU Count,-0.6536136684333829,0.01031986398948609,0.002450528430082439,0.0054299106416710345,0.015209817337301146,1.031986398948609,0.24505284300824387,0.5429910641671034,1.5209817337301146,percentage_points,0.05,0.95,-1.2492117265811236,1.8855148952490899,29239,69,1b6b84deb2b845abca82df6d98abdae1d2e8d682005decb2759a2810247007cc
venue_year_topic,impact,c,top5,Top Cited (5%),M3_quantity,quantity,GPU Count,-0.6222664022150808,0.010185433458383747,0.0024096647317294593,0.005377022351055382,0.014993844565712112,1.0185433458383746,0.24096647317294592,0.5377022351055383,1.499384456571211,percentage_points,0.05,0.95,-1.2492117265811236,1.8855148952490899,29239,69,1b6b84deb2b845abca82df6d98abdae1d2e8d682005decb2759a2810247007cc
venue_year_topic,impact,c,top5,Top Cited (5%),M3_quantity,quantity,GPU Count,-0.5909191359967787,0.010051002927281404,0.002369090275199976,0.005323556887367274,0.014778448967195535,1.0051002927281405,0.2369090275199976,0.5323556887367275,1.4778448967195534,percentage_points,0.05,0.95,-1.2492117265811236,1.8855148952490899,29239,69,1b6b84deb2b845abca82df6d98abdae1d2e8d682005decb2759a2810247007cc
venue_year_topic,impact,c,top5,Top Cited (5%),M3_quantity,quantity,GPU Count,-0.5595718697784765,0.00991657239617906,0.0023288201787087766,0.005269484082678801,0.01456366070967932,0.991657239617906,0.23288201787087767,0.5269484082678801,1.456366070967932,percentage_points,0.05,0.95,-1.2492117265811236,1.8855148952490899,29239,69,1b6b84deb2b845abca82df6d98abdae1d2e8d682005decb2759a2810247007cc
venue_year_topic,impact,c,top5,Top Cited (5%),M3_quantity,quantity,GPU Count,-0.5282246035601743,0.009782141865076716,0.002288870506927608,0.005214771880436598,0.014349511849716834,0.9782141865076717,0.2288870506927608,0.5214771880436597,1.4349511849716834,percentage_points,0.05,0.95,-1.2492117265811236,1.8855148952490899,29239,69,1b6b84deb2b845abca82df6d98abdae1d2e8d682005decb2759a2810247007cc
venue_year_topic,impact,c,top5,Top Cited (5%),M3_quantity,quantity,GPU Count,-0.4968773373418722,0.009647711333974372,0.0022492583333651793,0.005159386210984487,0.014136036456964257,0.9647711333974373,0.22492583333651792,0.5159386210984487,1.4136036456964258,percentage_points,0.05,0.95,-1.2492117265811236,1.8855148952490899,29239,69,1b6b84deb2b845abca82df6d98abdae1d2e8d682005decb2759a2810247007cc
venue_year_topic,impact,c,top5,Top Cited (5%),M3_quantity,quantity,GPU Count,-0.46553007112357014,0.009513280802872028,0.0022100018060965806,0.00510329086040246,0.013923270745341595,0.9513280802872028,0.22100018060965806,0.510329086040246,1.3923270745341596,percentage_points,0.05,0.95,-1.2492117265811236,1.8855148952490899,29239,69,1b6b84deb2b845abca82df6d98abdae1d2e8d682005decb2759a2810247007cc
venue_year_topic,impact,c,top5,Top Cited (5%),M3_quantity,quantity,GPU Count,-0.43418280490526795,0.009378850271769686,0.0021711202167764413,0.005046447332793071,0.013711253210746302,0.9378850271769686,0.21711202167764412,0.504644733279307,1.3711253210746301,percentage_points,0.05,0.95,-1.2492117265811236,1.8855148952490899,29239,69,1b6b84deb2b845abca82df6d98abdae1d2e8d682005decb2759a2810247007cc
venue_year_topic,impact,c,top5,Top Cited (5%),M3_quantity,quantity,GPU Count,-0.40283553868696576,0.009244419740667342,0.002132634072795519,0.004988814706295192,0.013500024775039492,0.9244419740667342,0.21326340727955193,0.4988814706295192,1.3500024775039492,percentage_points,0.05,0.95,-1.2492117265811236,1.8855148952490899,29239,69,1b6b84deb2b845abca82df6d98abdae1d2e8d682005decb2759a2810247007cc
venue_year_topic,impact,c,top5,Top Cited (5%),M3_quantity,quantity,GPU Count,-0.37148827246866367,0.009109989209564998,0.002094565172347047,0.004930349483291471,0.013289628935838526,0.9109989209564998,0.20945651723470468,0.49303494832914707,1.3289628935838527,percentage_points,0.05,0.95,-1.2492117265811236,1.8855148952490899,29239,69,1b6b84deb2b845abca82df6d98abdae1d2e8d682005decb2759a2810247007cc
venue_year_topic,impact,c,top5,Top Cited (5%),M3_quantity,quantity,GPU Count,-0.3401410062503616,0.008975558678462656,0.0020569366820536337,0.004871005435506243,0.013080111921419068,0.8975558678462656,0.20569366820536336,0.4871005435506243,1.3080111921419069,percentage_points,0.05,0.95,-1.2492117265811236,1.8855148952490899,29239,69,1b6b84deb2b845abca82df6d98abdae1d2e8d682005decb2759a2810247007cc
venue_year_topic,impact,c,top5,Top Cited (5%),M3_quantity,quantity,GPU Count,-0.3087937400320594,0.008841128147360312,0.0020197732166642368,0.004810733444972709,0.012871522849747914,0.8841128147360312,0.20197732166642368,0.4810733444972709,1.2871522849747914,percentage_points,0.05,0.95,-1.2492117265811236,1.8855148952490899,29239,69,1b6b84deb2b845abca82df6d98abdae1d2e8d682005decb2759a2810247007cc
venue_year_topic,impact,c,top5,Top Cited (5%),M3_quantity,quantity,GPU Count,-0.2774464738137572,0.008706697616257968,0.001983100920159731,0.00474948134218929,0.012663913890326645,0.8706697616257968,0.1983100920159731,0.47494813421892895,1.2663913890326643,percentage_points,0.05,0.95,-1.2492117265811236,1.8855148952490899,29239,69,1b6b84deb2b845abca82df6d98abdae1d2e8d682005decb2759a2810247007cc
venue_year_topic,impact,c,top5,Top Cited (5%),M3_quantity,quantity,GPU Count,-0.24609920759545512,0.008572267085155624,0.0019469475474008886,0.004687193743193618,0.01245734042711763,0.8572267085155624,0.19469475474008885,0.4687193743193618,1.2457340427117631,percentage_points,0.05,0.95,-1.2492117265811236,1.8855148952490899,29239,69,1b6b84deb2b845abca82df6d98abdae1d2e8d682005decb2759a2810247007cc
venue_year_topic,impact,c,top5,Top Cited (5%),M3_quantity,quantity,GPU Count,-0.21475194137715303,0.00843783655405328,0.0019113425452100645,0.004623811887766555,0.012251861220340004,0.843783655405328,0.19113425452100646,0.4623811887766555,1.2251861220340003,percentage_points,0.05,0.95,-1.2492117265811236,1.8855148952490899,29239,69,1b6b84deb2b845abca82df6d98abdae1d2e8d682005decb2759a2810247007cc
venue_year_topic,impact,c,top5,Top Cited (5%),M3_quantity,quantity,GPU Count,-0.18340467515885095,0.008303406022950937,0.0018763171314939348,0.004559273481545226,0.012047538564356648,0.8303406022950938,0.18763171314939348,0.4559273481545226,1.2047538564356648,percentage_points,0.05,0.95,-1.2492117265811236,1.8855148952490899,29239,69,1b6b84deb2b845abca82df6d98abdae1d2e8d682005decb2759a2810247007cc
venue_year_topic,impact,c,top5,Top Cited (5%),M3_quantity,quantity,GPU Count,-0.15205740894054864,0.008168975491848592,0.0018419043706862078,0.004493512545479426,0.011844438438217756,0.8168975491848591,0.1841904370686208,0.4493512545479426,1.1844438438217757,percentage_points,0.05,0.95,-1.2492117265811236,1.8855148952490899,29239,69,1b6b84deb2b845abca82df6d98abdae1d2e8d682005decb2759a2810247007cc
venue_year_topic,impact,c,top5,Top Cited (5%),M3_quantity,quantity,GPU Count,-0.12071014272224656,0.00803454496074625,0.0018081392434146414,0.004426459276813269,0.01164263064467923,0.8034544960746249,0.18081392434146415,0.44264592768132693,1.164263064467923,percentage_points,0.05,0.95,-1.2492117265811236,1.8855148952490899,29239,69,1b6b84deb2b845abca82df6d98abdae1d2e8d682005decb2759a2810247007cc
venue_year_topic,impact,c,top5,Top Cited (5%),M3_quantity,quantity,GPU Count,-0.08936287650394448,0.007900114429643905,0.0017750587078761582,0.004358039926613029,0.011442188932674782,0.7900114429643905,0.17750587078761582,0.4358039926613029,1.1442188932674782,percentage_points,0.05,0.95,-1.2492117265811236,1.8855148952490899,29239,69,1b6b84deb2b845abca82df6d98abdae1d2e8d682005decb2759a2810247007cc
venue_year_topic,impact,c,top5,Top Cited (5%),M3_quantity,quantity,GPU Count,-0.05801561028564217,0.007765683898541561,0.0017427017499404966,0.004288176699786881,0.011243191097296242,0.7765683898541561,0.17427017499404965,0.4288176699786881,1.1243191097296241,percentage_points,0.05,0.95,-1.2492117265811236,1.8855148952490899,29239,69,1b6b84deb2b845abca82df6d98abdae1d2e8d682005decb2759a2810247007cc
venue_year_topic,impact,c,top5,Top Cited (5%),M3_quantity,quantity,GPU Count,-0.02666834406734009,0.007631253367439218,0.0017111094185037236,0.004216787684538052,0.011045719050340384,0.7631253367439218,0.17111094185037234,0.4216787684538052,1.1045719050340383,percentage_points,0.05,0.95,-1.2492117265811236,1.8855148952490899,29239,69,1b6b84deb2b845abca82df6d98abdae1d2e8d682005decb2759a2810247007cc
venue_year_topic,impact,c,top5,Top Cited (5%),M3_quantity,quantity,GPU Count,0.004678922150961995,0.007496822836336875,0.0016803248420904872,0.00414378681923555,0.010849858853438199,0.7496822836336875,0.1680324842090487,0.414378681923555,1.08498588534382,percentage_points,0.05,0.95,-1.2492117265811236,1.8855148952490899,29239,69,1b6b84deb2b845abca82df6d98abdae1d2e8d682005decb2759a2810247007cc
venue_year_topic,impact,c,top5,Top Cited (5%),M3_quantity,quantity,GPU Count,0.03602618836926408,0.007362392305234531,0.0016503932221772115,0.004069083905737514,0.010655700704731548,0.7362392305234531,0.16503932221772116,0.4069083905737514,1.0655700704731548,percentage_points,0.05,0.95,-1.2492117265811236,1.8855148952490899,29239,69,1b6b84deb2b845abca82df6d98abdae1d2e8d682005decb2759a2810247007cc
venue_year_topic,impact,c,top5,Top Cited (5%),M3_quantity,quantity,GPU Count,0.06737345458756616,0.007227961774132188,0.0016213617982049303,0.003992584679207026,0.01046333886905735,0.7227961774132188,0.16213617982049303,0.39925846792070263,1.046333886905735,percentage_points,0.05,0.95,-1.2492117265811236,1.8855148952490899,29239,69,1b6b84deb2b845abca82df6d98abdae1d2e8d682005decb2759a2810247007cc
venue_year_topic,impact,c,top5,Top Cited (5%),M3_quantity,quantity,GPU Count,0.09872072080586847,0.007093531243029844,0.0015932797788072123,0.003914190945344639,0.010272871540715049,0.7093531243029844,0.15932797788072123,0.3914190945344639,1.027287154071505,percentage_points,0.05,0.95,-1.2492117265811236,1.8855148952490899,29239,69,1b6b84deb2b845abca82df6d98abdae1d2e8d682005decb2759a2810247007cc
venue_year_topic,impact,c,top5,Top Cited (5%),M3_quantity,quantity,GPU Count,0.13006798702417055,0.0069591007119275,0.0015661982334434497,0.003833800796630791,0.010084400627224209,0.69591007119275,0.15661982334434496,0.3833800796630791,1.0084400627224208,percentage_points,0.05,0.95,-1.2492117265811236,1.8855148952490899,29239,69,1b6b84deb2b845abca82df6d98abdae1d2e8d682005decb2759a2810247007cc
venue_year_topic,impact,c,top5,Top Cited (5%),M3_quantity,quantity,GPU Count,0.16141525324247263,0.006824670180825157,0.0015401699384595825,0.0037513089195068457,0.009898031442143468,0.6824670180825156,0.15401699384595824,0.37513089195068455,0.9898031442143468,percentage_points,0.05,0.95,-1.2492117265811236,1.8855148952490899,29239,69,1b6b84deb2b845abca82df6d98abdae1d2e8d682005decb2759a2810247007cc
venue_year_topic,impact,c,top5,Top Cited (5%),M3_quantity,quantity,GPU Count,0.19276251946077494,0.006690239649722813,0.001515249171666361,0.0036666070042877838,0.009713872295157841,0.6690239649722812,0.1515249171666361,0.36666070042877835,0.9713872295157842,percentage_points,0.05,0.95,-1.2492117265811236,1.8855148952490899,29239,69,1b6b84deb2b845abca82df6d98abdae1d2e8d682005decb2759a2810247007cc
venue_year_topic,impact,c,top5,Top Cited (5%),M3_quantity,quantity,GPU Count,0.22410978567907702,0.006555809118620469,0.001491491449906563,0.0035795842688386716,0.009532033968402265,0.6555809118620468,0.1491491449906563,0.35795842688386714,0.9532033968402265,percentage_points,0.05,0.95,-1.2492117265811236,1.8855148952490899,29239,69,1b6b84deb2b845abca82df6d98abdae1d2e8d682005decb2759a2810247007cc
venue_year_topic,impact,c,top5,Top Cited (5%),M3_quantity,quantity,GPU Count,0.2554570518973791,0.0064213785875181255,0.0014689532048574446,0.0034901281055007964,0.009352629069535455,0.6421378587518125,0.14689532048574447,0.34901281055007966,0.9352629069535455,percentage_points,0.05,0.95,-1.2492117265811236,1.8855148952490899,29239,69,1b6b84deb2b845abca82df6d98abdae1d2e8d682005decb2759a2810247007cc
venue_year_topic,impact,c,top5,Top Cited (5%),M3_quantity,quantity,GPU Count,0.2868043181156812,0.006286948056415782,0.0014476913935591803,0.0033981248582700637,0.009175771254561501,0.6286948056415782,0.14476913935591804,0.33981248582700635,0.9175771254561501,percentage_points,0.05,0.95,-1.2492117265811236,1.8855148952490899,29239,69,1b6b84deb2b845abca82df6d98abdae1d2e8d682005decb2759a2810247007cc
venue_year_topic,impact,c,top5,Top Cited (5%),M3_quantity,quantity,GPU Count,0.3181515843339833,0.006152517525313438,0.0014277630419356972,0.00330346073368699,0.009001574316939886,0.6152517525313438,0.1427763041935697,0.330346073368699,0.9001574316939885,percentage_points,0.05,0.95,-1.2492117265811236,1.8855148952490899,29239,69,1b6b84deb2b845abca82df6d98abdae1d2e8d682005decb2759a2810247007cc
venue_year_topic,impact,c,top5,Top Cited (5%),M3_quantity,quantity,GPU Count,0.3494988505522856,0.006018086994211094,0.001409224721915357,0.0032060228442261384,0.00883015114419605,0.6018086994211094,0.1409224721915357,0.32060228442261385,0.883015114419605,percentage_points,0.05,0.95,-1.2492117265811236,1.8855148952490899,29239,69,1b6b84deb2b845abca82df6d98abdae1d2e8d682005decb2759a2810247007cc
venue_year_topic,impact,c,top5,Top Cited (5%),M3_quantity,quantity,GPU Count,0.38084611677058766,0.005883656463108751,0.0013921319656574032,0.003105700377189045,0.008661612549028457,0.5883656463108751,0.13921319656574033,0.3105700377189045,0.8661612549028457,percentage_points,0.05,0.95,-1.2492117265811236,1.8855148952490899,29239,69,1b6b84deb2b845abca82df6d98abdae1d2e8d682005decb2759a2810247007cc
venue_year_topic,impact,c,top5,Top Cited (5%),M3_quantity,quantity,GPU Count,0.41219338298888974,0.005749225932006408,0.0013765386237809178,0.0030023858753383927,0.008496065988674424,0.5749225932006408,0.1376538623780918,0.30023858753383925,0.8496065988674424,percentage_points,0.05,0.95,-1.2492117265811236,1.8855148952490899,29239,69,1b6b84deb2b845abca82df6d98abdae1d2e8d682005decb2759a2810247007cc
venue_year_topic,impact,c,top5,Top Cited (5%),M3_quantity,quantity,GPU Count,0.44354064920719205,0.005614795400904063,0.001362496178241968,0.0028959766080303177,0.00833361419377781,0.5614795400904063,0.1362496178241968,0.2895976608030318,0.833361419377781,percentage_points,0.05,0.95,-1.2492117265811236,1.8855148952490899,29239,69,1b6b84deb2b845abca82df6d98abdae1d2e8d682005decb2759a2810247007cc
venue_year_topic,impact,c,top5,Top Cited (5%),M3_quantity,quantity,GPU Count,0.47488791542549413,0.00548036486980172,0.0013500530244012873,0.0027863760038260546,0.008174353735777386,0.548036486980172,0.13500530244012873,0.2786376003826055,0.8174353735777385,percentage_points,0.05,0.95,-1.2492117265811236,1.8855148952490899,29239,69,1b6b84deb2b845abca82df6d98abdae1d2e8d682005decb2759a2810247007cc
venue_year_topic,impact,c,top5,Top Cited (5%),M3_quantity,quantity,GPU Count,0.5062351816437962,0.005345934338699376,0.0013392537405861318,0.0026734951080585466,0.008018373569340206,0.5345934338699376,0.13392537405861318,0.2673495108058547,0.8018373569340206,percentage_points,0.05,0.95,-1.2492117265811236,1.8855148952490899,29239,69,1b6b84deb2b845abca82df6d98abdae1d2e8d682005decb2759a2810247007cc
venue_year_topic,impact,c,top5,Top Cited (5%),M3_quantity,quantity,GPU Count,0.5375824478620983,0.005211503807597034,0.0013301383667350616,0.002557254022274383,0.007865753592919685,0.5211503807597033,0.13301383667350616,0.2557254022274383,0.7865753592919685,percentage_points,0.05,0.95,-1.2492117265811236,1.8855148952490899,29239,69,1b6b84deb2b845abca82df6d98abdae1d2e8d682005decb2759a2810247007cc
venue_year_topic,impact,c,top5,Top Cited (5%),M3_quantity,quantity,GPU Count,0.5689297140804004,0.00507707327649469,0.0013227417161543959,0.0024375832776024,0.00771656327538698,0.507707327649469,0.13227417161543958,0.24375832776024,0.771656327538698,percentage_points,0.05,0.95,-1.2492117265811236,1.8855148952490899,29239,69,1b6b84deb2b845abca82df6d98abdae1d2e8d682005decb2759a2810247007cc
venue_year_topic,impact,c,top5,Top Cited (5%),M3_quantity,quantity,GPU Count,0.6002769802987027,0.004942642745392346,0.001317092745655113,0.0023144250916259388,0.0075708603991587525,0.49426427453923455,0.1317092745655113,0.23144250916259387,0.7570860399158752,percentage_points,0.05,0.95,-1.2492117265811236,1.8855148952490899,29239,69,1b6b84deb2b845abca82df6d98abdae1d2e8d682005decb2759a2810247007cc
venue_year_topic,impact,c,top5,Top Cited (5%),M3_quantity,quantity,GPU Count,0.6316242465170048,0.004808212214290002,0.001313214009088907,0.0021877344588346597,0.0074286899697453435,0.4808212214290002,0.1313214009088907,0.21877344588346598,0.7428689969745343,percentage_points,0.05,0.95,-1.2492117265811236,1.8855148952490899,29239,69,1b6b84deb2b845abca82df6d98abdae1d2e8d682005decb2759a2810247007cc
venue_year_topic,impact,c,top5,Top Cited (5%),M3_quantity,quantity,GPU Count,0.6629715127353069,0.0046737816831876585,0.0013111212173880736,0.0020574800285512837,0.007290083337824034,0.46737816831876583,0.13111212173880737,0.20574800285512837,0.7290083337824034,percentage_points,0.05,0.95,-1.2492117265811236,1.8855148952490899,29239,69,1b6b84deb2b845abca82df6d98abdae1d2e8d682005decb2759a2810247007cc
venue_year_topic,impact,c,top5,Top Cited (5%),M3_quantity,quantity,GPU Count,0.6943187789536092,0.004539351152085314,0.0013108229246205593,0.0019236447313989839,0.007155057572771644,0.45393511520853136,0.13108229246205594,0.19236447313989838,0.7155057572771644,percentage_points,0.05,0.95,-1.2492117265811236,1.8855148952490899,29239,69,1b6b84deb2b845abca82df6d98abdae1d2e8d682005decb2759a2810247007cc
venue_year_topic,impact,c,top5,Top Cited (5%),M3_quantity,quantity,GPU Count,0.7256660451719112,0.004404920620982971,0.0013123203544654018,0.0017862261255642627,0.00702361511640168,0.4404920620982971,0.13123203544654016,0.17862261255642628,0.702361511640168,percentage_points,0.05,0.95,-1.2492117265811236,1.8855148952490899,29239,69,1b6b84deb2b845abca82df6d98abdae1d2e8d682005decb2759a2810247007cc
venue_year_topic,impact,c,top5,Top Cited (5%),M3_quantity,quantity,GPU Count,0.7570133113902133,0.004270490089880627,0.0013156073752398118,0.0016452364466296191,0.0068957437331316354,0.42704900898806275,0.13156073752398117,0.1645236446629619,0.6895743733131635,percentage_points,0.05,0.95,-1.2492117265811236,1.8855148952490899,29239,69,1b6b84deb2b845abca82df6d98abdae1d2e8d682005decb2759a2810247007cc
venue_year_topic,impact,c,top5,Top Cited (5%),M3_quantity,quantity,GPU Count,0.7883605776085156,0.004136059558778283,0.001320670624657929,0.0015007023586213418,0.006771416758935224,0.41360595587782834,0.13206706246579292,0.1500702358621342,0.6771416758935225,percentage_points,0.05,0.95,-1.2492117265811236,1.8855148952490899,29239,69,1b6b84deb2b845abca82df6d98abdae1d2e8d682005decb2759a2810247007cc
venue_year_topic,impact,c,top5,Top Cited (5%),M3_quantity,quantity,GPU Count,0.8197078438268175,0.004001629027675941,0.0013274897784507156,0.0013526644179868517,0.00665059363736503,0.4001629027675941,0.13274897784507156,0.13526644179868516,0.665059363736503,percentage_points,0.05,0.95,-1.2492117265811236,1.8855148952490899,29239,69,1b6b84deb2b845abca82df6d98abdae1d2e8d682005decb2759a2810247007cc
venue_year_topic,impact,c,top5,Top Cited (5%),M3_quantity,quantity,GPU Count,0.8510551100451198,0.003867198496573596,0.001336037950417459,0.0012011762753043513,0.006533220717842841,0.3867198496573596,0.13360379504174588,0.12011762753043513,0.6533220717842841,percentage_points,0.05,0.95,-1.2492117265811236,1.8855148952490899,29239,69,1b6b84deb2b845abca82df6d98abdae1d2e8d682005decb2759a2810247007cc
venue_year_topic,impact,c,top5,Top Cited (5%),M3_quantity,quantity,GPU Count,0.8824023762634217,0.003732767965471254,0.0013462822059390172,0.0010463036505831106,0.0064192322803593976,0.37327679654712537,0.13462822059390173,0.10463036505831105,0.6419232280359397,percentage_points,0.05,0.95,-1.2492117265811236,1.8855148952490899,29239,69,1b6b84deb2b845abca82df6d98abdae1d2e8d682005decb2759a2810247007cc
venue_year_topic,impact,c,top5,Top Cited (5%),M3_quantity,quantity,GPU Count,0.913749642481724,0.00359833743436891,0.0013581841668596191,0.0008881231262406132,0.006308551742497207,0.359833743436891,0.13581841668596192,0.08881231262406132,0.6308551742497207,percentage_points,0.05,0.95,-1.2492117265811236,1.8855148952490899,29239,69,1b6b84deb2b845abca82df6d98abdae1d2e8d682005decb2759a2810247007cc
venue_year_topic,impact,c,top5,Top Cited (5%),M3_quantity,quantity,GPU Count,0.9450969087000263,0.003463906903266565,0.001371700683165273,0.0007267208067891712,0.006201092999743959,0.3463906903266565,0.1371700683165273,0.07267208067891712,0.6201092999743959,percentage_points,0.05,0.95,-1.2492117265811236,1.8855148952490899,29239,69,1b6b84deb2b845abca82df6d98abdae1d2e8d682005decb2759a2810247007cc
venue_year_topic,impact,c,top5,Top Cited (5%),M3_quantity,quantity,GPU Count,0.9764441749183281,0.0033294763721642227,0.0013867845460963947,0.0005621908958418293,0.006096761848486616,0.3329476372164223,0.13867845460963948,0.056219089584182924,0.6096761848486616,percentage_points,0.05,0.95,-1.2492117265811236,1.8855148952490899,29239,69,1b6b84deb2b845abca82df6d98abdae1d2e8d682005decb2759a2810247007cc
venue_year_topic,impact,c,top5,Top Cited (5%),M3_quantity,quantity,GPU Count,1.0077914411366304,0.0031950458410618787,0.0014033852181048793,0.00039463423950569744,0.0059954574426180594,0.31950458410618787,0.14033852181048792,0.039463423950569745,0.599545744261806,percentage_points,0.05,0.95,-1.2492117265811236,1.8855148952490899,29239,69,1b6b84deb2b845abca82df6d98abdae1d2e8d682005decb2759a2810247007cc
venue_year_topic,impact,c,top5,Top Cited (5%),M3_quantity,quantity,GPU Count,1.0391387073549327,0.0030606153099595338,0.0014214495571445945,0.00022415688108278538,0.005897073738836282,0.3060615309959534,0.14214495571445945,0.02241568810827854,0.5897073738836283,percentage_points,0.05,0.95,-1.2492117265811236,1.8855148952490899,29239,69,1b6b84deb2b845abca82df6d98abdae1d2e8d682005decb2759a2810247007cc
venue_year_topic,impact,c,top5,Top Cited (5%),M3_quantity,quantity,GPU Count,1.0704859735732346,0.0029261847788571915,0.0014409225158299233,5.086866592085267e-05,0.005801500891793531,0.29261847788571915,0.14409225158299233,0.005086866592085267,0.5801500891793531,percentage_points,0.05,0.95,-1.2492117265811236,1.8855148952490899,29239,69,1b6b84deb2b845abca82df6d98abdae1d2e8d682005decb2759a2810247007cc
venue_year_topic,impact,c,top5,Top Cited (5%),M3_quantity,quantity,GPU Count,1.101833239791537,0.0027917542477548475,0.0014617477996400393,-0.0001251180720127868,0.005708626567522482,0.27917542477548474,0.14617477996400394,-0.012511807201278681,0.5708626567522481,percentage_points,0.05,0.95,-1.2492117265811236,1.8855148952490899,29239,69,1b6b84deb2b845abca82df6d98abdae1d2e8d682005decb2759a2810247007cc
venue_year_topic,impact,c,top5,Top Cited (5%),M3_quantity,quantity,GPU Count,1.1331805060098392,0.0026573237166525026,0.0014838684722330163,-0.0003036897180167487,0.005618337151321754,0.26573237166525027,0.14838684722330164,-0.03036897180167487,0.5618337151321754,percentage_points,0.05,0.95,-1.2492117265811236,1.8855148952490899,29239,69,1b6b84deb2b845abca82df6d98abdae1d2e8d682005decb2759a2810247007cc
venue_year_topic,impact,c,top5,Top Cited (5%),M3_quantity,quantity,GPU Count,1.164527772228141,0.0025228931855501603,0.001507227499758939,-0.00048473246281548416,0.005530518833915804,0.252289318555016,0.1507227499758939,-0.048473246281548414,0.5530518833915804,percentage_points,0.05,0.95,-1.2492117265811236,1.8855148952490899,29239,69,1b6b84deb2b845abca82df6d98abdae1d2e8d682005decb2759a2810247007cc
venue_year_topic,impact,c,top5,Top Cited (5%),M3_quantity,quantity,GPU Count,1.1958750384464434,0.0023884626544478163,0.0015317682295895186,-0.0006681332578493634,0.005445058566744996,0.23884626544478163,0.15317682295895185,-0.06681332578493634,0.5445058566744996,percentage_points,0.05,0.95,-1.2492117265811236,1.8855148952490899,29239,69,1b6b84deb2b845abca82df6d98abdae1d2e8d682005decb2759a2810247007cc
venue_year_topic,impact,c,top5,Top Cited (5%),M3_quantity,quantity,GPU Count,1.2272223046647452,0.002254032123345474,0.0015574348019541048,-0.0008537806366815336,0.005361844883372482,0.2254032123345474,0.15574348019541048,-0.08537806366815336,0.5361844883372482,percentage_points,0.05,0.95,-1.2492117265811236,1.8855148952490899,29239,69,1b6b84deb2b845abca82df6d98abdae1d2e8d682005decb2759a2810247007cc
venue_year_topic,impact,c,top5,Top Cited (5%),M3_quantity,quantity,GPU Count,1.2585695708830476,0.002119601592243129,0.0015841724955015552,-0.0010415654045559078,0.005280768589042166,0.2119601592243129,0.15841724955015551,-0.10415654045559078,0.5280768589042165,percentage_points,0.05,0.95,-1.2492117265811236,1.8855148952490899,29239,69,1b6b84deb2b845abca82df6d98abdae1d2e8d682005decb2759a2810247007cc
venue_year_topic,impact,c,top5,Top Cited (5%),M3_quantity,quantity,GPU Count,1.2899168371013499,0.001985171061140785,0.0016119280097688033,-0.0012313812020544029,0.005201723324335973,0.19851710611407852,0.16119280097688032,-0.1231381202054403,0.5201723324335973,percentage_points,0.05,0.95,-1.2492117265811236,1.8855148952490899,29239,69,1b6b84deb2b845abca82df6d98abdae1d2e8d682005decb2759a2810247007cc
venue_year_topic,impact,c,top5,Top Cited (5%),M3_quantity,quantity,GPU Count,1.3212641033196517,0.0018507405300384428,0.001640649688952091,-0.001423124951625491,0.005124606011702377,0.18507405300384427,0.1640649688952091,-0.1423124951625491,0.5124606011702377,percentage_points,0.05,0.95,-1.2492117265811236,1.8855148952490899,29239,69,1b6b84deb2b845abca82df6d98abdae1d2e8d682005decb2759a2810247007cc
venue_year_topic,impact,c,top5,Top Cited (5%),M3_quantity,quantity,GPU Count,1.352611369537954,0.001716309998936098,0.0016702876922996713,-0.0016166971975975462,0.005049317195469742,0.1716309998936098,0.16702876922996712,-0.16166971975975464,0.5049317195469742,percentage_points,0.05,0.95,-1.2492117265811236,1.8855148952490899,29239,69,1b6b84deb2b845abca82df6d98abdae1d2e8d682005decb2759a2810247007cc
venue_year_topic,impact,c,top5,Top Cited (5%),M3_quantity,quantity,GPU Count,1.3839586357562559,0.0015818794678337557,0.0017007941169479377,-0.00181200235129451,0.004975761286962021,0.15818794678337555,0.17007941169479376,-0.181200235129451,0.49757612869620216,percentage_points,0.05,0.95,-1.2492117265811236,1.8855148952490899,29239,69,1b6b84deb2b845abca82df6d98abdae1d2e8d682005decb2759a2810247007cc
venue_year_topic,impact,c,top5,Top Cited (5%),M3_quantity,quantity,GPU Count,1.4153059019745582,0.0014474489367314117,0.0017321230791861935,-0.002008948853197232,0.004903846726660055,0.14474489367314117,0.17321230791861936,-0.20089488531972322,0.4903846726660055,percentage_points,0.05,0.95,-1.2492117265811236,1.8855148952490899,29239,69,1b6b84deb2b845abca82df6d98abdae1d2e8d682005decb2759a2810247007cc
venue_year_topic,impact,c,top5,Top Cited (5%),M3_quantity,quantity,GPU Count,1.4466531681928605,0.0013130184056290668,0.0017642307600373576,-0.0022074492638983396,0.004833486075156473,0.13130184056290667,0.17642307600373575,-0.22074492638983395,0.4833486075156473,percentage_points,0.05,0.95,-1.2492117265811236,1.8855148952490899,29239,69,1b6b84deb2b845abca82df6d98abdae1d2e8d682005decb2759a2810247007cc
venue_year_topic,impact,c,top5,Top Cited (5%),M3_quantity,quantity,GPU Count,1.4780004344111624,0.0011785878745267245,0.0017970754207551533,-0.002407420295026398,0.004764596044079847,0.11785878745267245,0.17970754207551534,-0.2407420295026398,0.4764596044079847,percentage_points,0.05,0.95,-1.2492117265811236,1.8855148952490899,29239,69,1b6b84deb2b845abca82df6d98abdae1d2e8d682005decb2759a2810247007cc
venue_year_topic,impact,c,top5,Top Cited (5%),M3_quantity,quantity,GPU Count,1.5093477006294647,0.0010441573434243805,0.0018306173934250765,-0.0026087827904904422,0.004697097477339204,0.10441573434243805,0.18306173934250763,-0.2608782790490442,0.4697097477339204,percentage_points,0.05,0.95,-1.2492117265811236,1.8855148952490899,29239,69,1b6b84deb2b845abca82df6d98abdae1d2e8d682005decb2759a2810247007cc
venue_year_topic,impact,c,top5,Top Cited (5%),M3_quantity,quantity,GPU Count,1.540694966847767,0.0009097268123220356,0.0018648190513683408,-0.002811461667421962,0.004630915292066033,0.09097268123220356,0.18648190513683408,-0.28114616674219617,0.4630915292066033,percentage_points,0.05,0.95,-1.2492117265811236,1.8855148952490899,29239,69,1b6b84deb2b845abca82df6d98abdae1d2e8d682005decb2759a2810247007cc
venue_year_topic,impact,c,top5,Top Cited (5%),M3_quantity,quantity,GPU Count,1.5720422330660688,0.0007752962812196933,0.0018996447635255395,-0.0030153858251489125,0.004565978387588299,0.07752962812196934,0.18996447635255395,-0.30153858251489124,0.4565978387588299,percentage_points,0.05,0.95,-1.2492117265811236,1.8855148952490899,29239,69,1b6b84deb2b845abca82df6d98abdae1d2e8d682005decb2759a2810247007cc
venue_year_topic,impact,c,top5,Top Cited (5%),M3_quantity,quantity,GPU Count,1.6033894992843711,0.0006408657501173493,0.001935060836470388,-0.0032204880294859546,0.004502219529720653,0.06408657501173493,0.19350608364703878,-0.32204880294859545,0.4502219529720653,percentage_points,0.05,0.95,-1.2492117265811236,1.8855148952490899,29239,69,1b6b84deb2b845abca82df6d98abdae1d2e8d682005decb2759a2810247007cc
venue_year_topic,impact,c,top5,Top Cited (5%),M3_quantity,quantity,GPU Count,1.6347367655026734,0.0005064352190150044,0.001971035447195392,-0.003426704778610328,0.004439575216640337,0.05064352190150044,0.19710354471953923,-0.34267047786103283,0.4439575216640337,percentage_points,0.05,0.95,-1.2492117265811236,1.8855148952490899,29239,69,1b6b84deb2b845abca82df6d98abdae1d2e8d682005decb2759a2810247007cc
venue_year_topic,impact,c,top5,Top Cited (5%),M3_quantity,quantity,GPU Count,1.6660840317209753,0.00037200468791266216,0.0020075385693350423,-0.0036339761558425313,0.004377985531667856,0.03720046879126622,0.20075385693350423,-0.36339761558425315,0.43779855316678556,percentage_points,0.05,0.95,-1.2492117265811236,1.8855148952490899,29239,69,1b6b84deb2b845abca82df6d98abdae1d2e8d682005decb2759a2810247007cc
venue_year_topic,impact,c,top5,Top Cited (5%),M3_quantity,quantity,GPU Count,1.6974312979392776,0.00023757415681031815,0.0020445418950568433,-0.003842245673782308,0.004317393987402944,0.023757415681031815,0.20445418950568434,-0.3842245673782308,0.43173939874029443,percentage_points,0.05,0.95,-1.2492117265811236,1.8855148952490899,29239,69,1b6b84deb2b845abca82df6d98abdae1d2e8d682005decb2759a2810247007cc
venue_year_topic,impact,c,top5,Top Cited (5%),M3_quantity,quantity,GPU Count,1.7287785641575795,0.00010314362570797587,0.0020820187544605003,-0.004051460113472212,0.004257747364888164,0.010314362570797587,0.20820187544605004,-0.4051460113472212,0.4257747364888164,percentage_points,0.05,0.95,-1.2492117265811236,1.8855148952490899,29239,69,1b6b84deb2b845abca82df6d98abdae1d2e8d682005decb2759a2810247007cc
venue_year_topic,impact,c,top5,Top Cited (5%),M3_quantity,quantity,GPU Count,1.7601258303758818,-3.1286905394369013e-05,0.0021199440339819517,-0.004261569361575406,0.004198995550786668,-0.0031286905394369013,0.21199440339819517,-0.4261569361575406,0.4198995550786668,percentage_points,0.05,0.95,-1.2492117265811236,1.8855148952490899,29239,69,1b6b84deb2b845abca82df6d98abdae1d2e8d682005decb2759a2810247007cc
venue_year_topic,impact,c,top5,Top Cited (5%),M3_quantity,quantity,GPU Count,1.791473096594184,-0.00016571743649671303,0.002158294095000465,-0.004472526247958632,0.004141091374965206,-0.016571743649671303,0.21582940950004648,-0.4472526247958632,0.4141091374965206,percentage_points,0.05,0.95,-1.2492117265811236,1.8855148952490899,29239,69,1b6b84deb2b845abca82df6d98abdae1d2e8d682005decb2759a2810247007cc
venue_year_topic,impact,c,top5,Top Cited (5%),M3_quantity,quantity,GPU Count,1.822820362812486,-0.0003001479675990553,0.0021970466935911635,-0.0046842863855608855,0.004083990450362775,-0.03001479675990553,0.21970466935911634,-0.4684286385560886,0.4083990450362775,percentage_points,0.05,0.95,-1.2492117265811236,1.8855148952490899,29239,69,1b6b84deb2b845abca82df6d98abdae1d2e8d682005decb2759a2810247007cc
venue_year_topic,impact,c,top5,Top Cited (5%),M3_quantity,quantity,GPU Count,1.8541676290307882,-0.0004345784987013993,0.0022361809021484926,-0.004896808013995475,0.004027651016592676,-0.04345784987013993,0.22361809021484927,-0.4896808013995475,0.4027651016592676,percentage_points,0.05,0.95,-1.2492117265811236,1.8855148952490899,29239,69,1b6b84deb2b845abca82df6d98abdae1d2e8d682005decb2759a2810247007cc
venue_year_topic,impact,c,top5,Top Cited (5%),M3_quantity,quantity,GPU Count,1.8855148952490899,-0.0005690090298037416,0.0022756770334243855,-0.005110051847970537,0.0039720337883630535,-0.05690090298037416,0.22756770334243856,-0.5110051847970537,0.39720337883630535,percentage_points,0.05,0.95,-1.2492117265811236,1.8855148952490899,29239,69,1b6b84deb2b845abca82df6d98abdae1d2e8d682005decb2759a2810247007cc
venue_year_topic,impact,d,top1,Top Cited (1%),M3_api,api,API,-1.2492117265811236,0.019711878963432683,0.005545409133792828,0.008646187324881816,0.03077757060198355,1.9711878963432683,0.5545409133792828,0.8646187324881816,3.077757060198355,percentage_points,0.05,0.95,-1.2492117265811236,1.8855148952490899,29239,69,1b6b84deb2b845abca82df6d98abdae1d2e8d682005decb2759a2810247007cc
venue_year_topic,impact,d,top1,Top Cited (1%),M3_api,api,API,-1.2178644603628215,0.01939302540849189,0.005450932802248428,0.008515858354293339,0.030270192462690443,1.939302540849189,0.5450932802248428,0.8515858354293339,3.0270192462690444,percentage_points,0.05,0.95,-1.2492117265811236,1.8855148952490899,29239,69,1b6b84deb2b845abca82df6d98abdae1d2e8d682005decb2759a2810247007cc
venue_year_topic,impact,d,top1,Top Cited (1%),M3_api,api,API,-1.1865171941445194,0.0190741718535511,0.005356936552082788,0.008384571396228988,0.02976377231087321,1.9074171853551098,0.5356936552082788,0.8384571396228988,2.976377231087321,percentage_points,0.05,0.95,-1.2492117265811236,1.8855148952490899,29239,69,1b6b84deb2b845abca82df6d98abdae1d2e8d682005decb2759a2810247007cc
venue_year_topic,impact,d,top1,Top Cited (1%),M3_api,api,API,-1.155169927926217,0.01875531829861031,0.0052634461036844575,0.008252275126452513,0.02925836147076811,1.875531829861031,0.5263446103684457,0.8252275126452513,2.925836147076811,percentage_points,0.05,0.95,-1.2492117265811236,1.8855148952490899,29239,69,1b6b84deb2b845abca82df6d98abdae1d2e8d682005decb2759a2810247007cc
venue_year_topic,impact,d,top1,Top Cited (1%),M3_api,api,API,-1.123822661707915,0.018436464743669518,0.005170488894164586,0.008118914795061037,0.028754014692278,1.8436464743669518,0.5170488894164587,0.8118914795061037,2.8754014692278,percentage_points,0.05,0.95,-1.2492117265811236,1.8855148952490899,29239,69,1b6b84deb2b845abca82df6d98abdae1d2e8d682005decb2759a2810247007cc
venue_year_topic,impact,d,top1,Top Cited (1%),M3_api,api,API,-1.092475395489613,0.018117611188728726,0.005078094207269622,0.007984431967248335,0.028250790410209115,1.8117611188728726,0.5078094207269621,0.7984431967248335,2.8250790410209117,percentage_points,0.05,0.95,-1.2492117265811236,1.8855148952490899,29239,69,1b6b84deb2b845abca82df6d98abdae1d2e8d682005decb2759a2810247007cc
venue_year_topic,impact,d,top1,Top Cited (1%),M3_api,api,API,-1.0611281292713106,0.017798757633787937,0.004986293313280817,0.00784876424413969,0.027748751023436186,1.7798757633787936,0.49862933132808174,0.7848764244139691,2.7748751023436187,percentage_points,0.05,0.95,-1.2492117265811236,1.8855148952490899,29239,69,1b6b84deb2b845abca82df6d98abdae1d2e8d682005decb2759a2810247007cc
venue_year_topic,impact,d,top1,Top Cited (1%),M3_api,api,API,-1.0297808630530085,0.017479904078847145,0.004895119619495571,0.007711844962511056,0.027247963195183234,1.7479904078847146,0.4895119619495571,0.7711844962511056,2.7247963195183234,percentage_points,0.05,0.95,-1.2492117265811236,1.8855148952490899,29239,69,1b6b84deb2b845abca82df6d98abdae1d2e8d682005decb2759a2810247007cc
venue_year_topic,impact,d,top1,Top Cited (1%),M3_api,api,API,-0.9984335968347064,0.017161050523906353,0.0048046088318623465,0.007573602872251608,0.026748498175561096,1.7161050523906354,0.48046088318623464,0.7573602872251608,2.6748498175561095,percentage_points,0.05,0.95,-1.2492117265811236,1.8855148952490899,29239,69,1b6b84deb2b845abca82df6d98abdae1d2e8d682005decb2759a2810247007cc
venue_year_topic,impact,d,top1,Top Cited (1%),M3_api,api,API,-0.9670863306164044,0.016842196968965564,0.0047147991282966255,0.007433961790517139,0.026250432147413988,1.6842196968965564,0.47147991282966256,0.7433961790517138,2.6250432147413987,percentage_points,0.05,0.95,-1.2492117265811236,1.8855148952490899,29239,69,1b6b84deb2b845abca82df6d98abdae1d2e8d682005decb2759a2810247007cc
venue_year_topic,impact,d,top1,Top Cited (1%),M3_api,api,API,-0.9357390643981022,0.016523343414024772,0.004625731344133737,0.007292840231664689,0.025753846596384855,1.6523343414024771,0.4625731344133737,0.7292840231664689,2.5753846596384857,percentage_points,0.05,0.95,-1.2492117265811236,1.8855148952490899,29239,69,1b6b84deb2b845abca82df6d98abdae1d2e8d682005decb2759a2810247007cc
venue_year_topic,impact,d,top1,Top Cited (1%),M3_api,api,API,-0.9043917981798,0.01620448985908398,0.004537449170068328,0.007150151012270503,0.025258828705897456,1.620448985908398,0.45374491700683284,0.7150151012270503,2.5258828705897454,percentage_points,0.05,0.95,-1.2492117265811236,1.8855148952490899,29239,69,1b6b84deb2b845abca82df6d98abdae1d2e8d682005decb2759a2810247007cc
venue_year_topic,impact,d,top1,Top Cited (1%),M3_api,api,API,-0.8730445319614979,0.01588563630414319,0.004449999362780174,0.0070058008308327546,0.024765471777453626,1.5885636304143191,0.44499993627801737,0.7005800830832755,2.4765471777453625,percentage_points,0.05,0.95,-1.2492117265811236,1.8855148952490899,29239,69,1b6b84deb2b845abca82df6d98abdae1d2e8d682005decb2759a2810247007cc
venue_year_topic,impact,d,top1,Top Cited (1%),M3_api,api,API,-0.8416972657431958,0.0155667827492024,0.0043634319682415,0.006859689822168714,0.024273875676236085,1.55667827492024,0.43634319682415,0.6859689822168714,2.4273875676236085,percentage_points,0.05,0.95,-1.2492117265811236,1.8855148952490899,29239,69,1b6b84deb2b845abca82df6d98abdae1d2e8d682005decb2759a2810247007cc
venue_year_topic,impact,d,top1,Top Cited (1%),M3_api,api,API,-0.8103499995248936,0.015247929194261607,0.0042778005574287325,0.006711711087059305,0.023784147301463908,1.5247929194261607,0.42778005574287326,0.6711711087059304,2.3784147301463907,percentage_points,0.05,0.95,-1.2492117265811236,1.8855148952490899,29239,69,1b6b84deb2b845abca82df6d98abdae1d2e8d682005decb2759a2810247007cc
venue_year_topic,impact,d,top1,Top Cited (1%),M3_api,api,API,-0.7790027333065914,0.014929075639320817,0.004193162473806733,0.006561750198401977,0.023296401080239657,1.4929075639320817,0.4193162473806733,0.6561750198401977,2.3296401080239657,percentage_points,0.05,0.95,-1.2492117265811236,1.8855148952490899,29239,69,1b6b84deb2b845abca82df6d98abdae1d2e8d682005decb2759a2810247007cc
venue_year_topic,impact,d,top1,Top Cited (1%),M3_api,api,API,-0.7476554670882893,0.014610222084380026,0.004109579091498566,0.0064096846860409555,0.022810759482719097,1.4610222084380027,0.4109579091498566,0.6409684686040955,2.28107594827191,percentage_points,0.05,0.95,-1.2492117265811236,1.8855148952490899,29239,69,1b6b84deb2b845abca82df6d98abdae1d2e8d682005decb2759a2810247007cc
venue_year_topic,impact,d,top1,Top Cited (1%),M3_api,api,API,-0.7163082008699873,0.014291368529439234,0.004027116082479011,0.006255383503590905,0.022327353555287564,1.4291368529439235,0.40271160824790114,0.6255383503590904,2.2327353555287566,percentage_points,0.05,0.95,-1.2492117265811236,1.8855148952490899,29239,69,1b6b84deb2b845abca82df6d98abdae1d2e8d682005decb2759a2810247007cc
venue_year_topic,impact,d,top1,Top Cited (1%),M3_api,api,API,-0.6849609346516851,0.013972514974498444,0.00394584369041372,0.006098706481999387,0.0218463234669975,1.3972514974498444,0.394584369041372,0.6098706481999387,2.18463234669975,percentage_points,0.05,0.95,-1.2492117265811236,1.8855148952490899,29239,69,1b6b84deb2b845abca82df6d98abdae1d2e8d682005decb2759a2810247007cc
venue_year_topic,impact,d,top1,Top Cited (1%),M3_api,api,API,-0.6536136684333829,0.013653661419557653,0.0038658370078848616,0.005939503776351706,0.021367819062763603,1.3653661419557654,0.38658370078848614,0.5939503776351706,2.13678190627636,percentage_points,0.05,0.95,-1.2492117265811236,1.8855148952490899,29239,69,1b6b84deb2b845abca82df6d98abdae1d2e8d682005decb2759a2810247007cc
venue_year_topic,impact,d,top1,Top Cited (1%),M3_api,api,API,-0.6222664022150808,0.013334807864616861,0.003787176252674853,0.005777615314555293,0.02089200041467843,1.3334807864616862,0.3787176252674853,0.5777615314555293,2.0892000414678433,percentage_points,0.05,0.95,-1.2492117265811236,1.8855148952490899,29239,69,1b6b84deb2b845abca82df6d98abdae1d2e8d682005decb2759a2810247007cc
venue_year_topic,impact,d,top1,Top Cited (1%),M3_api,api,API,-0.5909191359967787,0.013015954309676073,0.003709947037499895,0.0056128702590948435,0.020419038360257304,1.3015954309676072,0.3709947037499895,0.5612870259094843,2.0419038360257304,percentage_points,0.05,0.95,-1.2492117265811236,1.8855148952490899,29239,69,1b6b84deb2b845abca82df6d98abdae1d2e8d682005decb2759a2810247007cc
venue_year_topic,impact,d,top1,Top Cited (1%),M3_api,api,API,-0.5595718697784765,0.01269710075473528,0.0036342406260760855,0.005445086496060309,0.019949115013410252,1.269710075473528,0.36342406260760857,0.544508649606031,1.9949115013410252,percentage_points,0.05,0.95,-1.2492117265811236,1.8855148952490899,29239,69,1b6b84deb2b845abca82df6d98abdae1d2e8d682005decb2759a2810247007cc
venue_year_topic,impact,d,top1,Top Cited (1%),M3_api,api,API,-0.5282246035601743,0.012378247199794488,0.0035601541666516775,0.0052740701691405606,0.019482424230448415,1.2378247199794488,0.3560154166651677,0.527407016914056,1.9482424230448416,percentage_points,0.05,0.95,-1.2492117265811236,1.8855148952490899,29239,69,1b6b84deb2b845abca82df6d98abdae1d2e8d682005decb2759a2810247007cc
venue_year_topic,impact,d,top1,Top Cited (1%),M3_api,api,API,-0.4968773373418722,0.012059393644853698,0.0034877908921508534,0.0050996152802426946,0.0190191720094647,1.2059393644853698,0.3487790892150853,0.5099615280242694,1.90191720094647,percentage_points,0.05,0.95,-1.2492117265811236,1.8855148952490899,29239,69,1b6b84deb2b845abca82df6d98abdae1d2e8d682005decb2759a2810247007cc
venue_year_topic,impact,d,top1,Top Cited (1%),M3_api,api,API,-0.46553007112357014,0.011740540089912908,0.0034172602738672597,0.004921503382801353,0.01855957679702446,1.1740540089912908,0.341726027386726,0.49215033828013527,1.8559576797024462,percentage_points,0.05,0.95,-1.2492117265811236,1.8855148952490899,29239,69,1b6b84deb2b845abca82df6d98abdae1d2e8d682005decb2759a2810247007cc
venue_year_topic,impact,d,top1,Top Cited (1%),M3_api,api,API,-0.43418280490526795,0.011421686534972116,0.0033486781132664833,0.004739503398589742,0.018103869671354487,1.1421686534972115,0.33486781132664833,0.47395033985897417,1.8103869671354487,percentage_points,0.05,0.95,-1.2492117265811236,1.8855148952490899,29239,69,1b6b84deb2b845abca82df6d98abdae1d2e8d682005decb2759a2810247007cc
venue_year_topic,impact,d,top1,Top Cited (1%),M3_api,api,API,-0.40283553868696576,0.011102832980031323,0.0032821665539893552,0.004553371593767413,0.017652294366295233,1.1102832980031323,0.3282166553989355,0.45533715937674135,1.7652294366295234,percentage_points,0.05,0.95,-1.2492117265811236,1.8855148952490899,29239,69,1b6b84deb2b845abca82df6d98abdae1d2e8d682005decb2759a2810247007cc
venue_year_topic,impact,d,top1,Top Cited (1%),M3_api,api,API,-0.37148827246866367,0.010783979425090535,0.0032178539937232223,0.004362851754738402,0.01720510709544267,1.0783979425090535,0.32178539937232226,0.4362851754738402,1.7205107095442669,percentage_points,0.05,0.95,-1.2492117265811236,1.8855148952490899,29239,69,1b6b84deb2b845abca82df6d98abdae1d2e8d682005decb2759a2810247007cc
venue_year_topic,impact,d,top1,Top Cited (1%),M3_api,api,API,-0.3401410062503616,0.010465125870149743,0.0031558748734150355,0.004167675608769949,0.016762576131529535,1.0465125870149743,0.31558748734150355,0.41676756087699496,1.6762576131529534,percentage_points,0.05,0.95,-1.2492117265811236,1.8855148952490899,29239,69,1b6b84deb2b845abca82df6d98abdae1d2e8d682005decb2759a2810247007cc
venue_year_topic,impact,d,top1,Top Cited (1%),M3_api,api,API,-0.3087937400320594,0.010146272315208952,0.003096369319593835,0.00396756353772689,0.016324981092691013,1.0146272315208953,0.3096369319593835,0.39675635377268903,1.6324981092691013,percentage_points,0.05,0.95,-1.2492117265811236,1.8855148952490899,29239,69,1b6b84deb2b845abca82df6d98abdae1d2e8d682005decb2759a2810247007cc
venue_year_topic,impact,d,top1,Top Cited (1%),M3_api,api,API,-0.2774464738137572,0.00982741876026816,0.0030394826146779253,0.0037622256350572135,0.015892611885479108,0.9827418760268161,0.3039482614677925,0.37622256350572136,1.5892611885479107,percentage_points,0.05,0.95,-1.2492117265811236,1.8855148952490899,29239,69,1b6b84deb2b845abca82df6d98abdae1d2e8d682005decb2759a2810247007cc
venue_year_topic,impact,d,top1,Top Cited (1%),M3_api,api,API,-0.24609920759545512,0.00950856520532737,0.0029853644704582517,0.0035513631555334213,0.015465767255121318,0.950856520532737,0.29853644704582516,0.35513631555334213,1.5465767255121319,percentage_points,0.05,0.95,-1.2492117265811236,1.8855148952490899,29239,69,1b6b84deb2b845abca82df6d98abdae1d2e8d682005decb2759a2810247007cc
venue_year_topic,impact,d,top1,Top Cited (1%),M3_api,api,API,-0.21475194137715303,0.00918971165038658,0.0029341680819198715,0.0033346704033223795,0.015044752897450778,0.9189711650386579,0.2934168081919872,0.33346704033223795,1.504475289745078,percentage_points,0.05,0.95,-1.2492117265811236,1.8855148952490899,29239,69,1b6b84deb2b845abca82df6d98abdae1d2e8d682005decb2759a2810247007cc
venue_year_topic,impact,d,top1,Top Cited (1%),M3_api,api,API,-0.18340467515885095,0.008870858095445789,0.0028860489426511715,0.003111837095799426,0.014629879095092151,0.8870858095445789,0.28860489426511715,0.31118370957994257,1.462987909509215,percentage_points,0.05,0.95,-1.2492117265811236,1.8855148952490899,29239,69,1b6b84deb2b845abca82df6d98abdae1d2e8d682005decb2759a2810247007cc
venue_year_topic,impact,d,top1,Top Cited (1%),M3_api,api,API,-0.15205740894054864,0.008552004540504997,0.002841163409720796,0.002882551227291869,0.014221457853718124,0.8552004540504997,0.2841163409720796,0.2882551227291869,1.4221457853718125,percentage_points,0.05,0.95,-1.2492117265811236,1.8855148952490899,29239,69,1b6b84deb2b845abca82df6d98abdae1d2e8d682005decb2759a2810247007cc
venue_year_topic,impact,d,top1,Top Cited (1%),M3_api,api,API,-0.12071014272224656,0.008233150985564206,0.00279966701538458,0.0026465024380153595,0.013819799533113054,0.8233150985564206,0.279966701538458,0.26465024380153596,1.3819799533113055,percentage_points,0.05,0.95,-1.2492117265811236,1.8855148952490899,29239,69,1b6b84deb2b845abca82df6d98abdae1d2e8d682005decb2759a2810247007cc
venue_year_topic,impact,d,top1,Top Cited (1%),M3_api,api,API,-0.08936287650394448,0.007914297430623416,0.0027617125354146197,0.0024033858686632013,0.01342520899258363,0.7914297430623416,0.276171253541462,0.24033858686632015,1.342520899258363,percentage_points,0.05,0.95,-1.2492117265811236,1.8855148952490899,29239,69,1b6b84deb2b845abca82df6d98abdae1d2e8d682005decb2759a2810247007cc
venue_year_topic,impact,d,top1,Top Cited (1%),M3_api,api,API,-0.05801561028564217,0.007595443875682622,0.0027274478389948797,0.002152906450872874,0.013037981300492371,0.7595443875682623,0.272744783899488,0.21529064508728743,1.3037981300492372,percentage_points,0.05,0.95,-1.2492117265811236,1.8855148952490899,29239,69,1b6b84deb2b845abca82df6d98abdae1d2e8d682005decb2759a2810247007cc
venue_year_topic,impact,d,top1,Top Cited (1%),M3_api,api,API,-0.02666834406734009,0.007276590320741832,0.0026970135623587766,0.0018947835494099686,0.012658397092073694,0.7276590320741831,0.26970135623587765,0.18947835494099685,1.2658397092073694,percentage_points,0.05,0.95,-1.2492117265811236,1.8855148952490899,29239,69,1b6b84deb2b845abca82df6d98abdae1d2e8d682005decb2759a2810247007cc
venue_year_topic,impact,d,top1,Top Cited (1%),M3_api,api,API,0.004678922150961995,0.0069577367658010415,0.0026705406665307055,0.0016287558356190722,0.01228671769598301,0.6957736765801041,0.2670540666530706,0.1628755835619072,1.228671769598301,percentage_points,0.05,0.95,-1.2492117265811236,1.8855148952490899,29239,69,1b6b84deb2b845abca82df6d98abdae1d2e8d682005decb2759a2810247007cc
venue_year_topic,impact,d,top1,Top Cited (1%),M3_api,api,API,0.03602618836926408,0.006638883210860251,0.002648147957078512,0.0013545862366806695,0.011923180185039833,0.6638883210860251,0.2648147957078512,0.13545862366806694,1.1923180185039832,percentage_points,0.05,0.95,-1.2492117265811236,1.8855148952490899,29239,69,1b6b84deb2b845abca82df6d98abdae1d2e8d682005decb2759a2810247007cc
venue_year_topic,impact,d,top1,Top Cited (1%),M3_api,api,API,0.06737345458756616,0.006320029655919461,0.002629939658718746,0.0010720667754109967,0.011567992536427926,0.632002965591946,0.2629939658718746,0.10720667754109967,1.1567992536427925,percentage_points,0.05,0.95,-1.2492117265811236,1.8855148952490899,29239,69,1b6b84deb2b845abca82df6d98abdae1d2e8d682005decb2759a2810247007cc
venue_year_topic,impact,d,top1,Top Cited (1%),M3_api,api,API,0.09872072080586847,0.0060011761009786686,0.002616003147811944,0.0007810230949972614,0.011221329106960075,0.6001176100978669,0.2616003147811944,0.07810230949972614,1.1221329106960074,percentage_points,0.05,0.95,-1.2492117265811236,1.8855148952490899,29239,69,1b6b84deb2b845abca82df6d98abdae1d2e8d682005decb2759a2810247007cc
venue_year_topic,impact,d,top1,Top Cited (1%),M3_api,api,API,0.13006798702417055,0.005682322546037878,0.0026064069492617746,0.0004813184561231667,0.01088332663595259,0.5682322546037878,0.2606406949261775,0.04813184561231667,1.088332663595259,percentage_points,0.05,0.95,-1.2492117265811236,1.8855148952490899,29239,69,1b6b84deb2b845abca82df6d98abdae1d2e8d682005decb2759a2810247007cc
venue_year_topic,impact,d,top1,Top Cited (1%),M3_api,api,API,0.16141525324247263,0.005363468991097088,0.0026011990996261487,0.00017285700332982622,0.01055408097886435,0.5363468991097088,0.26011990996261486,0.01728570033298262,1.0554080978864349,percentage_points,0.05,0.95,-1.2492117265811236,1.8855148952490899,29239,69,1b6b84deb2b845abca82df6d98abdae1d2e8d682005decb2759a2810247007cc
venue_year_topic,impact,d,top1,Top Cited (1%),M3_api,api,API,0.19276251946077494,0.005044615436156295,0.002600405964761935,-0.00014441387563099515,0.010233644747943586,0.5044615436156294,0.2600405964761935,-0.014441387563099515,1.0233644747943587,percentage_points,0.05,0.95,-1.2492117265811236,1.8855148952490899,29239,69,1b6b84deb2b845abca82df6d98abdae1d2e8d682005decb2759a2810247007cc
venue_year_topic,impact,d,top1,Top Cited (1%),M3_api,api,API,0.22410978567907702,0.004725761881215504,0.0026040315785682707,-0.0004705022302796914,0.0099220259927107,0.47257618812155044,0.26040315785682705,-0.04705022302796914,0.9922025992710699,percentage_points,0.05,0.95,-1.2492117265811236,1.8855148952490899,29239,69,1b6b84deb2b845abca82df6d98abdae1d2e8d682005decb2759a2810247007cc
venue_year_topic,impact,d,top1,Top Cited (1%),M3_api,api,API,0.2554570518973791,0.004406908326274713,0.0026120575410449546,-0.0008053713439875269,0.009619187996536953,0.44069083262747133,0.2612057541044955,-0.08053713439875268,0.9619187996536953,percentage_points,0.05,0.95,-1.2492117265811236,1.8855148952490899,29239,69,1b6b84deb2b845abca82df6d98abdae1d2e8d682005decb2759a2810247007cc
venue_year_topic,impact,d,top1,Top Cited (1%),M3_api,api,API,0.2868043181156812,0.004088054771333923,0.0026244434816197924,-0.0011489406585319427,0.009325050201199787,0.40880547713339227,0.26244434816197926,-0.11489406585319427,0.9325050201199787,percentage_points,0.05,0.95,-1.2492117265811236,1.8855148952490899,29239,69,1b6b84deb2b845abca82df6d98abdae1d2e8d682005decb2759a2810247007cc
venue_year_topic,impact,d,top1,Top Cited (1%),M3_api,api,API,0.3181515843339833,0.003769201216393133,0.0026411280608181734,-0.0015010877728970826,0.009039490205683348,0.37692012163931327,0.26411280608181736,-0.15010877728970826,0.9039490205683348,percentage_points,0.05,0.95,-1.2492117265811236,1.8855148952490899,29239,69,1b6b84deb2b845abca82df6d98abdae1d2e8d682005decb2759a2810247007cc
venue_year_topic,impact,d,top1,Top Cited (1%),M3_api,api,API,0.3494988505522856,0.0034503476614523403,0.00266203045324494,-0.001861651402518042,0.008762346725422723,0.34503476614523404,0.266203045324494,-0.1861651402518042,0.8762346725422723,percentage_points,0.05,0.95,-1.2492117265811236,1.8855148952490899,29239,69,1b6b84deb2b845abca82df6d98abdae1d2e8d682005decb2759a2810247007cc
venue_year_topic,impact,d,top1,Top Cited (1%),M3_api,api,API,0.38084611677058766,0.00313149410651155,0.0026870522304755264,-0.0022304351365316265,0.008493423349554725,0.313149410651155,0.2687052230475526,-0.22304351365316266,0.8493423349554725,percentage_points,0.05,0.95,-1.2492117265811236,1.8855148952490899,29239,69,1b6b84deb2b845abca82df6d98abdae1d2e8d682005decb2759a2810247007cc
venue_year_topic,impact,d,top1,Top Cited (1%),M3_api,api,API,0.41219338298888974,0.0028126405515707595,0.002716079545878818,-0.0026072117975225,0.00823249290066402,0.281264055157076,0.2716079545878818,-0.26072117975225,0.823249290066402,percentage_points,0.05,0.95,-1.2492117265811236,1.8855148952490899,29239,69,1b6b84deb2b845abca82df6d98abdae1d2e8d682005decb2759a2810247007cc
venue_year_topic,impact,d,top1,Top Cited (1%),M3_api,api,API,0.44354064920719205,0.0024937869966299665,0.0027489855155523866,-0.0029917281926054714,0.007979302185865404,0.24937869966299664,0.2748985515552387,-0.2991728192605471,0.7979302185865403,percentage_points,0.05,0.95,-1.2492117265811236,1.8855148952490899,29239,69,1b6b84deb2b845abca82df6d98abdae1d2e8d682005decb2759a2810247007cc
venue_year_topic,impact,d,top1,Top Cited (1%),M3_api,api,API,0.47488791542549413,0.002174933441689176,0.002785632690221397,-0.0033837100460229553,0.0077335769294013075,0.2174933441689176,0.2785632690221397,-0.3383710046022955,0.7733576929401308,percentage_points,0.05,0.95,-1.2492117265811236,1.8855148952490899,29239,69,1b6b84deb2b845abca82df6d98abdae1d2e8d682005decb2759a2810247007cc
venue_year_topic,impact,d,top1,Top Cited (1%),M3_api,api,API,0.5062351816437962,0.0018560798867483857,0.0028258755209458757,-0.003782866919387233,0.007495026692884005,0.18560798867483858,0.2825875520945876,-0.37828669193872333,0.7495026692884005,percentage_points,0.05,0.95,-1.2492117265811236,1.8855148952490899,29239,69,1b6b84deb2b845abca82df6d98abdae1d2e8d682005decb2759a2810247007cc
venue_year_topic,impact,d,top1,Top Cited (1%),M3_api,api,API,0.5375824478620983,0.0015372263318075953,0.0028695627349597875,-0.004188896952593511,0.007263349616208702,0.15372263318075954,0.28695627349597874,-0.4188896952593511,0.7263349616208702,percentage_points,0.05,0.95,-1.2492117265811236,1.8855148952490899,29239,69,1b6b84deb2b845abca82df6d98abdae1d2e8d682005decb2759a2810247007cc
venue_year_topic,impact,d,top1,Top Cited (1%),M3_api,api,API,0.5689297140804004,0.001218372776866805,0.002916539554814303,-0.004601491292051364,0.007038236845784974,0.1218372776866805,0.2916539554814303,-0.4601491292051364,0.7038236845784974,percentage_points,0.05,0.95,-1.2492117265811236,1.8855148952490899,29239,69,1b6b84deb2b845abca82df6d98abdae1d2e8d682005decb2759a2810247007cc
venue_year_topic,impact,d,top1,Top Cited (1%),M3_api,api,API,0.6002769802987027,0.000899519221926012,0.0029666497121602813,-0.005020338109125117,0.006819376552977141,0.0899519221926012,0.29666497121602814,-0.5020338109125116,0.6819376552977141,percentage_points,0.05,0.95,-1.2492117265811236,1.8855148952490899,29239,69,1b6b84deb2b845abca82df6d98abdae1d2e8d682005decb2759a2810247007cc
venue_year_topic,impact,d,top1,Top Cited (1%),M3_api,api,API,0.6316242465170048,0.0005806656669852216,0.0030197372252337936,-0.005445126147050977,0.00660645748102142,0.05806656669852216,0.30197372252337934,-0.5445126147050977,0.660645748102142,percentage_points,0.05,0.95,-1.2492117265811236,1.8855148952490899,29239,69,1b6b84deb2b845abca82df6d98abdae1d2e8d682005decb2759a2810247007cc
venue_year_topic,impact,d,top1,Top Cited (1%),M3_api,api,API,0.6629715127353069,0.0002618121120444312,0.00307564792510496,-0.005875547766519179,0.006399171990608041,0.026181211204443118,0.307564792510496,-0.5875547766519179,0.6399171990608041,percentage_points,0.05,0.95,-1.2492117265811236,1.8855148952490899,29239,69,1b6b84deb2b845abca82df6d98abdae1d2e8d682005decb2759a2810247007cc
venue_year_topic,impact,d,top1,Top Cited (1%),M3_api,api,API,0.6943187789536092,-5.704144289636181e-05,0.0031342307292029333,-0.006311301486953518,0.006197218601160795,-0.005704144289636181,0.3134230729202933,-0.6311301486953519,0.6197218601160794,percentage_points,0.05,0.95,-1.2492117265811236,1.8855148952490899,29239,69,1b6b84deb2b845abca82df6d98abdae1d2e8d682005decb2759a2810247007cc
venue_year_topic,impact,d,top1,Top Cited (1%),M3_api,api,API,0.7256660451719112,-0.0003758949978371522,0.003195338671173245,-0.006752094041559683,0.0060003040458853785,-0.037589499783715216,0.3195338671173245,-0.6752094041559683,0.6000304045885378,percentage_points,0.05,0.95,-1.2492117265811236,1.8855148952490899,29239,69,1b6b84deb2b845abca82df6d98abdae1d2e8d682005decb2759a2810247007cc
venue_year_topic,impact,d,top1,Top Cited (1%),M3_api,api,API,0.7570133113902133,-0.0006947485527779426,0.003258829703750749,-0.007197641979433283,0.005808144873877398,-0.06947485527779426,0.3258829703750749,-0.7197641979433284,0.5808144873877398,percentage_points,0.05,0.95,-1.2492117265811236,1.8855148952490899,29239,69,1b6b84deb2b845abca82df6d98abdae1d2e8d682005decb2759a2810247007cc
venue_year_topic,impact,d,top1,Top Cited (1%),M3_api,api,API,0.7883605776085156,-0.0010136021077187356,0.003324567296286682,-0.007647672857906525,0.005620468642469054,-0.10136021077187356,0.3324567296286682,-0.7647672857906525,0.5620468642469054,percentage_points,0.05,0.95,-1.2492117265811236,1.8855148952490899,29239,69,1b6b84deb2b845abca82df6d98abdae1d2e8d682005decb2759a2810247007cc
venue_year_topic,impact,d,top1,Top Cited (1%),M3_api,api,API,0.8197078438268175,-0.0013324556626595225,0.003392420851245821,-0.008101926073655341,0.005437014748336296,-0.13324556626595224,0.3392420851245821,-0.8101926073655341,0.5437014748336296,percentage_points,0.05,0.95,-1.2492117265811236,1.8855148952490899,29239,69,1b6b84deb2b845abca82df6d98abdae1d2e8d682005decb2759a2810247007cc
venue_year_topic,impact,d,top1,Top Cited (1%),M3_api,api,API,0.8510551100451198,-0.0016513092176003163,0.0034622659648463833,-0.008560153382798245,0.005257534947597612,-0.16513092176003163,0.3462265964846383,-0.8560153382798246,0.5257534947597612,percentage_points,0.05,0.95,-1.2492117265811236,1.8855148952490899,29239,69,1b6b84deb2b845abca82df6d98abdae1d2e8d682005decb2759a2810247007cc
venue_year_topic,impact,d,top1,Top Cited (1%),M3_api,api,API,0.8824023762634217,-0.0019701627725411033,0.003533984556508083,-0.009022119159205857,0.005081793614123651,-0.19701627725411033,0.3533984556508083,-0.9022119159205857,0.5081793614123651,percentage_points,0.05,0.95,-1.2492117265811236,1.8855148952490899,29239,69,1b6b84deb2b845abca82df6d98abdae1d2e8d682005decb2759a2810247007cc
venue_year_topic,impact,d,top1,Top Cited (1%),M3_api,api,API,0.913749642481724,-0.002289016327481897,0.0036074648903183194,-0.009487600437336072,0.004909567782372277,-0.2289016327481897,0.36074648903183193,-0.9487600437336072,0.4909567782372277,percentage_points,0.05,0.95,-1.2492117265811236,1.8855148952490899,29239,69,1b6b84deb2b845abca82df6d98abdae1d2e8d682005decb2759a2810247007cc
venue_year_topic,impact,d,top1,Top Cited (1%),M3_api,api,API,0.9450969087000263,-0.0026078698824226892,0.0036826015096747627,-0.009956386781815317,0.004740647016969938,-0.2607869882422689,0.3682601509674763,-0.9956386781815316,0.47406470169699383,percentage_points,0.05,0.95,-1.2492117265811236,1.8855148952490899,29239,69,1b6b84deb2b845abca82df6d98abdae1d2e8d682005decb2759a2810247007cc
venue_year_topic,impact,d,top1,Top Cited (1%),M3_api,api,API,0.9764441749183281,-0.002926723437363478,0.003759295103895949,-0.010428280021264169,0.004574833146537213,-0.29267234373634776,0.3759295103895949,-1.042828002126417,0.45748331465372133,percentage_points,0.05,0.95,-1.2492117265811236,1.8855148952490899,29239,69,1b6b84deb2b845abca82df6d98abdae1d2e8d682005decb2759a2810247007cc
venue_year_topic,impact,d,top1,Top Cited (1%),M3_api,api,API,1.0077914411366304,-0.00324557699230427,0.003837452323121556,-0.010903093878936612,0.004411939894328072,-0.324557699230427,0.38374523231215557,-1.0903093878936612,0.4411939894328072,percentage_points,0.05,0.95,-1.2492117265811236,1.8855148952490899,29239,69,1b6b84deb2b845abca82df6d98abdae1d2e8d682005decb2759a2810247007cc
venue_year_topic,impact,d,top1,Top Cited (1%),M3_api,api,API,1.0391387073549327,-0.003564430547245064,0.0039169855554014674,-0.011380653527908163,0.004251792433418035,-0.3564430547245064,0.39169855554014676,-1.1380653527908162,0.42517924334180346,percentage_points,0.05,0.95,-1.2492117265811236,1.8855148952490899,29239,69,1b6b84deb2b845abca82df6d98abdae1d2e8d682005decb2759a2810247007cc
venue_year_topic,impact,d,top1,Top Cited (1%),M3_api,api,API,1.0704859735732346,-0.003883284102185851,0.003997812677596862,-0.011860795094006742,0.00409422688963504,-0.3883284102185851,0.3997812677596862,-1.1860795094006742,0.40942268896350403,percentage_points,0.05,0.95,-1.2492117265811236,1.8855148952490899,29239,69,1b6b84deb2b845abca82df6d98abdae1d2e8d682005decb2759a2810247007cc
venue_year_topic,impact,d,top1,Top Cited (1%),M3_api,api,API,1.101833239791537,-0.004202137657126645,0.004079856789646225,-0.012343365125548789,0.003939089811295499,-0.42021376571266444,0.4079856789646225,-1.2343365125548789,0.3939089811295499,percentage_points,0.05,0.95,-1.2492117265811236,1.8855148952490899,29239,69,1b6b84deb2b845abca82df6d98abdae1d2e8d682005decb2759a2810247007cc
venue_year_topic,impact,d,top1,Top Cited (1%),M3_api,api,API,1.1331805060098392,-0.004520991212067437,0.004163045939913269,-0.012828220045279518,0.003786237621144644,-0.45209912120674367,0.4163045939913269,-1.2828220045279517,0.3786237621144644,percentage_points,0.05,0.95,-1.2492117265811236,1.8855148952490899,29239,69,1b6b84deb2b845abca82df6d98abdae1d2e8d682005decb2759a2810247007cc
venue_year_topic,impact,d,top1,Top Cited (1%),M3_api,api,API,1.164527772228141,-0.004839844767008225,0.004247312847739385,-0.013315225596734983,0.0036355360627185317,-0.48398447670082256,0.4247312847739385,-1.3315225596734983,0.3635536062718532,percentage_points,0.05,0.95,-1.2492117265811236,1.8855148952490899,29239,69,1b6b84deb2b845abca82df6d98abdae1d2e8d682005decb2759a2810247007cc
venue_year_topic,impact,d,top1,Top Cited (1%),M3_api,api,API,1.1958750384464434,-0.0051586983219490175,0.004332594627962959,-0.013804256294528944,0.0034868596506309087,-0.5158698321949018,0.4332594627962959,-1.3804256294528945,0.34868596506309085,percentage_points,0.05,0.95,-1.2492117265811236,1.8855148952490899,29239,69,1b6b84deb2b845abca82df6d98abdae1d2e8d682005decb2759a2810247007cc
venue_year_topic,impact,d,top1,Top Cited (1%),M3_api,api,API,1.2272223046647452,-0.005477551876889806,0.004418832521025511,-0.014295194885788023,0.003340091132008411,-0.5477551876889806,0.4418832521025511,-1.4295194885788023,0.3340091132008411,percentage_points,0.05,0.95,-1.2492117265811236,1.8855148952490899,29239,69,1b6b84deb2b845abca82df6d98abdae1d2e8d682005decb2759a2810247007cc
venue_year_topic,impact,d,top1,Top Cited (1%),M3_api,api,API,1.2585695708830476,-0.005796405431830598,0.004505971631338752,-0.014787931828071327,0.003195120964410131,-0.5796405431830598,0.4505971631338752,-1.4787931828071328,0.3195120964410131,percentage_points,0.05,0.95,-1.2492117265811236,1.8855148952490899,29239,69,1b6b84deb2b845abca82df6d98abdae1d2e8d682005decb2759a2810247007cc
venue_year_topic,impact,d,top1,Top Cited (1%),M3_api,api,API,1.2899168371013499,-0.0061152589867713904,0.004593960675813877,-0.01528236478756843,0.0030518468140256494,-0.611525898677139,0.45939606758138773,-1.528236478756843,0.30518468140256494,percentage_points,0.05,0.95,-1.2492117265811236,1.8855148952490899,29239,69,1b6b84deb2b845abca82df6d98abdae1d2e8d682005decb2759a2810247007cc
venue_year_topic,impact,d,top1,Top Cited (1%),M3_api,api,API,1.3212641033196517,-0.006434112541712179,0.004682751743831475,-0.01577839816012681,0.002910173076702452,-0.6434112541712179,0.46827517438314753,-1.577839816012681,0.2910173076702452,percentage_points,0.05,0.95,-1.2492117265811236,1.8855148952490899,29239,69,1b6b84deb2b845abca82df6d98abdae1d2e8d682005decb2759a2810247007cc
venue_year_topic,impact,d,top1,Top Cited (1%),M3_api,api,API,1.352611369537954,-0.006752966096652971,0.004772300069434748,-0.016275942616670494,0.0027700104233645533,-0.6752966096652971,0.4772300069434748,-1.6275942616670493,0.27700104233645534,percentage_points,0.05,0.95,-1.2492117265811236,1.8855148952490899,29239,69,1b6b84deb2b845abca82df6d98abdae1d2e8d682005decb2759a2810247007cc
venue_year_topic,impact,d,top1,Top Cited (1%),M3_api,api,API,1.3839586357562559,-0.00707181965159376,0.004862563816140084,-0.016774914673796236,0.0026312753706087145,-0.707181965159376,0.48625638161400836,-1.6774914673796235,0.26312753706087144,percentage_points,0.05,0.95,-1.2492117265811236,1.8855148952490899,29239,69,1b6b84deb2b845abca82df6d98abdae1d2e8d682005decb2759a2810247007cc
venue_year_topic,impact,d,top1,Top Cited (1%),M3_api,api,API,1.4153059019745582,-0.007390673206534552,0.004953503874459015,-0.017275236289734874,0.0024938898766657686,-0.7390673206534552,0.49535038744590154,-1.7275236289734874,0.24938898766657686,percentage_points,0.05,0.95,-1.2492117265811236,1.8855148952490899,29239,69,1b6b84deb2b845abca82df6d98abdae1d2e8d682005decb2759a2810247007cc
venue_year_topic,impact,d,top1,Top Cited (1%),M3_api,api,API,1.4466531681928605,-0.007709526761475346,0.005045083671998305,-0.017776834485411952,0.002357780962461262,-0.7709526761475346,0.5045083671998305,-1.7776834485411952,0.2357780962461262,percentage_points,0.05,0.95,-1.2492117265811236,1.8855148952490899,29239,69,1b6b84deb2b845abca82df6d98abdae1d2e8d682005decb2759a2810247007cc
venue_year_topic,impact,d,top1,Top Cited (1%),M3_api,api,API,1.4780004344111624,-0.008028380316416135,0.005137268995836703,-0.018279640990006066,0.0022228803571737975,-0.8028380316416135,0.5137268995836703,-1.8279640990006067,0.22228803571737976,percentage_points,0.05,0.95,-1.2492117265811236,1.8855148952490899,29239,69,1b6b84deb2b845abca82df6d98abdae1d2e8d682005decb2759a2810247007cc
venue_year_topic,impact,d,top1,Top Cited (1%),M3_api,api,API,1.5093477006294647,-0.008347233871356927,0.005230027826756179,-0.018783591910162427,0.002089124167448572,-0.8347233871356927,0.523002782675618,-1.8783591910162427,0.2089124167448572,percentage_points,0.05,0.95,-1.2492117265811236,1.8855148952490899,29239,69,1b6b84deb2b845abca82df6d98abdae1d2e8d682005decb2759a2810247007cc
venue_year_topic,impact,d,top1,Top Cited (1%),M3_api,api,API,1.540694966847767,-0.00866608742629772,0.005323330184822337,-0.01928862742185338,0.0019564525692579403,-0.866608742629772,0.5323330184822337,-1.9288627421853382,0.19564525692579404,percentage_points,0.05,0.95,-1.2492117265811236,1.8855148952490899,29239,69,1b6b84deb2b845abca82df6d98abdae1d2e8d682005decb2759a2810247007cc
venue_year_topic,impact,d,top1,Top Cited (1%),M3_api,api,API,1.5720422330660688,-0.008984940981238506,0.005417147985755512,-0.019794691483771387,0.0018248095212943741,-0.8984940981238506,0.5417147985755512,-1.9794691483771387,0.1824809521294374,percentage_points,0.05,0.95,-1.2492117265811236,1.8855148952490899,29239,69,1b6b84deb2b845abca82df6d98abdae1d2e8d682005decb2759a2810247007cc
venue_year_topic,impact,d,top1,Top Cited (1%),M3_api,api,API,1.6033894992843711,-0.009303794536179301,0.005511454907503748,-0.020301731571079572,0.00169414249872097,-0.9303794536179302,0.5511454907503748,-2.0301731571079573,0.169414249872097,percentage_points,0.05,0.95,-1.2492117265811236,1.8855148952490899,29239,69,1b6b84deb2b845abca82df6d98abdae1d2e8d682005decb2759a2810247007cc
venue_year_topic,impact,d,top1,Top Cited (1%),M3_api,api,API,1.6347367655026734,-0.009622648091120093,0.0056062262664163896,-0.02080969842831993,0.0015644022460797411,-0.9622648091120093,0.560622626641639,-2.080969842831993,0.1564402246079741,percentage_points,0.05,0.95,-1.2492117265811236,1.8855148952490899,29239,69,1b6b84deb2b845abca82df6d98abdae1d2e8d682005decb2759a2810247007cc
venue_year_topic,impact,d,top1,Top Cited (1%),M3_api,api,API,1.6660840317209753,-0.009941501646060882,0.0057014389024179395,-0.021318545840281346,0.0014355425481595834,-0.9941501646060882,0.5701438902417939,-2.1318545840281344,0.14355425481595835,percentage_points,0.05,0.95,-1.2492117265811236,1.8855148952490899,29239,69,1b6b84deb2b845abca82df6d98abdae1d2e8d682005decb2759a2810247007cc
venue_year_topic,impact,d,top1,Top Cited (1%),M3_api,api,API,1.6974312979392776,-0.010260355201001674,0.005797071072592613,-0.021828230419650915,0.0013075200176475652,-1.0260355201001674,0.5797071072592613,-2.1828230419650914,0.13075200176475651,percentage_points,0.05,0.95,-1.2492117265811236,1.8855148952490899,29239,69,1b6b84deb2b845abca82df6d98abdae1d2e8d682005decb2759a2810247007cc
venue_year_topic,impact,d,top1,Top Cited (1%),M3_api,api,API,1.7287785641575795,-0.010579208755942463,0.005893102352607937,-0.02233871141030772,0.0011802938984227934,-1.0579208755942462,0.5893102352607936,-2.233871141030772,0.11802938984227934,percentage_points,0.05,0.95,-1.2492117265811236,1.8855148952490899,29239,69,1b6b84deb2b845abca82df6d98abdae1d2e8d682005decb2759a2810247007cc
venue_year_topic,impact,d,top1,Top Cited (1%),M3_api,api,API,1.7601258303758818,-0.010898062310883255,0.005989513545428716,-0.022849950505164467,0.0010538258833979585,-1.0898062310883254,0.5989513545428716,-2.2849950505164465,0.10538258833979586,percentage_points,0.05,0.95,-1.2492117265811236,1.8855148952490899,29239,69,1b6b84deb2b845abca82df6d98abdae1d2e8d682005decb2759a2810247007cc
venue_year_topic,impact,d,top1,Top Cited (1%),M3_api,api,API,1.791473096594184,-0.011216915865824047,0.0060862865967987985,-0.023361911677513926,0.0009280799458658302,-1.1216915865824046,0.6086286596798799,-2.3361911677513927,0.09280799458658301,percentage_points,0.05,0.95,-1.2492117265811236,1.8855148952490899,29239,69,1b6b84deb2b845abca82df6d98abdae1d2e8d682005decb2759a2810247007cc
venue_year_topic,impact,d,top1,Top Cited (1%),M3_api,api,API,1.822820362812486,-0.011535769420764836,0.006183404516996203,-0.023874561024893715,0.0008030221833640449,-1.1535769420764836,0.6183404516996203,-2.3874561024893715,0.0803022183364045,percentage_points,0.05,0.95,-1.2492117265811236,1.8855148952490899,29239,69,1b6b84deb2b845abca82df6d98abdae1d2e8d682005decb2759a2810247007cc
venue_year_topic,impact,d,top1,Top Cited (1%),M3_api,api,API,1.8541676290307882,-0.011854622975705628,0.006280851308396273,-0.02438786662454087,0.0006786206731296176,-1.1854622975705629,0.6280851308396274,-2.438786662454087,0.06786206731296177,percentage_points,0.05,0.95,-1.2492117265811236,1.8855148952490899,29239,69,1b6b84deb2b845abca82df6d98abdae1d2e8d682005decb2759a2810247007cc
venue_year_topic,impact,d,top1,Top Cited (1%),M3_api,api,API,1.8855148952490899,-0.012173476530646413,0.00637861189840666,-0.024901798399565637,0.0005548453382728108,-1.2173476530646412,0.637861189840666,-2.490179839956564,0.05548453382728108,percentage_points,0.05,0.95,-1.2492117265811236,1.8855148952490899,29239,69,1b6b84deb2b845abca82df6d98abdae1d2e8d682005decb2759a2810247007cc
