window_id,paper_id,split
gold_p2_t1,pdf-d009569fe2481a2e2724,gold_calib
gold_p2_t100,pdf-bb9959e0a3fa281c8af3,gold_calib
gold_p2_t1000,pdf-520ad77de46d5088b626,gold_calib
gold_p2_t1001,pdf-0131da60a5b8197537a7,gold_calib
gold_p2_t1002,pdf-c14f47ef4770fa35097c,gold_calib
gold_p2_t1005,pdf-a2471e7f6ddf211c44e6,gold_calib
gold_p2_t1009,pdf-6d028a325992028466bb,gold_calib
gold_p2_t101,pdf-b021606e3c45d911a7b5,gold_calib
gold_p2_t1012,pdf-4c082c03ba9b8ea9c425,gold_calib
gold_p2_t1013,pdf-094fd343c94fbb2ff811,gold_calib
gold_p2_t1015,pdf-d18ec56c70e923260262,gold_calib
gold_p2_t1019,pdf-67be9c2f1a4faa32c51c,gold_calib
gold_p2_t1021,pdf-e88dd87f52a4a5db87ec,gold_calib
gold_p2_t1022,pdf-c21e034b5024436ff004,gold_calib
gold_p2_t1025,pdf-7b8fdd29f0578e2e9c93,gold_calib
gold_p2_t1026,pdf-01d4b0ea96a2ab702fa8,gold_calib
gold_p2_t1030,pdf-7e9da6b2b3af5c04c1d1,gold_calib
gold_p2_t1036,pdf-d5760745c83d657c2113,gold_calib
gold_p2_t1045,pdf-332ce86f8aa3c90114ef,gold_calib
gold_p2_t1046,pdf-0757cb9c60dd889c6ab5,gold_calib
gold_p2_t1047,pdf-d30fdc2b857b066f5c5f,gold_calib
gold_p2_t1049,pdf-f88117f50550a812db7b,gold_calib
gold_p2_t105,pdf-04df07268ee22fb7ef38,gold_calib
gold_p2_t1051,pdf-365a2f4ee97b06d8218e,gold_calib
gold_p2_t1055,pdf-50b68eccc793c0f57241,gold_calib
gold_p2_t1056,pdf-06057df6ce2107b0b095,gold_calib
gold_p2_t1059,pdf-ed60c24fbfdfd80fe1d7,gold_calib
gold_p2_t106,pdf-89a876df23514f5b60ea,gold_calib
gold_p2_t1060,pdf-e9b4c2cef568a1fcb0a9,gold_calib
gold_p2_t1063,pdf-5448caf920e069dca84f,gold_calib
gold_p2_t1065,pdf-47f82d7336c86bfe153e,gold_calib
gold_p2_t1067,pdf-a60ba86bb417f5c9859d,gold_calib
gold_p2_t1070,pdf-935490d4120b82ec2ac6,gold_calib
gold_p2_t1071,pdf-6acda6b93beaceaf43ab,gold_calib
gold_p2_t1072,pdf-64746908afb6d3308d96,gold_calib
gold_p2_t1075,pdf-8f30d22464b81dc3fdc6,gold_calib
gold_p2_t1077,pdf-2b75226d36e4a9c09187,gold_calib
gold_p2_t1082,pdf-f96e077eb161d0bd33d6,gold_calib
gold_p2_t1084,pdf-8f015f5c21e1e6f5dfbb,gold_calib
gold_p2_t1085,pdf-650f94dea0144ba1c97a,gold_calib
gold_p2_t1087,pdf-77c1a5a7dc37fb8bbc82,gold_calib
gold_p2_t1089,pdf-67bd929937a4857bf052,gold_calib
gold_p2_t109,pdf-a03ffef03dc43ad8de6e,gold_calib
gold_p2_t1090,pdf-d0f0590e9f80e05ab409,gold_calib
gold_p2_t1094,pdf-eb6835453bae41d3867e,gold_calib
gold_p2_t1096,pdf-2b554039618f7fdeadaa,gold_calib
gold_p2_t1098,pdf-ed2a4048fc9cbb0700a1,gold_calib
gold_p2_t11,pdf-02918ba3f1599a245dc0,gold_calib
gold_p2_t110,pdf-338180fe470b68e5da68,gold_calib
gold_p2_t1101,pdf-e673019858ee2c765d4b,gold_calib
gold_p2_t1105,pdf-6cad0ee75f00f0f1ab93,gold_calib
gold_p2_t1106,pdf-cec04063b9019ad26288,gold_calib
gold_p2_t1107,pdf-916fce23685b02edbfb8,gold_calib
gold_p2_t1108,pdf-10c1904cde561f7d7e88,gold_calib
gold_p2_t1111,pdf-a3a34e3078e7eacbc7eb,gold_calib
gold_p2_t1112,pdf-eb6835453bae41d3867e,gold_calib
gold_p2_t1114,pdf-c21e034b5024436ff004,gold_calib
gold_p2_t112,pdf-37900aebd62d3add9b40,gold_calib
gold_p2_t1122,pdf-48d3ece1d0d417863136,gold_calib
gold_p2_t1125,pdf-b46efc4ba85bd5ad238c,gold_calib
gold_p2_t1127,pdf-fcdd6c056f3638c4d415,gold_calib
gold_p2_t1129,pdf-e1ee5eb23cf4ebd90c0a,gold_calib
gold_p2_t113,pdf-53780162b5a6eaa0fb0f,gold_calib
gold_p2_t1135,pdf-97e36a055d00e92c8480,gold_calib
gold_p2_t114,pdf-23a38022c92b787ea0c6,gold_calib
gold_p2_t1140,pdf-e402116bea2e0f57dbb0,gold_calib
gold_p2_t1141,pdf-335396dc03685a0399d1,gold_calib
gold_p2_t1144,pdf-ddc926c84d052671f42f,gold_calib
gold_p2_t1145,pdf-d65d0ba632ed5ac0e157,gold_calib
gold_p2_t1146,pdf-25447ee41fca9c91b360,gold_calib
gold_p2_t1147,pdf-03c694c181e2a76feb15,gold_calib
gold_p2_t1149,pdf-f290b442af6ebf5af4f3,gold_calib
gold_p2_t1150,pdf-b78544fd4122d89518ee,gold_calib
gold_p2_t1152,pdf-a2031cea86becc8572e0,gold_calib
gold_p2_t1155,pdf-99befb37b75d062d9272,gold_calib
gold_p2_t1156,pdf-11412224320897854790,gold_calib
gold_p2_t1158,pdf-61079987ba12d46de444,gold_calib
gold_p2_t1159,pdf-52429ed01c5e4bef2435,gold_calib
gold_p2_t1163,pdf-80c93d9743afd3275ff8,gold_calib
gold_p2_t1165,pdf-86d5bdb98d48464e4d1f,gold_calib
gold_p2_t1166,pdf-49caee44285bc6925e57,gold_calib
gold_p2_t1167,pdf-1f25566c779caae9d10c,gold_calib
gold_p2_t1168,pdf-83ca5eb3eb1236dcc189,gold_calib
gold_p2_t1169,pdf-13f3d488397dd10b0e0d,gold_calib
gold_p2_t117,pdf-7854b374a2c91882994c,gold_calib
gold_p2_t1172,pdf-411677bf65df422227d7,gold_calib
gold_p2_t1181,pdf-d124bd6db28bb98c0361,gold_calib
gold_p2_t1183,pdf-2dd23bc6272fba15de64,gold_calib
gold_p2_t1184,pdf-b5953003a5d46695c6b5,gold_calib
gold_p2_t1186,pdf-fb89055f08dca6c944de,gold_calib
gold_p2_t1188,pdf-36c428cccaef46d16e67,gold_calib
gold_p2_t1190,pdf-c4816c798102d018c80b,gold_calib
gold_p2_t1197,pdf-8f70b6a1f7a5ae713a50,gold_calib
gold_p2_t120,pdf-32af2d498ecb0db7c907,gold_calib
gold_p2_t1201,pdf-50b68eccc793c0f57241,gold_calib
gold_p2_t1204,pdf-1640be31905f8dd4cb9f,gold_calib
gold_p2_t1206,pdf-5b40d96544eb5ca3339d,gold_calib
gold_p2_t1208,pdf-a9d5a4baadbd1363ffca,gold_calib
gold_p2_t1209,pdf-59f6af88e8df4d7388ac,gold_calib
gold_p2_t1210,pdf-d65d0ba632ed5ac0e157,gold_calib
gold_p2_t1213,pdf-11daa9c6877f9b2d14c2,gold_calib
gold_p2_t1214,pdf-4f655ae3464190110974,gold_calib
gold_p2_t1215,pdf-f7b45c101abfa1ff598a,gold_calib
gold_p2_t1221,pdf-2b554039618f7fdeadaa,gold_calib
gold_p2_t1223,pdf-a7e4877df14537c3f486,gold_calib
gold_p2_t1225,pdf-b23faf3da35e306be337,gold_calib
gold_p2_t1228,pdf-1fdb7a1863843b980641,gold_calib
gold_p2_t123,pdf-4ca7e6c61ffcea46ab37,gold_calib
gold_p2_t1231,pdf-3627eafe947a3a11de13,gold_calib
gold_p2_t1232,pdf-c38480f33369e3eef3b0,gold_calib
gold_p2_t1234,pdf-d429f1fb9031178fb5d7,gold_calib
gold_p2_t1235,pdf-abcc24fb7148aef29619,gold_calib
gold_p2_t1237,pdf-8ef58c0323d646b085cf,gold_calib
gold_p2_t1241,pdf-fbfb9a5e69f5abca0e66,gold_calib
gold_p2_t1243,pdf-22b06bfe7f9d9e851589,gold_calib
gold_p2_t1249,pdf-c9cfd4980e672c6f68df,gold_calib
gold_p2_t1250,pdf-bd9b2585bc04272af54c,gold_calib
gold_p2_t1251,pdf-bc8cbe03213d42a308a1,gold_calib
gold_p2_t1258,pdf-4bd72b8326a9773b1220,gold_calib
gold_p2_t1261,pdf-e026b8d9be1e69a4b7ad,gold_calib
gold_p2_t1265,pdf-54e2ef85bad3660a83d3,gold_calib
gold_p2_t1267,pdf-d26f3045ee3e085bf0b2,gold_calib
gold_p2_t1269,pdf-5687e21f35ab7315de49,gold_calib
gold_p2_t1271,pdf-86697d02c01a2141543d,gold_calib
gold_p2_t1272,pdf-33ce7e2e2a70e015853e,gold_calib
gold_p2_t1273,pdf-6337fd419319d5eaf0ad,gold_calib
gold_p2_t1275,pdf-9c9658f67cf2bd1985ee,gold_calib
gold_p2_t1279,pdf-d885786778c17eb2c8df,gold_calib
gold_p2_t128,pdf-c13e39bca8f314cf9e68,gold_calib
gold_p2_t1280,pdf-260f1f66a70c3ba7c92b,gold_calib
gold_p2_t1282,pdf-39b29754df5564225f8e,gold_calib
gold_p2_t1283,pdf-fe72fb34a849546338c1,gold_calib
gold_p2_t1285,pdf-a8f96c211e02ed6ea3a8,gold_calib
gold_p2_t1288,pdf-2366079be53abd9460be,gold_calib
gold_p2_t1289,pdf-af0f45cda5e4487c22a1,gold_calib
gold_p2_t129,pdf-46557ed1fd0c87cf0681,gold_calib
gold_p2_t1291,pdf-da83e2b111e0db1bba99,gold_calib
gold_p2_t1292,pdf-ed60c24fbfdfd80fe1d7,gold_calib
gold_p2_t1293,pdf-11daa9c6877f9b2d14c2,gold_calib
gold_p2_t1297,pdf-1ee0de62d1244f0fd614,gold_calib
gold_p2_t1299,pdf-9b781485521ce94239d9,gold_calib
gold_p2_t130,pdf-9759dd38fb3b27f6336e,gold_calib
gold_p2_t1300,pdf-c05ebe93ac5fdf8605c5,gold_calib
gold_p2_t1301,pdf-b2e5cfb17272fdd8f59d,gold_calib
gold_p2_t1304,pdf-4aa42096fadec4c74771,gold_calib
gold_p2_t1311,pdf-1389c4b0c392543d12b7,gold_calib
gold_p2_t1318,pdf-6d3403197a176e21145a,gold_calib
gold_p2_t1321,pdf-99b53013d9e80cf637c8,gold_calib
gold_p2_t1323,pdf-68f0d392c53b090e1e07,gold_calib
gold_p2_t1326,pdf-f56193040c16beb22029,gold_calib
gold_p2_t1327,pdf-52bcdb80359e5fa99bc4,gold_calib
gold_p2_t1328,pdf-97e36a055d00e92c8480,gold_calib
gold_p2_t1329,pdf-e673019858ee2c765d4b,gold_calib
gold_p2_t1332,pdf-9a8c032bd5be660458e5,gold_calib
gold_p2_t1336,pdf-7b27ac5cc961fe09e994,gold_calib
gold_p2_t1341,pdf-fd5ce225f57685cb0708,gold_calib
gold_p2_t1343,pdf-fdb7fb4f134fd1d0a48e,gold_calib
gold_p2_t1347,pdf-00eb1ffae2ba2e6548a1,gold_calib
gold_p2_t1348,pdf-4ba4377d95e6833be065,gold_calib
gold_p2_t1351,pdf-6402248a39fbb6044795,gold_calib
gold_p2_t1352,pdf-d4a92294a1261f19925b,gold_calib
gold_p2_t1353,pdf-c4029b30a9c9d91f3cae,gold_calib
gold_p2_t1355,pdf-61079987ba12d46de444,gold_calib
gold_p2_t1356,pdf-6e634922fd1b40317500,gold_calib
gold_p2_t1357,pdf-48656f4ce2a8d96339eb,gold_calib
gold_p2_t1359,pdf-d70a13a5040436788d44,gold_calib
gold_p2_t1360,pdf-311cf2be99ca6cfadb92,gold_calib
gold_p2_t1361,pdf-41274fc858efea541bb0,gold_calib
gold_p2_t1362,pdf-e2f01d2e794fbbc94a34,gold_calib
gold_p2_t1363,pdf-a4d535f162cf81759d43,gold_calib
gold_p2_t1364,pdf-e2dcdf613d7e531479ba,gold_calib
gold_p2_t1368,pdf-5990101cd3597ea6b66f,gold_calib
gold_p2_t137,pdf-d0addcf71fbcdf370e1c,gold_calib
gold_p2_t1370,pdf-d7be73b650443ad7effe,gold_calib
gold_p2_t1371,pdf-62080876328ef7b039bd,gold_calib
gold_p2_t1373,pdf-567552d3145d12503478,gold_calib
gold_p2_t1377,pdf-49caee44285bc6925e57,gold_calib
gold_p2_t1381,pdf-7922f4f2c4f4f05011ce,gold_calib
gold_p2_t1388,pdf-a2b6e80deebce30ac8cf,gold_calib
gold_p2_t1395,pdf-61abdfe9a4f63d2a4309,gold_calib
gold_p2_t1399,pdf-3c419e93c802ad96be34,gold_calib
gold_p2_t14,pdf-e39688e9d92787db1ed9,gold_calib
gold_p2_t140,pdf-d94f158ebd0bad355a55,gold_calib
gold_p2_t1400,pdf-50a14c65f5d447622e73,gold_calib
gold_p2_t1402,pdf-75d9f9d6e91b5d77b25f,gold_calib
gold_p2_t1407,pdf-4c61a4d2d87e4893ff7b,gold_calib
gold_p2_t1410,pdf-8a8d76e72884993fa106,gold_calib
gold_p2_t1412,pdf-47f82d7336c86bfe153e,gold_calib
gold_p2_t1413,pdf-99104ce2ce130c6361fb,gold_calib
gold_p2_t1414,pdf-606f115387a5d400d5b5,gold_calib
gold_p2_t1416,pdf-ad65f348a7f4abc7bb90,gold_calib
gold_p2_t1418,pdf-6eb910516ccaa64f0f63,gold_calib
gold_p2_t1420,pdf-45dbc40bf01e8894c5b0,gold_calib
gold_p2_t1428,pdf-a866e457dd841c9d508f,gold_calib
gold_p2_t1432,pdf-a2031cea86becc8572e0,gold_calib
gold_p2_t1433,pdf-7e9da6b2b3af5c04c1d1,gold_calib
gold_p2_t1434,pdf-bb9959e0a3fa281c8af3,gold_calib
gold_p2_t1436,pdf-699844c082e0e38e053e,gold_calib
gold_p2_t1439,pdf-dae5120b56266a07e2d6,gold_calib
gold_p2_t144,pdf-68f0d392c53b090e1e07,gold_calib
gold_p2_t1441,pdf-a767e00acab2d83f0a09,gold_calib
gold_p2_t1442,pdf-ef196ffd0c1bfde10af4,gold_calib
gold_p2_t1447,pdf-728ced1a72fcd6d2e986,gold_calib
gold_p2_t1448,pdf-7b0fcde836a909322654,gold_calib
gold_p2_t145,pdf-5db243b98c7ff7a6f1a9,gold_calib
gold_p2_t1450,pdf-80bbba6f1e3b8ebdb11e,gold_calib
gold_p2_t1453,pdf-b575fe0e94d214cf1db7,gold_calib
gold_p2_t1456,pdf-64746908afb6d3308d96,gold_calib
gold_p2_t1457,pdf-c13e39bca8f314cf9e68,gold_calib
gold_p2_t1458,pdf-1b43caf3eb32f6077c64,gold_calib
gold_p2_t1462,pdf-a311c242a7272a4ec37a,gold_calib
gold_p2_t1464,pdf-4df69e09c4b1a803a97c,gold_calib
gold_p2_t1465,pdf-9ffc4973943f1a45b900,gold_calib
gold_p2_t1468,pdf-f891fa263c4946a0d40e,gold_calib
gold_p2_t1472,pdf-c7ff5bc9336338d59afe,gold_calib
gold_p2_t1474,pdf-5ec3ba4da253b2779de6,gold_calib
gold_p2_t1476,pdf-650f94dea0144ba1c97a,gold_calib
gold_p2_t1477,pdf-4ca7e6c61ffcea46ab37,gold_calib
gold_p2_t148,pdf-303f929da899febb177b,gold_calib
gold_p2_t1481,pdf-b361d84eb84fe72b424e,gold_calib
gold_p2_t1483,pdf-0e99f1555518d7ee5c1d,gold_calib
gold_p2_t1484,pdf-9b781485521ce94239d9,gold_calib
gold_p2_t1489,pdf-081b4ccd9321c85a517f,gold_calib
gold_p2_t149,pdf-3d6cc8b0fa9840c4a697,gold_calib
gold_p2_t1492,pdf-fe69200fced016def9bf,gold_calib
gold_p2_t1494,pdf-88a5f23769d1cecfbe0a,gold_calib
gold_p2_t1496,pdf-df0c5d028f61df37e78d,gold_calib
gold_p2_t1499,pdf-6b7af23d14217e215ef3,gold_calib
gold_p2_t1500,pdf-effba7677a14a099963f,gold_calib
gold_p2_t1501,pdf-cc5dd94d19def78583db,gold_calib
gold_p2_t1503,pdf-ed2a4048fc9cbb0700a1,gold_calib
gold_p2_t1508,pdf-5d429cbfab8eda51c858,gold_calib
gold_p2_t1509,pdf-136999195b782b65a600,gold_calib
gold_p2_t1511,pdf-fd58f9722adfc4f0ef6d,gold_calib
gold_p2_t1513,pdf-1a029f46847e59a984ab,gold_calib
gold_p2_t1515,pdf-3ce9fe94854ec18f4b2b,gold_calib
gold_p2_t1517,pdf-916fce23685b02edbfb8,gold_calib
gold_p2_t1519,pdf-146d1ef5a79d36019dbf,gold_calib
gold_p2_t1521,pdf-186913f1ed453b6729ce,gold_calib
gold_p2_t1529,pdf-725c604011fa73dfc2c1,gold_calib
gold_p2_t1532,pdf-bbbfef7fb2d857332a76,gold_calib
gold_p2_t1533,pdf-f891fa263c4946a0d40e,gold_calib
gold_p2_t1534,pdf-f209624ef3f99ac8518c,gold_calib
gold_p2_t1536,pdf-8fcc386dcdecfa2dc0aa,gold_calib
gold_p2_t1538,pdf-2ff391e26f07924f1c1a,gold_calib
gold_p2_t1541,pdf-f02c5b5ba22098f044ec,gold_calib
gold_p2_t1542,pdf-d70a13a5040436788d44,gold_calib
gold_p2_t1543,pdf-ff6c352cd636f9d01038,gold_calib
gold_p2_t1544,pdf-c7ff5bc9336338d59afe,gold_calib
gold_p2_t1545,pdf-8a8d76e72884993fa106,gold_calib
gold_p2_t1546,pdf-7fbf34194bc1a60c894c,gold_calib
gold_p2_t1554,pdf-87ff67d3b147c04f974b,gold_calib
gold_p2_t1556,pdf-6402248a39fbb6044795,gold_calib
gold_p2_t156,pdf-e445adaa305b536df6be,gold_calib
gold_p2_t1560,pdf-46557ed1fd0c87cf0681,gold_calib
gold_p2_t1561,pdf-e1ee5eb23cf4ebd90c0a,gold_calib
gold_p2_t1563,pdf-505eeb1c054b85597244,gold_calib
gold_p2_t1564,pdf-0578c8a3c7150df9a765,gold_calib
gold_p2_t1565,pdf-2bfa1a1dfc33eefa9d70,gold_calib
gold_p2_t1568,pdf-40b4a3a32732b9a9140c,gold_calib
gold_p2_t157,pdf-ed60c24fbfdfd80fe1d7,gold_calib
gold_p2_t1572,pdf-1f6559961e5a71914657,gold_calib
gold_p2_t1575,pdf-c4029b30a9c9d91f3cae,gold_calib
gold_p2_t1576,pdf-35fb5e62220a692c1a32,gold_calib
gold_p2_t1577,pdf-70fa47cd2fff99dfa68f,gold_calib
gold_p2_t1581,pdf-81b8f1dc11a5865f295a,gold_calib
gold_p2_t1584,pdf-5838fdf52d84f8b82c55,gold_calib
gold_p2_t1588,pdf-8fcc386dcdecfa2dc0aa,gold_calib
gold_p2_t1589,pdf-78e9d95b462f2b0a7d91,gold_calib
gold_p2_t159,pdf-48656f4ce2a8d96339eb,gold_calib
gold_p2_t1590,pdf-e70ab43d1a7778ae56b1,gold_calib
gold_p2_t1593,pdf-c4b69903c9c815b8e8ce,gold_calib
gold_p2_t1595,pdf-a96d7cb5733a4851489f,gold_calib
gold_p2_t1596,pdf-9f3631ee320a2d139310,gold_calib
gold_p2_t1597,pdf-1aec057b7b96959628c0,gold_calib
gold_p2_t1598,pdf-e2693a104ea9607e7617,gold_calib
gold_p2_t1601,pdf-183d95d67fbb012701a8,gold_calib
gold_p2_t1604,pdf-f0985ec2212956c502f3,gold_calib
gold_p2_t1606,pdf-3f521eb221aad803e484,gold_calib
gold_p2_t1607,pdf-95ee75a36d095b7f53c8,gold_calib
gold_p2_t1609,pdf-63c687602efd422e7304,gold_calib
gold_p2_t1611,pdf-9b781485521ce94239d9,gold_calib
gold_p2_t1614,pdf-2366079be53abd9460be,gold_calib
gold_p2_t1617,pdf-b5953003a5d46695c6b5,gold_calib
gold_p2_t1619,pdf-04ad93e5424f4ca2fc0f,gold_calib
gold_p2_t1623,pdf-9ecc0f9cb81398733d55,gold_calib
gold_p2_t1624,pdf-87ff67d3b147c04f974b,gold_calib
gold_p2_t1625,pdf-3b5e3d9c768572465cde,gold_calib
gold_p2_t1628,pdf-3018d028b61e6814c7c1,gold_calib
gold_p2_t1629,pdf-1c949e737210a6c1b38d,gold_calib
gold_p2_t1631,pdf-cd7cc9d75afd8c67df31,gold_calib
gold_p2_t1633,pdf-24f6752a80d0cd9ffa9f,gold_calib
gold_p2_t1636,pdf-1fdb7a1863843b980641,gold_calib
gold_p2_t1637,pdf-5590caabb81a3864cad8,gold_calib
gold_p2_t1639,pdf-65ca670df72610d1d8db,gold_calib
gold_p2_t1642,pdf-12b8e8f1f6f571dea487,gold_calib
gold_p2_t1643,pdf-3a7f66a116773add733b,gold_calib
gold_p2_t1645,pdf-ee5fafaa1a4a8bb006dc,gold_calib
gold_p2_t1648,pdf-94a78e92838fb9f61c19,gold_calib
gold_p2_t1649,pdf-9a29bd564ccdc1df2c57,gold_calib
gold_p2_t1651,pdf-e1f21a27e2ea931e0948,gold_calib
gold_p2_t1652,pdf-fac33e98aa4d80131fa0,gold_calib
gold_p2_t1653,pdf-4dec8bc3130c9a0249a6,gold_calib
gold_p2_t1655,pdf-58957fe25ce3a7aa6d83,gold_calib
gold_p2_t1658,pdf-ee55c9eb6931de4dc654,gold_calib
gold_p2_t166,pdf-7c06ef3753cd612ef8d0,gold_calib
gold_p2_t1661,pdf-8627c5bb4632e7413fb8,gold_calib
gold_p2_t1667,pdf-1f6559961e5a71914657,gold_calib
gold_p2_t167,pdf-df9d79a6f56385ec62b5,gold_calib
gold_p2_t1670,pdf-135a2091ecdcd6e6eca4,gold_calib
gold_p2_t1671,pdf-cbc8ba420e5216f34fa4,gold_calib
gold_p2_t1675,pdf-201792ae41fc4856b7db,gold_calib
gold_p2_t1679,pdf-70dc0408baaf5c84d4b9,gold_calib
gold_p2_t168,pdf-5b40d96544eb5ca3339d,gold_calib
gold_p2_t1683,pdf-bd9b2585bc04272af54c,gold_calib
gold_p2_t1687,pdf-41274fc858efea541bb0,gold_calib
gold_p2_t1688,pdf-e402116bea2e0f57dbb0,gold_calib
gold_p2_t1691,pdf-6cfedb0c78eaf180226c,gold_calib
gold_p2_t1695,pdf-4e61cef905e94e500a3c,gold_calib
gold_p2_t1696,pdf-365a2f4ee97b06d8218e,gold_calib
gold_p2_t1697,pdf-b38f0040e86c1dee3a07,gold_calib
gold_p2_t17,pdf-c454a8e81819577a0366,gold_calib
gold_p2_t1703,pdf-f45a85026b1a2c0c8bbb,gold_calib
gold_p2_t1704,pdf-c7d9079a2547ce6418d8,gold_calib
gold_p2_t1713,pdf-018696c591c9860db082,gold_calib
gold_p2_t1716,pdf-5590caabb81a3864cad8,gold_calib
gold_p2_t1719,pdf-010425897eb7e57a4790,gold_calib
gold_p2_t1721,pdf-dba3e669e68c9d03ab95,gold_calib
gold_p2_t1722,pdf-d5760745c83d657c2113,gold_calib
gold_p2_t1723,pdf-35fb5e62220a692c1a32,gold_calib
gold_p2_t1724,pdf-8ac29862c815c8d0bec6,gold_calib
gold_p2_t1725,pdf-42e642cd7e69cb78e869,gold_calib
gold_p2_t1726,pdf-d8bd77f046805ede0af0,gold_calib
gold_p2_t1727,pdf-a262b1c84c154081dcc5,gold_calib
gold_p2_t1729,pdf-8a8536c013b06e1880f8,gold_calib
gold_p2_t1730,pdf-f7920a28d0c46182d13b,gold_calib
gold_p2_t1732,pdf-556ca59c3ccad876fbc0,gold_calib
gold_p2_t1733,pdf-eb5c8b0a2109972e1814,gold_calib
gold_p2_t1734,pdf-483dbd7c4025ace71db7,gold_calib
gold_p2_t1736,pdf-68f0d392c53b090e1e07,gold_calib
gold_p2_t1737,pdf-13f3d488397dd10b0e0d,gold_calib
gold_p2_t174,pdf-24b2e83234e3e692a384,gold_calib
gold_p2_t1744,pdf-423ec1fc619b4d8fe721,gold_calib
gold_p2_t1747,pdf-7b36fcf0bd1c61b09d02,gold_calib
gold_p2_t175,pdf-698293feb6244b54a6c3,gold_calib
gold_p2_t1751,pdf-d31d8ea0b508d7f251bd,gold_calib
gold_p2_t1753,pdf-b361d84eb84fe72b424e,gold_calib
gold_p2_t1754,pdf-f0985ec2212956c502f3,gold_calib
gold_p2_t1755,pdf-f5da4af662905022d00c,gold_calib
gold_p2_t1757,pdf-e2fa3397a1d104f2709e,gold_calib
gold_p2_t1758,pdf-cec1f0c405b26f693cbf,gold_calib
gold_p2_t1759,pdf-c624a59613c152eef8e0,gold_calib
gold_p2_t1761,pdf-4f7224d37414b7bb9cc7,gold_calib
gold_p2_t1766,pdf-dbc411dd491657388ab0,gold_calib
gold_p2_t1767,pdf-0481e3cbb65c55e029fc,gold_calib
gold_p2_t1768,pdf-99b53013d9e80cf637c8,gold_calib
gold_p2_t1769,pdf-ed29db0dc0002200a43c,gold_calib
gold_p2_t1770,pdf-4c082c03ba9b8ea9c425,gold_calib
gold_p2_t1771,pdf-ef6197e1b7199e4df935,gold_calib
gold_p2_t1772,pdf-5ec3ba4da253b2779de6,gold_calib
gold_p2_t1773,pdf-b9db74c9c7169e36bc7f,gold_calib
gold_p2_t1777,pdf-698293feb6244b54a6c3,gold_calib
gold_p2_t1779,pdf-63c687602efd422e7304,gold_calib
gold_p2_t1780,pdf-ccc354b3b4c305eb046a,gold_calib
gold_p2_t1786,pdf-7e9cb0ee997dfea57c17,gold_calib
gold_p2_t1787,pdf-bdb10c47bafa016b7c59,gold_calib
gold_p2_t1788,pdf-0c75da6d1cbc54363cc6,gold_calib
gold_p2_t179,pdf-c4cad57c2fc80d5883d9,gold_calib
gold_p2_t1790,pdf-e5f6a9a0f5e92e978d5d,gold_calib
gold_p2_t1791,pdf-54e2ef85bad3660a83d3,gold_calib
gold_p2_t1793,pdf-64774b7a84977d199402,gold_calib
gold_p2_t1794,pdf-47f82d7336c86bfe153e,gold_calib
gold_p2_t1795,pdf-12b8e8f1f6f571dea487,gold_calib
gold_p2_t1796,pdf-c61ce0928c31ad4fd97b,gold_calib
gold_p2_t1797,pdf-f2ce3f5a9341cbbfbe21,gold_calib
gold_p2_t1798,pdf-c66b3b79e7af97a648f4,gold_calib
gold_p2_t1799,pdf-699844c082e0e38e053e,gold_calib
gold_p2_t18,pdf-1640be31905f8dd4cb9f,gold_calib
gold_p2_t180,pdf-b575fe0e94d214cf1db7,gold_calib
gold_p2_t1801,pdf-29d675382e48e808b119,gold_calib
gold_p2_t1812,pdf-eb5c8b0a2109972e1814,gold_calib
gold_p2_t1823,pdf-a60ba86bb417f5c9859d,gold_calib
gold_p2_t1824,pdf-bc8cbe03213d42a308a1,gold_calib
gold_p2_t1825,pdf-4d56c27634303886c499,gold_calib
gold_p2_t1826,pdf-7e9cb0ee997dfea57c17,gold_calib
gold_p2_t1827,pdf-7c174036ddc7b8bbecfe,gold_calib
gold_p2_t1830,pdf-b09885e0a7e53224be07,gold_calib
gold_p2_t1831,pdf-ee84e23d239aaf7a8b00,gold_calib
gold_p2_t1834,pdf-335396dc03685a0399d1,gold_calib
gold_p2_t1835,pdf-1e15afbecfcdb1086b76,gold_calib
gold_p2_t1837,pdf-332ce86f8aa3c90114ef,gold_calib
gold_p2_t1838,pdf-15062d8bf1cbfc84ae24,gold_calib
gold_p2_t1839,pdf-554e446de5af0fb34228,gold_calib
gold_p2_t1841,pdf-888dd1957264f22c7522,gold_calib
gold_p2_t1846,pdf-82f0bb9e0802df39d847,gold_calib
gold_p2_t1847,pdf-cb2f1a4886785b45d87f,gold_calib
gold_p2_t1849,pdf-d5869a0752cd7d808f50,gold_calib
gold_p2_t185,pdf-29fd5c129a43ed185c65,gold_calib
gold_p2_t1850,pdf-8ecd60e4b7e8e8e0a3a2,gold_calib
gold_p2_t1851,pdf-159b7cd225ec1d4b62fc,gold_calib
gold_p2_t1855,pdf-141020886f2b652c4af6,gold_calib
gold_p2_t1863,pdf-70646a0c8756146dae21,gold_calib
gold_p2_t1864,pdf-1159df8fc196a8c41886,gold_calib
gold_p2_t1868,pdf-c66b3b79e7af97a648f4,gold_calib
gold_p2_t1869,pdf-818e09e3c53c2752f083,gold_calib
gold_p2_t1872,pdf-4c8cf18623297a54a2b5,gold_calib
gold_p2_t1878,pdf-366bf14846451e0d92b6,gold_calib
gold_p2_t1879,pdf-d94f158ebd0bad355a55,gold_calib
gold_p2_t188,pdf-4a5e0154d3b9ac70cb3a,gold_calib
gold_p2_t1881,pdf-bc5aca6bf48dad9219f2,gold_calib
gold_p2_t1883,pdf-a0b80305ce32fbb19e0d,gold_calib
gold_p2_t1884,pdf-a5bd8155e8b774a9a1aa,gold_calib
gold_p2_t1886,pdf-a0f3c96273a4ea4caa3a,gold_calib
gold_p2_t1888,pdf-03e0db47b0874e8e7437,gold_calib
gold_p2_t1889,pdf-d03f11c2f563af161c62,gold_calib
gold_p2_t1890,pdf-4ae91867da4808b53752,gold_calib
gold_p2_t1893,pdf-98e539feb85693c49b59,gold_calib
gold_p2_t19,pdf-d6914b8346b1c6998544,gold_calib
gold_p2_t190,pdf-56635e746489b02fd97c,gold_calib
gold_p2_t1900,pdf-146d1ef5a79d36019dbf,gold_calib
gold_p2_t1903,pdf-520ad77de46d5088b626,gold_calib
gold_p2_t1904,pdf-2c8e36c86bed4febd1be,gold_calib
gold_p2_t1907,pdf-c1227b8ba5c70246fd71,gold_calib
gold_p2_t191,pdf-6866dfc4d79151f4ac57,gold_calib
gold_p2_t1910,pdf-69817ae03a1288dc265e,gold_calib
gold_p2_t1912,pdf-963498a60825b452e4d7,gold_calib
gold_p2_t1916,pdf-6acda6b93beaceaf43ab,gold_calib
gold_p2_t1917,pdf-b3ec32b43dbafb78dde0,gold_calib
gold_p2_t1918,pdf-d1061d2655cafdb5749e,gold_calib
gold_p2_t1925,pdf-375bbfe92d0e887e2398,gold_calib
gold_p2_t1927,pdf-87adf966d7ecfa7e6b1d,gold_calib
gold_p2_t1929,pdf-026b0bbfe0e16947c67f,gold_calib
gold_p2_t1930,pdf-d7415c14534b21bfcb5a,gold_calib
gold_p2_t1934,pdf-8ee14bb3fb1fc77e948c,gold_calib
gold_p2_t1936,pdf-4df69e09c4b1a803a97c,gold_calib
gold_p2_t194,pdf-b0e2f450b8acbe8eb7eb,gold_calib
gold_p2_t1945,pdf-62981dd19d4f3c105a68,gold_calib
gold_p2_t1951,pdf-e519837ccedbc416f5c6,gold_calib
gold_p2_t1952,pdf-4aa42096fadec4c74771,gold_calib
gold_p2_t1954,pdf-135a2091ecdcd6e6eca4,gold_calib
gold_p2_t1955,pdf-d4b519ff1f2e3ef8760e,gold_calib
gold_p2_t1956,pdf-e171fe7b9d047f7d3a41,gold_calib
gold_p2_t1963,pdf-7a99dceac3172fee1c70,gold_calib
gold_p2_t1966,pdf-416a66ce7ce1076519b8,gold_calib
gold_p2_t1967,pdf-c8ca8431227af5be612a,gold_calib
gold_p2_t1975,pdf-8b40b36e078e79c54e6d,gold_calib
gold_p2_t1977,pdf-cec1f0c405b26f693cbf,gold_calib
gold_p2_t1978,pdf-c72e89c4135fac91e28a,gold_calib
gold_p2_t1979,pdf-d429f1fb9031178fb5d7,gold_calib
gold_p2_t1980,pdf-b3cb09f2816119caaa0d,gold_calib
gold_p2_t1981,pdf-8d247659ad0ac682095d,gold_calib
gold_p2_t1983,pdf-38492ba8db2a413e512f,gold_calib
gold_p2_t1987,pdf-028322b229cae921e3f5,gold_calib
gold_p2_t1988,pdf-81b8f1dc11a5865f295a,gold_calib
gold_p2_t1996,pdf-3627eafe947a3a11de13,gold_calib
gold_p2_t1998,pdf-d124bd6db28bb98c0361,gold_calib
gold_p2_t1999,pdf-bbd97b1ac84ac8d52c0e,gold_calib
gold_p2_t2,pdf-d89b8ea7fa8de3c4d85c,gold_calib
gold_p2_t20,pdf-e8bb373fda7c9cbd9311,gold_calib
gold_p2_t2000,pdf-52429ed01c5e4bef2435,gold_calib
gold_p2_t2001,pdf-3037fa5f61d3f6d83f4c,gold_calib
gold_p2_t2008,pdf-ba761490dde3bc21db33,gold_calib
gold_p2_t2009,pdf-810b70e722fe99217ebe,gold_calib
gold_p2_t2010,pdf-6986a6e63906135aea56,gold_calib
gold_p2_t2012,pdf-6cfedb0c78eaf180226c,gold_calib
gold_p2_t2013,pdf-ca65c9c93e93ff9d9c46,gold_calib
gold_p2_t2014,pdf-fc64df63b0d198aa973d,gold_calib
gold_p2_t2016,pdf-61abdfe9a4f63d2a4309,gold_calib
gold_p2_t2018,pdf-093732f2a2d92921786c,gold_calib
gold_p2_t2026,pdf-78e9d95b462f2b0a7d91,gold_calib
gold_p2_t2028,pdf-b8f3f3c3548ef78f2ded,gold_calib
gold_p2_t2029,pdf-d07a2423a141019cba06,gold_calib
gold_p2_t2030,pdf-87adf966d7ecfa7e6b1d,gold_calib
gold_p2_t2031,pdf-406507c37fc7293d6ada,gold_calib
gold_p2_t2034,pdf-1389c4b0c392543d12b7,gold_calib
gold_p2_t2035,pdf-d31d8ea0b508d7f251bd,gold_calib
gold_p2_t2051,pdf-5a23ba1e866dd988cb2a,gold_calib
gold_p2_t2052,pdf-894d17b3d221072310df,gold_calib
gold_p2_t2054,pdf-70646a0c8756146dae21,gold_calib
gold_p2_t2055,pdf-4dec8bc3130c9a0249a6,gold_calib
gold_p2_t2056,pdf-23a38022c92b787ea0c6,gold_calib
gold_p2_t2057,pdf-136999195b782b65a600,gold_calib
gold_p2_t2058,pdf-183d95d67fbb012701a8,gold_calib
gold_p2_t2059,pdf-24b2e83234e3e692a384,gold_calib
gold_p2_t2062,pdf-5448caf920e069dca84f,gold_calib
gold_p2_t2064,pdf-f27f3cc20535056b5a6e,gold_calib
gold_p2_t2066,pdf-b4b50e13b7f198f30d0e,gold_calib
gold_p2_t2067,pdf-5628deee12055e5380d1,gold_calib
gold_p2_t2068,pdf-6c35bd1929135d04f419,gold_calib
gold_p2_t2069,pdf-7f7a345c6173aac2c6b3,gold_calib
gold_p2_t2070,pdf-a2345b4fd3613939b11c,gold_calib
gold_p2_t2074,pdf-5739272f67c0fa244a52,gold_calib
gold_p2_t2077,pdf-1c949e737210a6c1b38d,gold_calib
gold_p2_t2078,pdf-79a44a3729d11e89c854,gold_calib
gold_p2_t2079,pdf-845d99b78e5c3d3a7d72,gold_calib
gold_p2_t208,pdf-46a6eb4506765e1614ae,gold_calib
gold_p2_t2080,pdf-41083269cbf36c54f887,gold_calib
gold_p2_t2084,pdf-231a91693b3d9dc8c52b,gold_calib
gold_p2_t2086,pdf-d53e9e6cec80af63b8ce,gold_calib
gold_p2_t2089,pdf-57419500bf462e91431e,gold_calib
gold_p2_t2090,pdf-b58f1b666a5c1d4bfa90,gold_calib
gold_p2_t2092,pdf-1fd31c7572c490abaf2a,gold_calib
gold_p2_t2096,pdf-d32f9fdfb33a50ed2b0b,gold_calib
gold_p2_t2097,pdf-f902047e34e571515968,gold_calib
gold_p2_t2098,pdf-7bec36216bed4a9920bc,gold_calib
gold_p2_t2099,pdf-7b8fdd29f0578e2e9c93,gold_calib
gold_p2_t2102,pdf-1aa583cf6a3b95eb165e,gold_calib
gold_p2_t2107,pdf-f96e077eb161d0bd33d6,gold_calib
gold_p2_t2109,pdf-d9b787e04fed6588c3ea,gold_calib
gold_p2_t2111,pdf-102d676576c9ae7cd45f,gold_calib
gold_p2_t2112,pdf-4dec8bc3130c9a0249a6,gold_calib
gold_p2_t2114,pdf-1e15afbecfcdb1086b76,gold_calib
gold_p2_t2122,pdf-bc3b2e85d2c3ab868839,gold_calib
gold_p2_t2124,pdf-89a876df23514f5b60ea,gold_calib
gold_p2_t2125,pdf-ef57e5be45dd1ecd4004,gold_calib
gold_p2_t2132,pdf-75aeca7216ebf1d49706,gold_calib
gold_p2_t2138,pdf-e0ea5dc2295fe7b4862b,gold_calib
gold_p2_t2141,pdf-e2f58e93599b30fc6ce2,gold_calib
gold_p2_t2143,pdf-cde39172715f31ebd749,gold_calib
gold_p2_t2150,pdf-4aa42096fadec4c74771,gold_calib
gold_p2_t2153,pdf-c6f696b8a9c1645e1045,gold_calib
gold_p2_t2154,pdf-3cbd222f3c65411cabc6,gold_calib
gold_p2_t2158,pdf-8f30d22464b81dc3fdc6,gold_calib
gold_p2_t2159,pdf-ddc926c84d052671f42f,gold_calib
gold_p2_t216,pdf-24685443c67034f8b1dd,gold_calib
gold_p2_t2160,pdf-11412224320897854790,gold_calib
gold_p2_t2164,pdf-38492ba8db2a413e512f,gold_calib
gold_p2_t2165,pdf-df0c5d028f61df37e78d,gold_calib
gold_p2_t2170,pdf-e6502719a43adceb6e41,gold_calib
gold_p2_t2175,pdf-f87a9df03438dba6b405,gold_calib
gold_p2_t2178,pdf-077c0d6daf9b560f90ac,gold_calib
gold_p2_t218,pdf-a51e5d9dc3d8d52dc589,gold_calib
gold_p2_t2182,pdf-a3ceabe893ae73d28f24,gold_calib
gold_p2_t2186,pdf-f19c18620c6a89199dbc,gold_calib
gold_p2_t2187,pdf-2f183debf487d9daaf7b,gold_calib
gold_p2_t2189,pdf-19ecf2c0c9ccdde3ac04,gold_calib
gold_p2_t2190,pdf-9e51bb5a63458b977c76,gold_calib
gold_p2_t2194,pdf-b021606e3c45d911a7b5,gold_calib
gold_p2_t2197,pdf-d7415c14534b21bfcb5a,gold_calib
gold_p2_t2198,pdf-ec6078dd243537c1d537,gold_calib
gold_p2_t2199,pdf-21bf1efcee39b23e796d,gold_calib
gold_p2_t220,pdf-201792ae41fc4856b7db,gold_calib
gold_p2_t2200,pdf-4ab6db1ec347e0ec63bc,gold_calib
gold_p2_t2201,pdf-7b0fcde836a909322654,gold_calib
gold_p2_t2206,pdf-538cd238bba4ca22f0b0,gold_calib
gold_p2_t2207,pdf-d80c93433ed41904ed71,gold_calib
gold_p2_t2209,pdf-1aec057b7b96959628c0,gold_calib
gold_p2_t221,pdf-1640be31905f8dd4cb9f,gold_calib
gold_p2_t2211,pdf-1551e50e8784f262d991,gold_calib
gold_p2_t2213,pdf-7f25e9385fdc37e2536b,gold_calib
gold_p2_t2214,pdf-23a8d0390326d3f1484c,gold_calib
gold_p2_t2219,pdf-ddfc5959c5e2ea2eed05,gold_calib
gold_p2_t2223,pdf-fe6bbcfbf1019a7b1053,gold_calib
gold_p2_t2225,pdf-f45a85026b1a2c0c8bbb,gold_calib
gold_p2_t2227,pdf-6c16f4466db0eee42c7c,gold_calib
gold_p2_t2229,pdf-e0b06410f6d0122fa302,gold_calib
gold_p2_t223,pdf-ec02b55da591e7b97df4,gold_calib
gold_p2_t2231,pdf-b5c9742cdf4a098d40c7,gold_calib
gold_p2_t2232,pdf-d0addcf71fbcdf370e1c,gold_calib
gold_p2_t2235,pdf-99b53013d9e80cf637c8,gold_calib
gold_p2_t2238,pdf-1fdb7a1863843b980641,gold_calib
gold_p2_t2239,pdf-7364e64444784758f89e,gold_calib
gold_p2_t2240,pdf-21bf1efcee39b23e796d,gold_calib
gold_p2_t2242,pdf-81826fb0fe5bd5683911,gold_calib
gold_p2_t2243,pdf-86c56cf79fc6a887cbc9,gold_calib
gold_p2_t2247,pdf-86697d02c01a2141543d,gold_calib
gold_p2_t2248,pdf-b83150ae09341678106a,gold_calib
gold_p2_t2249,pdf-f7b45c101abfa1ff598a,gold_calib
gold_p2_t2251,pdf-e49cfd0b36b447984f4a,gold_calib
gold_p2_t2252,pdf-abcc24fb7148aef29619,gold_calib
gold_p2_t2256,pdf-af0f45cda5e4487c22a1,gold_calib
gold_p2_t2257,pdf-383395934891636b456d,gold_calib
gold_p2_t2259,pdf-ee8829a8db14e73edee4,gold_calib
gold_p2_t226,pdf-af3c11f9b25f4dd14230,gold_calib
gold_p2_t2261,pdf-4ac8fe74d14e0a4e2af8,gold_calib
gold_p2_t2263,pdf-1c949e737210a6c1b38d,gold_calib
gold_p2_t2265,pdf-136b1939b9866dc8418a,gold_calib
gold_p2_t2269,pdf-520ad77de46d5088b626,gold_calib
gold_p2_t2270,pdf-ee84e23d239aaf7a8b00,gold_calib
gold_p2_t2272,pdf-e80d1d03d53ee143e5cf,gold_calib
gold_p2_t2277,pdf-4ad045f90ee889eb882a,gold_calib
gold_p2_t2278,pdf-1ce88eb77620532d09ef,gold_calib
gold_p2_t2279,pdf-fc64df63b0d198aa973d,gold_calib
gold_p2_t2280,pdf-ed98aa0a82697d530a30,gold_calib
gold_p2_t2281,pdf-8f015f5c21e1e6f5dfbb,gold_calib
gold_p2_t2283,pdf-9b2e7d8c716b06e25301,gold_calib
gold_p2_t2284,pdf-0ff3e5f164a1fa54778a,gold_calib
gold_p2_t2288,pdf-de9b07b5fc122b0875a3,gold_calib
gold_p2_t2289,pdf-4ad045f90ee889eb882a,gold_calib
gold_p2_t2291,pdf-f88117f50550a812db7b,gold_calib
gold_p2_t2298,pdf-15062d8bf1cbfc84ae24,gold_calib
gold_p2_t2299,pdf-b3cb09f2816119caaa0d,gold_calib
gold_p2_t23,pdf-d81c9ee0bf34185d4b83,gold_calib
gold_p2_t230,pdf-6e634922fd1b40317500,gold_calib
gold_p2_t2300,pdf-ae1aac5fa457e84f5b99,gold_calib
gold_p2_t2302,pdf-09fa8c838ebbf2162edc,gold_calib
gold_p2_t2303,pdf-bd9b2585bc04272af54c,gold_calib
gold_p2_t2307,pdf-d5760745c83d657c2113,gold_calib
gold_p2_t2312,pdf-2c31613bb0f9748e9fc0,gold_calib
gold_p2_t2314,pdf-d429f1fb9031178fb5d7,gold_calib
gold_p2_t2315,pdf-f891fa263c4946a0d40e,gold_calib
gold_p2_t2317,pdf-dd44bba397502c13e7f3,gold_calib
gold_p2_t2319,pdf-a5b88f01bb10a0517f3c,gold_calib
gold_p2_t232,pdf-a51e5d9dc3d8d52dc589,gold_calib
gold_p2_t2322,pdf-2f183debf487d9daaf7b,gold_calib
gold_p2_t2323,pdf-da83e2b111e0db1bba99,gold_calib
gold_p2_t2325,pdf-916fce23685b02edbfb8,gold_calib
gold_p2_t2329,pdf-4671dc3ecd377975d35e,gold_calib
gold_p2_t2335,pdf-4bd72b8326a9773b1220,gold_calib
gold_p2_t2342,pdf-c7ff5bc9336338d59afe,gold_calib
gold_p2_t2345,pdf-e000cd5aeced3ca4b2a2,gold_calib
gold_p2_t2349,pdf-b54c62dcc97741a03605,gold_calib
gold_p2_t2350,pdf-eea2f581ffb458179f3a,gold_calib
gold_p2_t2351,pdf-adc075502a899531e45c,gold_calib
gold_p2_t2352,pdf-d59b1c1ef36c7bdbd3a4,gold_calib
gold_p2_t2353,pdf-9b2e7d8c716b06e25301,gold_calib
gold_p2_t2358,pdf-5d801a1e6567d908dd53,gold_calib
gold_p2_t236,pdf-ae1aac5fa457e84f5b99,gold_calib
gold_p2_t2360,pdf-2ecb2925eca74b545ebd,gold_calib
gold_p2_t2363,pdf-c3177cb27b7324953bf6,gold_calib
gold_p2_t2364,pdf-e026b8d9be1e69a4b7ad,gold_calib
gold_p2_t2366,pdf-61abdfe9a4f63d2a4309,gold_calib
gold_p2_t2368,pdf-6e0f3f260ed375434286,gold_calib
gold_p2_t237,pdf-e2693a104ea9607e7617,gold_calib
gold_p2_t2371,pdf-c4fac9b9f26ba0a5036b,gold_calib
gold_p2_t2372,pdf-a3a9947563d923935c12,gold_calib
gold_p2_t2373,pdf-b69eb4cd3fde08ec1513,gold_calib
gold_p2_t238,pdf-6702f530ae9174a91fa5,gold_calib
gold_p2_t2381,pdf-70c2935cd78353cd686f,gold_calib
gold_p2_t2382,pdf-14652f952a13caea20d0,gold_calib
gold_p2_t2388,pdf-c21e034b5024436ff004,gold_calib
gold_p2_t2389,pdf-028322b229cae921e3f5,gold_calib
gold_p2_t239,pdf-1ed98332e93d2bfd9624,gold_calib
gold_p2_t2390,pdf-e6f05f59a2a29d9e4277,gold_calib
gold_p2_t2391,pdf-be7fd47007e7a6ee0aee,gold_calib
gold_p2_t2394,pdf-4ca7e6c61ffcea46ab37,gold_calib
gold_p2_t2397,pdf-6ccad864271b5f0d51d7,gold_calib
gold_p2_t2398,pdf-b0b03a404bd67a5a6c36,gold_calib
gold_p2_t2404,pdf-88b736d9149595a5f9e4,gold_calib
gold_p2_t2406,pdf-ee415f3a252d2009f82c,gold_calib
gold_p2_t2408,pdf-a0b80305ce32fbb19e0d,gold_calib
gold_p2_t2409,pdf-c14f47ef4770fa35097c,gold_calib
gold_p2_t2410,pdf-2e99138abc70af7771a8,gold_calib
gold_p2_t2411,pdf-39be913fba715aefaf5d,gold_calib
gold_p2_t2414,pdf-aa81fcac9e443e9aa02f,gold_calib
gold_p2_t2422,pdf-07a3381c1d2db87eb871,gold_calib
gold_p2_t2423,pdf-0ff3e5f164a1fa54778a,gold_calib
gold_p2_t2425,pdf-102d676576c9ae7cd45f,gold_calib
gold_p2_t2426,pdf-e1ee5eb23cf4ebd90c0a,gold_calib
gold_p2_t2431,pdf-8627c5bb4632e7413fb8,gold_calib
gold_p2_t2434,pdf-a8f96c211e02ed6ea3a8,gold_calib
gold_p2_t2437,pdf-8f015f5c21e1e6f5dfbb,gold_calib
gold_p2_t2438,pdf-6986a6e63906135aea56,gold_calib
gold_p2_t244,pdf-b5953003a5d46695c6b5,gold_calib
gold_p2_t2441,pdf-699844c082e0e38e053e,gold_calib
gold_p2_t2446,pdf-d0addcf71fbcdf370e1c,gold_calib
gold_p2_t2451,pdf-87ff67d3b147c04f974b,gold_calib
gold_p2_t2458,pdf-16910eff4438485286c7,gold_calib
gold_p2_t2459,pdf-3f35dccd5bfcbe7944a6,gold_calib
gold_p2_t246,pdf-50b68eccc793c0f57241,gold_calib
gold_p2_t2463,pdf-5990101cd3597ea6b66f,gold_calib
gold_p2_t2465,pdf-6f3fc7e5069923b14864,gold_calib
gold_p2_t2466,pdf-60fe88ba04348fb0a284,gold_calib
gold_p2_t2467,pdf-8a8536c013b06e1880f8,gold_calib
gold_p2_t2468,pdf-8ac9b004b2e0ef4d406e,gold_calib
gold_p2_t2472,pdf-86c56cf79fc6a887cbc9,gold_calib
gold_p2_t2474,pdf-567552d3145d12503478,gold_calib
gold_p2_t2478,pdf-e5f6a9a0f5e92e978d5d,gold_calib
gold_p2_t2479,pdf-ab90fe4350d455c7a771,gold_calib
gold_p2_t248,pdf-5587b38429a4e943dcad,gold_calib
gold_p2_t2484,pdf-3f521eb221aad803e484,gold_calib
gold_p2_t2486,pdf-35f285b92d3c72327ea3,gold_calib
gold_p2_t249,pdf-9f3631ee320a2d139310,gold_calib
gold_p2_t2490,pdf-1e85f4ceddd9355b2753,gold_calib
gold_p2_t2493,pdf-8d202e41a0de33f88173,gold_calib
gold_p2_t2494,pdf-1fd31c7572c490abaf2a,gold_calib
gold_p2_t2495,pdf-d0f0590e9f80e05ab409,gold_calib
gold_p2_t2496,pdf-7295e6fbf6c70be1ae4f,gold_calib
gold_p2_t2498,pdf-56635e746489b02fd97c,gold_calib
gold_p2_t2499,pdf-b23faf3da35e306be337,gold_calib
gold_p2_t25,pdf-fe72fb34a849546338c1,gold_calib
gold_p2_t250,pdf-d42d255cd00c460149e5,gold_calib
gold_p2_t2502,pdf-5628deee12055e5380d1,gold_calib
gold_p2_t2504,pdf-8f30d22464b81dc3fdc6,gold_calib
gold_p2_t2506,pdf-0cbc3989ee68f3e58b71,gold_calib
gold_p2_t2507,pdf-fa85d19f513e577a4844,gold_calib
gold_p2_t2510,pdf-79a44a3729d11e89c854,gold_calib
gold_p2_t2511,pdf-d32f9fdfb33a50ed2b0b,gold_calib
gold_p2_t2518,pdf-0b31b4158d8c749fd96c,gold_calib
gold_p2_t2520,pdf-3bad2c34356124f7b04f,gold_calib
gold_p2_t2521,pdf-fcc1f7eb8e0299b8a6f7,gold_calib
gold_p2_t2524,pdf-411677bf65df422227d7,gold_calib
gold_p2_t2528,pdf-ecda3c7a4e8488fb1ecc,gold_calib
gold_p2_t2529,pdf-1e15afbecfcdb1086b76,gold_calib
gold_p2_t2530,pdf-ba44938a6bea127804bb,gold_calib
gold_p2_t2532,pdf-9349553eb9777b025cac,gold_calib
gold_p2_t2533,pdf-311cf2be99ca6cfadb92,gold_calib
gold_p2_t2535,pdf-20231749328fe8c4923c,gold_calib
gold_p2_t2542,pdf-406507c37fc7293d6ada,gold_calib
gold_p2_t2545,pdf-a7779beb73b0f5d19d8f,gold_calib
gold_p2_t2546,pdf-ef6197e1b7199e4df935,gold_calib
gold_p2_t2549,pdf-6986a6e63906135aea56,gold_calib
gold_p2_t2551,pdf-7e9da6b2b3af5c04c1d1,gold_calib
gold_p2_t2554,pdf-f0985ec2212956c502f3,gold_calib
gold_p2_t2558,pdf-366f8d9cd2b28d145f1d,gold_calib
gold_p2_t2559,pdf-0628fcbd1c6b866b53ec,gold_calib
gold_p2_t2563,pdf-effba7677a14a099963f,gold_calib
gold_p2_t2564,pdf-f541eda9db716f16fabf,gold_calib
gold_p2_t2568,pdf-5c348165ed997d016553,gold_calib
gold_p2_t2575,pdf-b83150ae09341678106a,gold_calib
gold_p2_t2579,pdf-13cac38fe9c7c039f7fd,gold_calib
gold_p2_t2583,pdf-e6ba629dc22ca2f89b90,gold_calib
gold_p2_t2584,pdf-39be913fba715aefaf5d,gold_calib
gold_p2_t2587,pdf-2218d7e21b83d47c017c,gold_calib
gold_p2_t2588,pdf-60fe88ba04348fb0a284,gold_calib
gold_p2_t2591,pdf-d5869a0752cd7d808f50,gold_calib
gold_p2_t2592,pdf-15da5b8df103df981b57,gold_calib
gold_p2_t2595,pdf-e5e872d06aa51ea6ad0b,gold_calib
gold_p2_t26,pdf-dbc411dd491657388ab0,gold_calib
gold_p2_t260,pdf-c7d9079a2547ce6418d8,gold_calib
gold_p2_t2602,pdf-8fcc386dcdecfa2dc0aa,gold_calib
gold_p2_t2604,pdf-ed2a4048fc9cbb0700a1,gold_calib
gold_p2_t2605,pdf-953c99347e4fa82bc805,gold_calib
gold_p2_t2607,pdf-8627c5bb4632e7413fb8,gold_calib
gold_p2_t2610,pdf-52619896c8e5a7701555,gold_calib
gold_p2_t2613,pdf-42e642cd7e69cb78e869,gold_calib
gold_p2_t2614,pdf-f1b05f349d2794d0d16c,gold_calib
gold_p2_t2619,pdf-11438e43c77a7904e7a4,gold_calib
gold_p2_t262,pdf-b7e290d131b18119dcef,gold_calib
gold_p2_t2620,pdf-4463ac2d6134bb8ba416,gold_calib
gold_p2_t2623,pdf-3172d8d082cf2ea1d9f1,gold_calib
gold_p2_t2625,pdf-759fcb057ec4de4d2175,gold_calib
gold_p2_t2626,pdf-42e642cd7e69cb78e869,gold_calib
gold_p2_t2629,pdf-1aa583cf6a3b95eb165e,gold_calib
gold_p2_t263,pdf-4a6232b1120a6f6a8f83,gold_calib
gold_p2_t2630,pdf-935490d4120b82ec2ac6,gold_calib
gold_p2_t2634,pdf-0628fcbd1c6b866b53ec,gold_calib
gold_p2_t2635,pdf-cc5dd94d19def78583db,gold_calib
gold_p2_t2636,pdf-6566f36f910d73145fd8,gold_calib
gold_p2_t2637,pdf-09198144999d448fc005,gold_calib
gold_p2_t2640,pdf-f3ce02ff80e5dd5193d3,gold_calib
gold_p2_t2643,pdf-0a46abb41f8f83595601,gold_calib
gold_p2_t2645,pdf-ba44938a6bea127804bb,gold_calib
gold_p2_t2648,pdf-46a6eb4506765e1614ae,gold_calib
gold_p2_t2649,pdf-b4b50e13b7f198f30d0e,gold_calib
gold_p2_t2652,pdf-ad3a204d8989cc81a84c,gold_calib
gold_p2_t2654,pdf-75d9f9d6e91b5d77b25f,gold_calib
gold_p2_t2658,pdf-483dbd7c4025ace71db7,gold_calib
gold_p2_t2659,pdf-7295e6fbf6c70be1ae4f,gold_calib
gold_p2_t2665,pdf-11438e43c77a7904e7a4,gold_calib
gold_p2_t2666,pdf-03e0db47b0874e8e7437,gold_calib
gold_p2_t2669,pdf-9ffe696a7b5834f1fca5,gold_calib
gold_p2_t2671,pdf-d4b519ff1f2e3ef8760e,gold_calib
gold_p2_t2672,pdf-16b3bec8850f69c6e6f3,gold_calib
gold_p2_t2673,pdf-9d001830cdc949b051fc,gold_calib
gold_p2_t2675,pdf-dceb14a459bfe1ec557a,gold_calib
gold_p2_t2676,pdf-f5da4af662905022d00c,gold_calib
gold_p2_t2678,pdf-650f94dea0144ba1c97a,gold_calib
gold_p2_t2679,pdf-60bd96503be7f5f46594,gold_calib
gold_p2_t2681,pdf-9ad3545422cbcbc908ed,gold_calib
gold_p2_t2684,pdf-18cd34c845bd07478b42,gold_calib
gold_p2_t2685,pdf-5656500b071161cfc73c,gold_calib
gold_p2_t2686,pdf-7890ce5ee81b3d6594f4,gold_calib
gold_p2_t2688,pdf-7c8465e63236c02af325,gold_calib
gold_p2_t2689,pdf-49caee44285bc6925e57,gold_calib
gold_p2_t2691,pdf-1aa583cf6a3b95eb165e,gold_calib
gold_p2_t2698,pdf-e98cc8af8afa46fdd6c3,gold_calib
gold_p2_t27,pdf-698293feb6244b54a6c3,gold_calib
gold_p2_t2705,pdf-406507c37fc7293d6ada,gold_calib
gold_p2_t2707,pdf-b9a2433b49c5d42f4e34,gold_calib
gold_p2_t271,pdf-cd7e897ad3457d872be1,gold_calib
gold_p2_t2710,pdf-01d4b0ea96a2ab702fa8,gold_calib
gold_p2_t2711,pdf-76a43c8b16f7d28f62cb,gold_calib
gold_p2_t2712,pdf-1f68e3cbfdd9f1800e2a,gold_calib
gold_p2_t2713,pdf-0131da60a5b8197537a7,gold_calib
gold_p2_t2722,pdf-4463ac2d6134bb8ba416,gold_calib
gold_p2_t2723,pdf-8a8536c013b06e1880f8,gold_calib
gold_p2_t2724,pdf-d31d8ea0b508d7f251bd,gold_calib
gold_p2_t2729,pdf-bfb9476ad2ef20f52b43,gold_calib
gold_p2_t273,pdf-39b29754df5564225f8e,gold_calib
gold_p2_t2730,pdf-3ffbadaa4998ac0f99ac,gold_calib
gold_p2_t2733,pdf-fac33e98aa4d80131fa0,gold_calib
gold_p2_t2741,pdf-963498a60825b452e4d7,gold_calib
gold_p2_t2750,pdf-0628fcbd1c6b866b53ec,gold_calib
gold_p2_t2751,pdf-567552d3145d12503478,gold_calib
gold_p2_t2754,pdf-f88117f50550a812db7b,gold_calib
gold_p2_t2755,pdf-93e9a32422e27dfca60a,gold_calib
gold_p2_t2756,pdf-8a92413998bc6d056064,gold_calib
gold_p2_t276,pdf-68bebbab1f7ed17b64e7,gold_calib
gold_p2_t2760,pdf-7a485799b1381bd327b8,gold_calib
gold_p2_t2765,pdf-d124bd6db28bb98c0361,gold_calib
gold_p2_t2766,pdf-1f6559961e5a71914657,gold_calib
gold_p2_t2768,pdf-cb2f1a4886785b45d87f,gold_calib
gold_p2_t277,pdf-e4f165b84b72b07cba8a,gold_calib
gold_p2_t2775,pdf-f290b442af6ebf5af4f3,gold_calib
gold_p2_t2778,pdf-a866e457dd841c9d508f,gold_calib
gold_p2_t278,pdf-38492ba8db2a413e512f,gold_calib
gold_p2_t2785,pdf-7890ce5ee81b3d6594f4,gold_calib
gold_p2_t2786,pdf-0131da60a5b8197537a7,gold_calib
gold_p2_t2787,pdf-f814f05bc47004f7a409,gold_calib
gold_p2_t279,pdf-6cfedb0c78eaf180226c,gold_calib
gold_p2_t2793,pdf-1a2875831ef567c090db,gold_calib
gold_p2_t2794,pdf-ad65f348a7f4abc7bb90,gold_calib
gold_p2_t2796,pdf-04ad93e5424f4ca2fc0f,gold_calib
gold_p2_t2798,pdf-c7d9079a2547ce6418d8,gold_calib
gold_p2_t2799,pdf-a5a0448e512db962e9aa,gold_calib
gold_p2_t280,pdf-3f521eb221aad803e484,gold_calib
gold_p2_t2802,pdf-0cbc3989ee68f3e58b71,gold_calib
gold_p2_t2805,pdf-7e9cb0ee997dfea57c17,gold_calib
gold_p2_t2808,pdf-abcb895bb5da42a6b034,gold_calib
gold_p2_t281,pdf-7c06ef3753cd612ef8d0,gold_calib
gold_p2_t2813,pdf-335396dc03685a0399d1,gold_calib
gold_p2_t2815,pdf-b0e2f450b8acbe8eb7eb,gold_calib
gold_p2_t2819,pdf-81826fb0fe5bd5683911,gold_calib
gold_p2_t2823,pdf-70055931a42127180fa2,gold_calib
gold_p2_t2825,pdf-a4d535f162cf81759d43,gold_calib
gold_p2_t2827,pdf-e673019858ee2c765d4b,gold_calib
gold_p2_t2829,pdf-de9b07b5fc122b0875a3,gold_calib
gold_p2_t2830,pdf-442142e0fe3edd9781b5,gold_calib
gold_p2_t2832,pdf-3ebc50f130e166586390,gold_calib
gold_p2_t2835,pdf-aae9b300616aa9f2eab4,gold_calib
gold_p2_t2843,pdf-11d3b3ebfb9c7abe6d17,gold_calib
gold_p2_t2848,pdf-8ac9b004b2e0ef4d406e,gold_calib
gold_p2_t285,pdf-78e9d95b462f2b0a7d91,gold_calib
gold_p2_t2851,pdf-93e9a32422e27dfca60a,gold_calib
gold_p2_t2852,pdf-2c31613bb0f9748e9fc0,gold_calib
gold_p2_t2853,pdf-866483fa95eba10b480b,gold_calib
gold_p2_t2854,pdf-16b3bec8850f69c6e6f3,gold_calib
gold_p2_t2855,pdf-f0a89dd1e55929c6d0d6,gold_calib
gold_p2_t2856,pdf-183d95d67fbb012701a8,gold_calib
gold_p2_t2857,pdf-554e446de5af0fb34228,gold_calib
gold_p2_t2858,pdf-18b6efd630d5e85fe46d,gold_calib
gold_p2_t2859,pdf-ac25825e9cc025e32c51,gold_calib
gold_p2_t286,pdf-00d46afb9971e40c33c0,gold_calib
gold_p2_t2863,pdf-e2f58e93599b30fc6ce2,gold_calib
gold_p2_t2864,pdf-1a2875831ef567c090db,gold_calib
gold_p2_t2872,pdf-fbd020a63b2535654d26,gold_calib
gold_p2_t2874,pdf-e000cd5aeced3ca4b2a2,gold_calib
gold_p2_t2875,pdf-231a91693b3d9dc8c52b,gold_calib
gold_p2_t2878,pdf-2218d7e21b83d47c017c,gold_calib
gold_p2_t2879,pdf-3ebc50f130e166586390,gold_calib
gold_p2_t2880,pdf-9ffc4973943f1a45b900,gold_calib
gold_p2_t2881,pdf-68bebbab1f7ed17b64e7,gold_calib
gold_p2_t2884,pdf-0757cb9c60dd889c6ab5,gold_calib
gold_p2_t2885,pdf-f814f05bc47004f7a409,gold_calib
gold_p2_t2886,pdf-abcc24fb7148aef29619,gold_calib
gold_p2_t2887,pdf-0c65c8a9846b24661365,gold_calib
gold_p2_t2889,pdf-9799b7cc68767b2fff0a,gold_calib
gold_p2_t2891,pdf-6e0f3f260ed375434286,gold_calib
gold_p2_t2893,pdf-e2f58e93599b30fc6ce2,gold_calib
gold_p2_t2899,pdf-36b6b938ebe5ab6d3b63,gold_calib
gold_p2_t2901,pdf-396025c650bad523a83e,gold_calib
gold_p2_t2902,pdf-a866e457dd841c9d508f,gold_calib
gold_p2_t2904,pdf-aa81fcac9e443e9aa02f,gold_calib
gold_p2_t2909,pdf-67be9c2f1a4faa32c51c,gold_calib
gold_p2_t2913,pdf-2218d7e21b83d47c017c,gold_calib
gold_p2_t2917,pdf-6ccad864271b5f0d51d7,gold_calib
gold_p2_t2920,pdf-f1b584e514595493cf60,gold_calib
gold_p2_t2921,pdf-5590caabb81a3864cad8,gold_calib
gold_p2_t2925,pdf-1a029f46847e59a984ab,gold_calib
gold_p2_t2927,pdf-d0c6f398e60a94ee76e9,gold_calib
gold_p2_t2928,pdf-a420cb282b45e1248aa9,gold_calib
gold_p2_t293,pdf-7b0fcde836a909322654,gold_calib
gold_p2_t2930,pdf-d5c48b182bb3bedec18a,gold_calib
gold_p2_t2931,pdf-35f285b92d3c72327ea3,gold_calib
gold_p2_t2932,pdf-fcc1f7eb8e0299b8a6f7,gold_calib
gold_p2_t2933,pdf-c262eaa8939e81176082,gold_calib
gold_p2_t2935,pdf-515ecf52dea7acc73713,gold_calib
gold_p2_t2936,pdf-cde39172715f31ebd749,gold_calib
gold_p2_t2937,pdf-35fb5e62220a692c1a32,gold_calib
gold_p2_t2941,pdf-fe2ebc2f248ee9299b4d,gold_calib
gold_p2_t2942,pdf-da83e2b111e0db1bba99,gold_calib
gold_p2_t2943,pdf-98d2f7ff7535344ba565,gold_calib
gold_p2_t2951,pdf-56635e746489b02fd97c,gold_calib
gold_p2_t2955,pdf-1719e3d142999d98677f,gold_calib
gold_p2_t2956,pdf-67bd929937a4857bf052,gold_calib
gold_p2_t2957,pdf-28d7d8f5704b812f681f,gold_calib
gold_p2_t296,pdf-52619896c8e5a7701555,gold_calib
gold_p2_t2961,pdf-81826fb0fe5bd5683911,gold_calib
gold_p2_t2962,pdf-6566f36f910d73145fd8,gold_calib
gold_p2_t2964,pdf-bbad0cecd59ef27acdfd,gold_calib
gold_p2_t2965,pdf-79a44a3729d11e89c854,gold_calib
gold_p2_t2968,pdf-c14f47ef4770fa35097c,gold_calib
gold_p2_t2971,pdf-bbc1d752cad66bf21512,gold_calib
gold_p2_t2973,pdf-d18ec56c70e923260262,gold_calib
gold_p2_t2975,pdf-0aadee6e64d54b976b9b,gold_calib
gold_p2_t2978,pdf-6d3403197a176e21145a,gold_calib
gold_p2_t2979,pdf-7f25e9385fdc37e2536b,gold_calib
gold_p2_t298,pdf-3ed33056964fad4ead6a,gold_calib
gold_p2_t2981,pdf-fab2ca0e74a1531ecf70,gold_calib
gold_p2_t2982,pdf-effba7677a14a099963f,gold_calib
gold_p2_t2984,pdf-15062d8bf1cbfc84ae24,gold_calib
gold_p2_t299,pdf-dbc411dd491657388ab0,gold_calib
gold_p2_t2991,pdf-9ffc4973943f1a45b900,gold_calib
gold_p2_t2992,pdf-4456e4009e0ce915e269,gold_calib
gold_p2_t2993,pdf-11412224320897854790,gold_calib
gold_p2_t3000,pdf-e000cd5aeced3ca4b2a2,gold_calib
gold_p2_t306,pdf-a51e5d9dc3d8d52dc589,gold_calib
gold_p2_t307,pdf-62080876328ef7b039bd,gold_calib
gold_p2_t309,pdf-be7fd47007e7a6ee0aee,gold_calib
gold_p2_t31,pdf-e47e806197cdd9e15d05,gold_calib
gold_p2_t315,pdf-56964856f5e22a25f364,gold_calib
gold_p2_t316,pdf-ec97e04b72a3ef40026c,gold_calib
gold_p2_t318,pdf-d0c6f398e60a94ee76e9,gold_calib
gold_p2_t319,pdf-e88dd87f52a4a5db87ec,gold_calib
gold_p2_t320,pdf-d824d307dbc77dc170ce,gold_calib
gold_p2_t322,pdf-c13e39bca8f314cf9e68,gold_calib
gold_p2_t326,pdf-093732f2a2d92921786c,gold_calib
gold_p2_t328,pdf-e70ab43d1a7778ae56b1,gold_calib
gold_p2_t329,pdf-d824d307dbc77dc170ce,gold_calib
gold_p2_t33,pdf-820403b991b1e308d5fe,gold_calib
gold_p2_t331,pdf-69817ae03a1288dc265e,gold_calib
gold_p2_t335,pdf-d42d255cd00c460149e5,gold_calib
gold_p2_t34,pdf-41083269cbf36c54f887,gold_calib
gold_p2_t340,pdf-04ad93e5424f4ca2fc0f,gold_calib
gold_p2_t342,pdf-40be8cc5634ad373c29c,gold_calib
gold_p2_t346,pdf-e70ab43d1a7778ae56b1,gold_calib
gold_p2_t347,pdf-152edfa76010ff041dff,gold_calib
gold_p2_t348,pdf-9579ee81399c59fdf7a2,gold_calib
gold_p2_t350,pdf-0c65c8a9846b24661365,gold_calib
gold_p2_t353,pdf-ad65f348a7f4abc7bb90,gold_calib
gold_p2_t358,pdf-c2f43c55b5071aec1293,gold_calib
gold_p2_t369,pdf-d42d255cd00c460149e5,gold_calib
gold_p2_t371,pdf-ad3a204d8989cc81a84c,gold_calib
gold_p2_t372,pdf-cbd686e034a500320cb8,gold_calib
gold_p2_t375,pdf-136999195b782b65a600,gold_calib
gold_p2_t376,pdf-8f41878a0c550d77c8f9,gold_calib
gold_p2_t38,pdf-d81c9ee0bf34185d4b83,gold_calib
gold_p2_t380,pdf-7b337db3ceac17d4cd9d,gold_calib
gold_p2_t384,pdf-4671dc3ecd377975d35e,gold_calib
gold_p2_t385,pdf-ae5475424cad1cda81b1,gold_calib
gold_p2_t387,pdf-65c2a4e343f4e8adaf40,gold_calib
gold_p2_t388,pdf-11daa9c6877f9b2d14c2,gold_calib
gold_p2_t389,pdf-d4a92294a1261f19925b,gold_calib
gold_p2_t39,pdf-b69eb4cd3fde08ec1513,gold_calib
gold_p2_t390,pdf-820403b991b1e308d5fe,gold_calib
gold_p2_t393,pdf-4671dc3ecd377975d35e,gold_calib
gold_p2_t394,pdf-b58f1b666a5c1d4bfa90,gold_calib
gold_p2_t4,pdf-bd05a55b6703488fd12d,gold_calib
gold_p2_t402,pdf-f7b45c101abfa1ff598a,gold_calib
gold_p2_t407,pdf-41274fc858efea541bb0,gold_calib
gold_p2_t408,pdf-b3e022568ebcdf7a9a60,gold_calib
gold_p2_t410,pdf-91d1a515da097398f7c1,gold_calib
gold_p2_t411,pdf-2ff391e26f07924f1c1a,gold_calib
gold_p2_t412,pdf-86c56cf79fc6a887cbc9,gold_calib
gold_p2_t417,pdf-6a29af8c348923f4aba6,gold_calib
gold_p2_t419,pdf-0c75da6d1cbc54363cc6,gold_calib
gold_p2_t421,pdf-8b40b36e078e79c54e6d,gold_calib
gold_p2_t423,pdf-0c8cf4cd0e5889b3fbe0,gold_calib
gold_p2_t428,pdf-b6aa9f2bb11d46b69c74,gold_calib
gold_p2_t431,pdf-c4cad57c2fc80d5883d9,gold_calib
gold_p2_t434,pdf-a0a3fd549ef16173a833,gold_calib
gold_p2_t436,pdf-88b736d9149595a5f9e4,gold_calib
gold_p2_t438,pdf-725c7e89c02330da0949,gold_calib
gold_p2_t440,pdf-515ecf52dea7acc73713,gold_calib
gold_p2_t444,pdf-59f6af88e8df4d7388ac,gold_calib
gold_p2_t445,pdf-6d3403197a176e21145a,gold_calib
gold_p2_t447,pdf-506c2e853db02ea67383,gold_calib
gold_p2_t448,pdf-449a9765ec89ecf26bc9,gold_calib
gold_p2_t45,pdf-ee415f3a252d2009f82c,gold_calib
gold_p2_t452,pdf-ad3a204d8989cc81a84c,gold_calib
gold_p2_t456,pdf-16b3bec8850f69c6e6f3,gold_calib
gold_p2_t459,pdf-39be913fba715aefaf5d,gold_calib
gold_p2_t460,pdf-86697d02c01a2141543d,gold_calib
gold_p2_t461,pdf-f5da4af662905022d00c,gold_calib
gold_p2_t465,pdf-3ed33056964fad4ead6a,gold_calib
gold_p2_t468,pdf-5587b38429a4e943dcad,gold_calib
gold_p2_t469,pdf-24685443c67034f8b1dd,gold_calib
gold_p2_t475,pdf-9aa478c2af35722c359a,gold_calib
gold_p2_t477,pdf-36c428cccaef46d16e67,gold_calib
gold_p2_t478,pdf-5b85cba901ba452164ab,gold_calib
gold_p2_t48,pdf-00d46afb9971e40c33c0,gold_calib
gold_p2_t480,pdf-6dabe481d94feb2e1005,gold_calib
gold_p2_t482,pdf-58957fe25ce3a7aa6d83,gold_calib
gold_p2_t489,pdf-2fb15e93d7a9492d31a4,gold_calib
gold_p2_t49,pdf-459523bf0e7bb6da7cb7,gold_calib
gold_p2_t490,pdf-a356245aaf1beb4afb1b,gold_calib
gold_p2_t491,pdf-35f285b92d3c72327ea3,gold_calib
gold_p2_t497,pdf-e49cfd0b36b447984f4a,gold_calib
gold_p2_t498,pdf-24685443c67034f8b1dd,gold_calib
gold_p2_t499,pdf-a7f42346912aca422b6b,gold_calib
gold_p2_t50,pdf-e63392e631817f011532,gold_calib
gold_p2_t501,pdf-380b7c04a8ca87b3d6ca,gold_calib
gold_p2_t503,pdf-5628deee12055e5380d1,gold_calib
gold_p2_t506,pdf-e5e872d06aa51ea6ad0b,gold_calib
gold_p2_t510,pdf-1f68e3cbfdd9f1800e2a,gold_calib
gold_p2_t511,pdf-28d7d8f5704b812f681f,gold_calib
gold_p2_t514,pdf-d0b47151f7832bcf29da,gold_calib
gold_p2_t516,pdf-89a876df23514f5b60ea,gold_calib
gold_p2_t517,pdf-9e14293422050af3b07c,gold_calib
gold_p2_t518,pdf-8a92413998bc6d056064,gold_calib
gold_p2_t519,pdf-186913f1ed453b6729ce,gold_calib
gold_p2_t520,pdf-f541eda9db716f16fabf,gold_calib
gold_p2_t521,pdf-06057df6ce2107b0b095,gold_calib
gold_p2_t524,pdf-b4b50e13b7f198f30d0e,gold_calib
gold_p2_t526,pdf-7c06ef3753cd612ef8d0,gold_calib
gold_p2_t528,pdf-df0c5d028f61df37e78d,gold_calib
gold_p2_t531,pdf-cb311738bf753c39d8c0,gold_calib
gold_p2_t532,pdf-61079987ba12d46de444,gold_calib
gold_p2_t533,pdf-cb2f1a4886785b45d87f,gold_calib
gold_p2_t536,pdf-165a311d0c1893467d78,gold_calib
gold_p2_t538,pdf-38f95aafc6d46e5a6656,gold_calib
gold_p2_t539,pdf-a7e4877df14537c3f486,gold_calib
gold_p2_t541,pdf-af0f45cda5e4487c22a1,gold_calib
gold_p2_t545,pdf-07a3381c1d2db87eb871,gold_calib
gold_p2_t547,pdf-01d4b0ea96a2ab702fa8,gold_calib
gold_p2_t548,pdf-606f115387a5d400d5b5,gold_calib
gold_p2_t55,pdf-d03f11c2f563af161c62,gold_calib
gold_p2_t553,pdf-ae040fecfc4a0911a7a6,gold_calib
gold_p2_t554,pdf-ee5fafaa1a4a8bb006dc,gold_calib
gold_p2_t555,pdf-7efb1aff6754fa072f85,gold_calib
gold_p2_t559,pdf-716ebf452b1e1ec0b23b,gold_calib
gold_p2_t56,pdf-b23faf3da35e306be337,gold_calib
gold_p2_t562,pdf-20231749328fe8c4923c,gold_calib
gold_p2_t564,pdf-e026b8d9be1e69a4b7ad,gold_calib
gold_p2_t568,pdf-7b8fdd29f0578e2e9c93,gold_calib
gold_p2_t571,pdf-33156e971381bd9162d6,gold_calib
gold_p2_t572,pdf-af3c11f9b25f4dd14230,gold_calib
gold_p2_t573,pdf-4cffff8ec7d936d55003,gold_calib
gold_p2_t578,pdf-a004502b1d06ff56b892,gold_calib
gold_p2_t580,pdf-c9cfd4980e672c6f68df,gold_calib
gold_p2_t581,pdf-9e14293422050af3b07c,gold_calib
gold_p2_t582,pdf-c574d8ff5e8b94bd2889,gold_calib
gold_p2_t586,pdf-517012da480652718247,gold_calib
gold_p2_t588,pdf-fbd020a63b2535654d26,gold_calib
gold_p2_t589,pdf-ba761490dde3bc21db33,gold_calib
gold_p2_t59,pdf-ab2f115a2235ee94b96c,gold_calib
gold_p2_t593,pdf-ee8829a8db14e73edee4,gold_calib
gold_p2_t594,pdf-1ce88eb77620532d09ef,gold_calib
gold_p2_t595,pdf-37900aebd62d3add9b40,gold_calib
gold_p2_t599,pdf-14817f5d4ab3c68a1a67,gold_calib
gold_p2_t60,pdf-87adf966d7ecfa7e6b1d,gold_calib
gold_p2_t601,pdf-78f234a8cdbf43f9aab0,gold_calib
gold_p2_t605,pdf-41d2d4493cd04dc160b6,gold_calib
gold_p2_t606,pdf-2366079be53abd9460be,gold_calib
gold_p2_t607,pdf-9799b7cc68767b2fff0a,gold_calib
gold_p2_t608,pdf-4cffff8ec7d936d55003,gold_calib
gold_p2_t609,pdf-d9b787e04fed6588c3ea,gold_calib
gold_p2_t610,pdf-6e516c61973a961c590a,gold_calib
gold_p2_t613,pdf-1fd31c7572c490abaf2a,gold_calib
gold_p2_t614,pdf-aae9b300616aa9f2eab4,gold_calib
gold_p2_t619,pdf-1389c4b0c392543d12b7,gold_calib
gold_p2_t621,pdf-478ecdf135ac798c485c,gold_calib
gold_p2_t622,pdf-416a66ce7ce1076519b8,gold_calib
gold_p2_t623,pdf-759fcb057ec4de4d2175,gold_calib
gold_p2_t626,pdf-2c31613bb0f9748e9fc0,gold_calib
gold_p2_t628,pdf-e469356088e1f490295e,gold_calib
gold_p2_t630,pdf-380b7c04a8ca87b3d6ca,gold_calib
gold_p2_t635,pdf-ae1aac5fa457e84f5b99,gold_calib
gold_p2_t640,pdf-f2ce3f5a9341cbbfbe21,gold_calib
gold_p2_t641,pdf-b7e290d131b18119dcef,gold_calib
gold_p2_t642,pdf-bb9959e0a3fa281c8af3,gold_calib
gold_p2_t645,pdf-af87b3c98a3309cfe774,gold_calib
gold_p2_t647,pdf-515ecf52dea7acc73713,gold_calib
gold_p2_t648,pdf-22901d9e6cec541faf8e,gold_calib
gold_p2_t65,pdf-ddfc5959c5e2ea2eed05,gold_calib
gold_p2_t653,pdf-7f7a345c6173aac2c6b3,gold_calib
gold_p2_t657,pdf-ef196ffd0c1bfde10af4,gold_calib
gold_p2_t661,pdf-b021606e3c45d911a7b5,gold_calib
gold_p2_t664,pdf-80c93d9743afd3275ff8,gold_calib
gold_p2_t667,pdf-23a38022c92b787ea0c6,gold_calib
gold_p2_t669,pdf-b361d84eb84fe72b424e,gold_calib
gold_p2_t67,pdf-0aadee6e64d54b976b9b,gold_calib
gold_p2_t674,pdf-ae040fecfc4a0911a7a6,gold_calib
gold_p2_t676,pdf-aa81fcac9e443e9aa02f,gold_calib
gold_p2_t678,pdf-479562a4b84d48566a1b,gold_calib
gold_p2_t679,pdf-d4b519ff1f2e3ef8760e,gold_calib
gold_p2_t682,pdf-5a23ba1e866dd988cb2a,gold_calib
gold_p2_t683,pdf-83ca5eb3eb1236dcc189,gold_calib
gold_p2_t688,pdf-9f3631ee320a2d139310,gold_calib
gold_p2_t689,pdf-62080876328ef7b039bd,gold_calib
gold_p2_t691,pdf-812f2211bff947301dba,gold_calib
gold_p2_t694,pdf-af3c11f9b25f4dd14230,gold_calib
gold_p2_t696,pdf-4a6232b1120a6f6a8f83,gold_calib
gold_p2_t697,pdf-2fb15e93d7a9492d31a4,gold_calib
gold_p2_t702,pdf-028322b229cae921e3f5,gold_calib
gold_p2_t706,pdf-5687e21f35ab7315de49,gold_calib
gold_p2_t707,pdf-ca65c9c93e93ff9d9c46,gold_calib
gold_p2_t708,pdf-a262b1c84c154081dcc5,gold_calib
gold_p2_t71,pdf-6ccad864271b5f0d51d7,gold_calib
gold_p2_t714,pdf-e47e806197cdd9e15d05,gold_calib
gold_p2_t716,pdf-e92b5ab073e62b44f84a,gold_calib
gold_p2_t717,pdf-91d1a515da097398f7c1,gold_calib
gold_p2_t720,pdf-16910eff4438485286c7,gold_calib
gold_p2_t722,pdf-a767e00acab2d83f0a09,gold_calib
gold_p2_t723,pdf-68bebbab1f7ed17b64e7,gold_calib
gold_p2_t725,pdf-bc8cbe03213d42a308a1,gold_calib
gold_p2_t726,pdf-aa66b04b95f3532198e8,gold_calib
gold_p2_t731,pdf-f290b442af6ebf5af4f3,gold_calib
gold_p2_t734,pdf-2bfa1a1dfc33eefa9d70,gold_calib
gold_p2_t735,pdf-c03c2a997a1a265c85ce,gold_calib
gold_p2_t737,pdf-a03ffef03dc43ad8de6e,gold_calib
gold_p2_t739,pdf-29d675382e48e808b119,gold_calib
gold_p2_t742,pdf-2e490d5e13bcf57fd388,gold_calib
gold_p2_t743,pdf-82667fa4fd9861f3cbdb,gold_calib
gold_p2_t748,pdf-ddfc5959c5e2ea2eed05,gold_calib
gold_p2_t749,pdf-2dd23bc6272fba15de64,gold_calib
gold_p2_t751,pdf-a5b88f01bb10a0517f3c,gold_calib
gold_p2_t755,pdf-75d9f9d6e91b5d77b25f,gold_calib
gold_p2_t756,pdf-606f115387a5d400d5b5,gold_calib
gold_p2_t764,pdf-5587b38429a4e943dcad,gold_calib
gold_p2_t768,pdf-2dd23bc6272fba15de64,gold_calib
gold_p2_t77,pdf-9f294ad6dd6b3b75a616,gold_calib
gold_p2_t773,pdf-d70a13a5040436788d44,gold_calib
gold_p2_t774,pdf-ee84e23d239aaf7a8b00,gold_calib
gold_p2_t776,pdf-7a485799b1381bd327b8,gold_calib
gold_p2_t779,pdf-e02d4aff9c56e88d48c8,gold_calib
gold_p2_t780,pdf-21bf1efcee39b23e796d,gold_calib
gold_p2_t786,pdf-ee415f3a252d2009f82c,gold_calib
gold_p2_t788,pdf-f541eda9db716f16fabf,gold_calib
gold_p2_t789,pdf-76a43c8b16f7d28f62cb,gold_calib
gold_p2_t790,pdf-a2031cea86becc8572e0,gold_calib
gold_p2_t792,pdf-483dbd7c4025ace71db7,gold_calib
gold_p2_t796,pdf-b3e022568ebcdf7a9a60,gold_calib
gold_p2_t797,pdf-759fcb057ec4de4d2175,gold_calib
gold_p2_t798,pdf-c6f696b8a9c1645e1045,gold_calib
gold_p2_t803,pdf-27f4697e30cf16249d5f,gold_calib
gold_p2_t804,pdf-96760f056a48e7e335fe,gold_calib
gold_p2_t805,pdf-135a2091ecdcd6e6eca4,gold_calib
gold_p2_t808,pdf-97c9453c399d4b95d3fb,gold_calib
gold_p2_t810,pdf-48656f4ce2a8d96339eb,gold_calib
gold_p2_t811,pdf-b58f1b666a5c1d4bfa90,gold_calib
gold_p2_t815,pdf-97ae2d406a679c0d8977,gold_calib
gold_p2_t817,pdf-7e1daa537e2aa9e5f3d4,gold_calib
gold_p2_t82,pdf-077c0d6daf9b560f90ac,gold_calib
gold_p2_t820,pdf-5687e21f35ab7315de49,gold_calib
gold_p2_t822,pdf-6866dfc4d79151f4ac57,gold_calib
gold_p2_t827,pdf-e92b5ab073e62b44f84a,gold_calib
gold_p2_t836,pdf-d987ae7a5fb45725474f,gold_calib
gold_p2_t837,pdf-8a8940f7a62a95dd58f3,gold_calib
gold_p2_t838,pdf-d53e9e6cec80af63b8ce,gold_calib
gold_p2_t840,pdf-459feffcc35c8819ee79,gold_calib
gold_p2_t841,pdf-554e446de5af0fb34228,gold_calib
gold_p2_t843,pdf-69c8f2cd05495d9fa73f,gold_calib
gold_p2_t849,pdf-07e0b5dd4a5f812d6bee,gold_calib
gold_p2_t851,pdf-716ebf452b1e1ec0b23b,gold_calib
gold_p2_t855,pdf-d987ae7a5fb45725474f,gold_calib
gold_p2_t856,pdf-716ebf452b1e1ec0b23b,gold_calib
gold_p2_t858,pdf-d59b1c1ef36c7bdbd3a4,gold_calib
gold_p2_t859,pdf-d0bacb21abb578d5fe7e,gold_calib
gold_p2_t861,pdf-894d17b3d221072310df,gold_calib
gold_p2_t862,pdf-ab164aed658224b56b7e,gold_calib
gold_p2_t867,pdf-4463ac2d6134bb8ba416,gold_calib
gold_p2_t868,pdf-1f68e3cbfdd9f1800e2a,gold_calib
gold_p2_t869,pdf-5739272f67c0fa244a52,gold_calib
gold_p2_t871,pdf-67547a9d05076fe88a40,gold_calib
gold_p2_t874,pdf-b575fe0e94d214cf1db7,gold_calib
gold_p2_t875,pdf-e63392e631817f011532,gold_calib
gold_p2_t878,pdf-6c35bd1929135d04f419,gold_calib
gold_p2_t879,pdf-2fadfa85cd3927bcab76,gold_calib
gold_p2_t880,pdf-5d672e72ed8aeab9a91d,gold_calib
gold_p2_t881,pdf-6566f36f910d73145fd8,gold_calib
gold_p2_t883,pdf-83ca5eb3eb1236dcc189,gold_calib
gold_p2_t885,pdf-cec1f0c405b26f693cbf,gold_calib
gold_p2_t887,pdf-cab0991e1ab370781bfb,gold_calib
gold_p2_t89,pdf-52bcdb80359e5fa99bc4,gold_calib
gold_p2_t890,pdf-5a23ba1e866dd988cb2a,gold_calib
gold_p2_t891,pdf-6acda6b93beaceaf43ab,gold_calib
gold_p2_t893,pdf-1719e3d142999d98677f,gold_calib
gold_p2_t895,pdf-e73ae012741b48306a50,gold_calib
gold_p2_t896,pdf-136b1939b9866dc8418a,gold_calib
gold_p2_t90,pdf-af87b3c98a3309cfe774,gold_calib
gold_p2_t900,pdf-0d3db99c58aef4c79402,gold_calib
gold_p2_t901,pdf-80c93d9743afd3275ff8,gold_calib
gold_p2_t902,pdf-9349553eb9777b025cac,gold_calib
gold_p2_t904,pdf-102d676576c9ae7cd45f,gold_calib
gold_p2_t914,pdf-093732f2a2d92921786c,gold_calib
gold_p2_t916,pdf-e3aa9183c022b7d75122,gold_calib
gold_p2_t920,pdf-4ad045f90ee889eb882a,gold_calib
gold_p2_t921,pdf-36c428cccaef46d16e67,gold_calib
gold_p2_t922,pdf-6e5d5d5c80db14181a2a,gold_calib
gold_p2_t926,pdf-420c1c4ddf0e83869554,gold_calib
gold_p2_t93,pdf-2ff391e26f07924f1c1a,gold_calib
gold_p2_t931,pdf-f814f05bc47004f7a409,gold_calib
gold_p2_t934,pdf-449a9765ec89ecf26bc9,gold_calib
gold_p2_t940,pdf-fbd020a63b2535654d26,gold_calib
gold_p2_t942,pdf-449a9765ec89ecf26bc9,gold_calib
gold_p2_t947,pdf-037ac09a8587c40ea568,gold_calib
gold_p2_t950,pdf-f67a9ba5daddc9ce6730,gold_calib
gold_p2_t952,pdf-538cd238bba4ca22f0b0,gold_calib
gold_p2_t953,pdf-f209624ef3f99ac8518c,gold_calib
gold_p2_t955,pdf-5838fdf52d84f8b82c55,gold_calib
gold_p2_t957,pdf-65c2a4e343f4e8adaf40,gold_calib
gold_p2_t958,pdf-adc075502a899531e45c,gold_calib
gold_p2_t959,pdf-f2ce3f5a9341cbbfbe21,gold_calib
gold_p2_t96,pdf-4c082c03ba9b8ea9c425,gold_calib
gold_p2_t964,pdf-e49cfd0b36b447984f4a,gold_calib
gold_p2_t969,pdf-136b1939b9866dc8418a,gold_calib
gold_p2_t972,pdf-60fe88ba04348fb0a284,gold_calib
gold_p2_t976,pdf-59f6af88e8df4d7388ac,gold_calib
gold_p2_t979,pdf-d5869a0752cd7d808f50,gold_calib
gold_p2_t980,pdf-0b31b4158d8c749fd96c,gold_calib
gold_p2_t987,pdf-7f25e9385fdc37e2536b,gold_calib
gold_p2_t989,pdf-02918ba3f1599a245dc0,gold_calib
gold_p2_t99,pdf-c6f696b8a9c1645e1045,gold_calib
gold_p2_t990,pdf-14652f952a13caea20d0,gold_calib
gold_p2_t991,pdf-9799b7cc68767b2fff0a,gold_calib
gold_p2_t993,pdf-c2f43c55b5071aec1293,gold_calib
gold_p2_t994,pdf-ef6197e1b7199e4df935,gold_calib
gold_p2_t995,pdf-4a6232b1120a6f6a8f83,gold_calib
gold_p4_t6003,pdf-2a9e66d4dc235dc90ec7,gold_calib
gold_p4_t6004,pdf-23b7f92fb2fd3ba75385,gold_calib
gold_p4_t6005,pdf-4e3a472e8a1177ec1409,gold_calib
gold_p4_t6006,pdf-65aa8487a03964576657,gold_calib
gold_p4_t6013,pdf-9b54af221c030b050574,gold_calib
gold_p4_t6016,pdf-eab148deda394abd9bcd,gold_calib
gold_p4_t6018,pdf-163c003e2eb7f6a7c141,gold_calib
gold_p4_t6019,pdf-bc016fbc3d6206956a80,gold_calib
gold_p4_t6020,pdf-23b7f92fb2fd3ba75385,gold_calib
gold_p4_t6021,pdf-de531af1f95788352cad,gold_calib
gold_p4_t6026,pdf-6478879e53c1b720bf2e,gold_calib
gold_p4_t6029,pdf-6b08786339c3facc800d,gold_calib
gold_p4_t6030,pdf-de531af1f95788352cad,gold_calib
gold_p4_t6032,pdf-2f83576457f5398a5062,gold_calib
gold_p4_t6034,pdf-8b76af974ade2604b6a4,gold_calib
gold_p4_t6036,pdf-e76874d3edfcf06e2e82,gold_calib
gold_p4_t6039,pdf-16b6f92a17c202f3ed98,gold_calib
gold_p4_t6041,pdf-cdf594a209bfbbf36cf7,gold_calib
gold_p4_t6044,pdf-59b9d6743b2af1ac2eab,gold_calib
gold_p4_t6045,pdf-a42ff20be7e608215bdc,gold_calib
gold_p4_t6053,pdf-edc4065e064d6119ca76,gold_calib
gold_p4_t6059,pdf-23b7f92fb2fd3ba75385,gold_calib
gold_p4_t6060,pdf-26337df505e34a5a7194,gold_calib
gold_p4_t6062,pdf-e76874d3edfcf06e2e82,gold_calib
gold_p4_t6068,pdf-f73c7e3bb1147f3c2896,gold_calib
gold_p4_t6069,pdf-bd80cba660dc6453395a,gold_calib
gold_p4_t6070,pdf-20b65ccdd0f18f404495,gold_calib
gold_p4_t6072,pdf-ff1d38921b198379183b,gold_calib
gold_p4_t6074,pdf-de531af1f95788352cad,gold_calib
gold_p4_t6076,pdf-59b9d6743b2af1ac2eab,gold_calib
gold_p4_t6078,pdf-866e7222f6bff8344672,gold_calib
gold_p4_t6079,pdf-136f9396e24a9e95cbfa,gold_calib
gold_p4_t6081,pdf-18a5780de2df70281a0e,gold_calib
gold_p4_t6082,pdf-59b9d6743b2af1ac2eab,gold_calib
gold_p4_t6086,pdf-419579db48b25ae0d960,gold_calib
gold_p4_t6087,pdf-b7948e60e557b703954a,gold_calib
gold_p4_t6088,pdf-0ad93250cc908980951b,gold_calib
gold_p4_t6090,pdf-28b5e32bf879f033d829,gold_calib
gold_p4_t6091,pdf-6c6b0d920dc0b1a59d02,gold_calib
gold_p4_t6093,pdf-8ffa50aa98ca0ebb15c4,gold_calib
gold_p4_t6094,pdf-7724dfe49fde99210557,gold_calib
gold_p4_t6097,pdf-ee38d697093053d3c8c0,gold_calib
gold_p4_t6098,pdf-007b7fa705049078db7c,gold_calib
gold_p4_t6100,pdf-612146d94339073a10f5,gold_calib
gold_p4_t6102,pdf-665272db0c7a70f9938c,gold_calib
gold_p4_t6105,pdf-c7667a8ed685e4fb045f,gold_calib
gold_p4_t6106,pdf-fd2e820c4955b165dcd0,gold_calib
gold_p4_t6111,pdf-52be7ffaaf2e1f92609c,gold_calib
gold_p4_t6112,pdf-f3986851f82c4026d0b9,gold_calib
gold_p4_t6117,pdf-4323c93309f094fd067f,gold_calib
gold_p4_t6118,pdf-0a7fc8ba43711966c309,gold_calib
gold_p4_t6126,pdf-f80e001b10552c7404de,gold_calib
gold_p4_t6130,pdf-7ee3e763788a6d9588cb,gold_calib
gold_p4_t6131,pdf-cbe7cd887ac485a92cc6,gold_calib
gold_p4_t6133,pdf-b2d9f28929c442096e21,gold_calib
gold_p4_t6136,pdf-58c59db4b091c02b40ba,gold_calib
gold_p4_t6139,pdf-b779e4cc30ed1ecf21cf,gold_calib
gold_p4_t6141,pdf-0cd3ab1f94467416a6f3,gold_calib
gold_p4_t6144,pdf-ac3591361c8851852f99,gold_calib
gold_p4_t6145,pdf-4ecd31669cd8416f8fab,gold_calib
gold_p4_t6150,pdf-b22fb23e661753803a97,gold_calib
gold_p4_t6151,pdf-06d784b5adc1dc805af9,gold_calib
gold_p4_t6152,pdf-41d041b79dfd51874279,gold_calib
gold_p4_t6155,pdf-c39b87227477b40d4660,gold_calib
gold_p4_t6156,pdf-82953e06989a8ac52bd5,gold_calib
gold_p4_t6157,pdf-f7fadedf313b55ba44ca,gold_calib
gold_p4_t6158,pdf-e39688e9d92787db1ed9,gold_calib
gold_p4_t6160,pdf-932e9bdf8d8c9f76978a,gold_calib
gold_p4_t6165,pdf-96e4b862bf0fbd180d59,gold_calib
gold_p4_t6167,pdf-e5c896bbc2474cd1aad8,gold_calib
gold_p4_t6169,pdf-4df30c6d3cff82fb7861,gold_calib
gold_p4_t6170,pdf-a38b2ff6573c25ac8569,gold_calib
gold_p4_t6173,pdf-fb53f05163b87bbab0c1,gold_calib
gold_p4_t6176,pdf-18e5463bb65081643237,gold_calib
gold_p4_t6181,pdf-ee38d697093053d3c8c0,gold_calib
gold_p4_t6186,pdf-3e2c1501acb0c5e34f3b,gold_calib
gold_p4_t6190,pdf-5d2c9dac622530bb04e2,gold_calib
gold_p4_t6195,pdf-20f070c6a59a264b093b,gold_calib
gold_p4_t6196,pdf-2707688723301854b969,gold_calib
gold_p4_t6197,pdf-3641d988c49c4f6e91d9,gold_calib
gold_p4_t6198,pdf-6cb24dc7d840fbb02172,gold_calib
gold_p4_t6200,pdf-ff9cfe498c40550da0d0,gold_calib
gold_p4_t6201,pdf-62b7dbf1b5f1e78be8f1,gold_calib
gold_p4_t6202,pdf-8b9f279a1e2a06d65893,gold_calib
gold_p4_t6203,pdf-c7667a8ed685e4fb045f,gold_calib
gold_p4_t6204,pdf-89ce17c5e4f8d6c31463,gold_calib
gold_p4_t6205,pdf-5d2c9dac622530bb04e2,gold_calib
gold_p4_t6212,pdf-cfe3cfb2cf112f5f3721,gold_calib
gold_p4_t6213,pdf-fa056f764b46510d33cd,gold_calib
gold_p4_t6216,pdf-908d5dea3c6a3c10e98a,gold_calib
gold_p4_t6218,pdf-7d6c6f88d9d9103ee9e6,gold_calib
gold_p4_t6223,pdf-2d2994f90db1c0b6bab6,gold_calib
gold_p4_t6224,pdf-97c029373787aae1e77d,gold_calib
gold_p4_t6227,pdf-201792ae41fc4856b7db,gold_calib
gold_p4_t6230,pdf-701a5ba244af1127ca14,gold_calib
gold_p4_t6231,pdf-ecc3e7a3d593d887081d,gold_calib
gold_p4_t6235,pdf-a667b294d55d90a7907d,gold_calib
gold_p4_t6237,pdf-ee8c0804cb4228844ddd,gold_calib
gold_p4_t6240,pdf-e761c8d2d7e9df48fce2,gold_calib
gold_p4_t6242,pdf-42df42d34da3518ebeb7,gold_calib
gold_p4_t6245,pdf-0649caad182100b62c01,gold_calib
gold_p4_t6248,pdf-70b094e22dc76838ce18,gold_calib
gold_p4_t6249,pdf-f8352f53c7eec7b816a1,gold_calib
gold_p4_t6253,pdf-b43e141c0a3e8ee4a6d9,gold_calib
gold_p4_t6255,pdf-0649caad182100b62c01,gold_calib
gold_p4_t6256,pdf-16231ce78de90de2d7f9,gold_calib
gold_p4_t6257,pdf-0649caad182100b62c01,gold_calib
gold_p4_t6258,pdf-0811a43a51d13fc41262,gold_calib
gold_p4_t6262,pdf-dcd2cabb9ede14a2e089,gold_calib
gold_p4_t6265,pdf-adb0e2ec8250d2e50526,gold_calib
gold_p4_t6267,pdf-569f0f9ac3a80767b21d,gold_calib
gold_p4_t6268,pdf-fb59cabc8b5451475bd4,gold_calib
gold_p4_t6269,pdf-127caeac5ba2e1e54de5,gold_calib
gold_p4_t6273,pdf-1dc99bcdd7be663e7c75,gold_calib
gold_p4_t6275,pdf-e395ad021b5abce987bb,gold_calib
gold_p4_t6278,pdf-8deaf0a10e18d90490bb,gold_calib
gold_p4_t6280,pdf-8deaf0a10e18d90490bb,gold_calib
gold_p4_t6281,pdf-75119c563b2098264480,gold_calib
gold_p4_t6282,pdf-b9609dc9070a2b5423be,gold_calib
gold_p4_t6283,pdf-83f275d04c839ead8abd,gold_calib
gold_p4_t6287,pdf-1d8ee5a290b2eac7de74,gold_calib
gold_p4_t6297,pdf-d2a93323e548daf21bfd,gold_calib
gold_p4_t6303,pdf-165b46bf0db9fbae6579,gold_calib
gold_p4_t6308,pdf-59396af4ceb14a9680f2,gold_calib
gold_p4_t6309,pdf-3ccea67e6bb7e66fa2d6,gold_calib
gold_p4_t6311,pdf-fc09f0f17bc323cae904,gold_calib
gold_p4_t6314,pdf-9237997913174dca4b2c,gold_calib
gold_p4_t6315,pdf-e6b816147c78725fcb1f,gold_calib
gold_p4_t6316,pdf-0d8e445f0c556919b480,gold_calib
gold_p4_t6317,pdf-090c8cb40a27033c3cd4,gold_calib
gold_p4_t6318,pdf-9645d5406a6fd14801b0,gold_calib
gold_p4_t6319,pdf-dcf26400f6db4fabd0b6,gold_calib
gold_p4_t6321,pdf-90860102048e98c21e10,gold_calib
gold_p4_t6324,pdf-1fc8b51df98c5714f01d,gold_calib
gold_p4_t6325,pdf-02a00a9973c1618755a4,gold_calib
gold_p4_t6326,pdf-36cb6c97e0f69a0f1a43,gold_calib
gold_p4_t6328,pdf-2742f1192bc210e6246a,gold_calib
gold_p4_t6330,pdf-db5ee6ad8d12d10d7eae,gold_calib
gold_p4_t6331,pdf-2d70e2a4067217b50b65,gold_calib
gold_p4_t6333,pdf-e55a4c76dda8b44180b1,gold_calib
gold_p4_t6338,pdf-438a9337107cdbde0389,gold_calib
gold_p4_t6340,pdf-9349553eb9777b025cac,gold_calib
gold_p4_t6342,pdf-3f4a2ef46d05ba997f0f,gold_calib
gold_p4_t6349,pdf-1dc99bcdd7be663e7c75,gold_calib
gold_p4_t6351,pdf-33aff3346c70c68ca9d6,gold_calib
gold_p4_t6355,pdf-f87e723d0577e8d566d5,gold_calib
gold_p4_t6358,pdf-c05e604c7889efb57493,gold_calib
gold_p4_t6360,pdf-d2a93323e548daf21bfd,gold_calib
gold_p4_t6369,pdf-7d985b4d2bdc73fdd666,gold_calib
gold_p4_t6370,pdf-438a9337107cdbde0389,gold_calib
gold_p4_t6371,pdf-2f83576457f5398a5062,gold_calib
gold_p4_t6380,pdf-2f2d2e68b9d74bb5db48,gold_calib
gold_p4_t6385,pdf-3bdb56b79d322d62c4ec,gold_calib
gold_p4_t6386,pdf-e3898d93e4df6e110519,gold_calib
gold_p4_t6390,pdf-201792ae41fc4856b7db,gold_calib
gold_p4_t6391,pdf-eb72630837e80d8c2e38,gold_calib
gold_p4_t6393,pdf-6c046cfbc320fb6331b5,gold_calib
gold_p4_t6395,pdf-83f275d04c839ead8abd,gold_calib
gold_p4_t6399,pdf-6d648641d89bdb0f54c1,gold_calib
gold_p4_t6407,x8lg9aihwl,gold_calib
gold_p4_t6414,pdf-97c029373787aae1e77d,gold_calib
gold_p4_t6415,pdf-ad4a63e668d45b5dad98,gold_calib
gold_p4_t6416,pdf-e24ff21e63c777871a81,gold_calib
gold_p4_t6417,pdf-ba6117feabc835555aa2,gold_calib
gold_p4_t6424,pdf-fc09f0f17bc323cae904,gold_calib
gold_p4_t6425,pdf-0811a43a51d13fc41262,gold_calib
gold_p4_t6429,pdf-39209d6a77f800246313,gold_calib
gold_p4_t6431,pdf-3ccea67e6bb7e66fa2d6,gold_calib
gold_p4_t6432,pdf-2d70e2a4067217b50b65,gold_calib
gold_p4_t6441,pdf-f95580930b70da1f7587,gold_calib
gold_p4_t6442,pdf-75c158b072bfdc022d59,gold_calib
gold_p4_t6443,pdf-e55a4c76dda8b44180b1,gold_calib
gold_p4_t6447,pdf-968192df8446673a9409,gold_calib
gold_p4_t6448,pdf-9a9807be2d746de4745f,gold_calib
gold_p4_t6452,pdf-c2a4a748344fa7f7b5bc,gold_calib
gold_p4_t6454,pdf-4bf568ed68d9c31d68a0,gold_calib
gold_p4_t6455,pdf-825532a118e8c9c2fbba,gold_calib
gold_p4_t6456,pdf-73b19b52eb979bdb2269,gold_calib
gold_p4_t6457,pdf-00a4809547cd2d824832,gold_calib
gold_p4_t6459,pdf-15b1f28af0565056165f,gold_calib
gold_p4_t6462,pdf-c9268c1fdbca143487aa,gold_calib
gold_p4_t6463,pdf-778bed331c985a39ac1c,gold_calib
gold_p4_t6464,pdf-f5bcc78f062fc1825196,gold_calib
gold_p4_t6465,pdf-08c7bf37635868af852e,gold_calib
gold_p4_t6466,pdf-65100f0a743f83c4bced,gold_calib
gold_p4_t6469,pdf-3afd2b67158165f20b0f,gold_calib
gold_p4_t6473,yONFNHGoeP,gold_calib
gold_p4_t6474,pdf-35e1e1bd8c5b85eba7cf,gold_calib
gold_p4_t6477,pdf-47d07dee2b8031e73936,gold_calib
gold_p4_t6478,pdf-778bed331c985a39ac1c,gold_calib
gold_p4_t6479,pdf-36b0f6ac5eebda1fb107,gold_calib
gold_p4_t6482,pdf-2d3635cb502c97d51b95,gold_calib
gold_p4_t6485,pdf-aeeb5fedb5e08be9f1bd,gold_calib
gold_p4_t6486,pdf-bc5b139b355f83e71216,gold_calib
gold_p4_t6487,pdf-2597bef2cd37ace09dbf,gold_calib
gold_p4_t6489,pdf-b150d40384c592a496eb,gold_calib
gold_p4_t6490,pdf-1b17c9fd8f22cf6010fc,gold_calib
gold_p4_t6495,pdf-ff41b60287b6823eed1a,gold_calib
gold_p4_t6496,pdf-de5d080aa494812561e7,gold_calib
gold_p4_t6498,pdf-0d59de904e6dee40e65a,gold_calib
gold_p4_t6499,pdf-6dd1447dc2b4de138d85,gold_calib
gold_p4_t6623,pdf-69934eb3f352f19d3ac9,gold_calib
gold_p4_t6626,pdf-e3108a608b9abca6a8af,gold_calib
gold_p4_t6629,pdf-2a9e66d4dc235dc90ec7,gold_calib
gold_p4_t6632,pdf-65ed23569ff91a8bbc4f,gold_calib
gold_p4_t6633,pdf-d542b97d5a93fa376030,gold_calib
gold_p4_t6635,pdf-3f4a2ef46d05ba997f0f,gold_calib
gold_p4_t6637,pdf-a3f8ab1b17dad6ce645e,gold_calib
gold_p4_t6639,pdf-98915a8e9c502dba4202,gold_calib
gold_p4_t6642,pdf-a1d48a518ed53556a904,gold_calib
gold_p4_t6648,pdf-6bb25d79eae8d6d41407,gold_calib
gold_p4_t6649,pdf-041178eb5a5bdd6eb70b,gold_calib
gold_p4_t6654,pdf-16827762188eceb32221,gold_calib
gold_p4_t6655,pdf-2c097cfb2add042270ff,gold_calib
gold_p4_t6656,pdf-31027f254067904f08ca,gold_calib
gold_p4_t6662,pdf-adf8670c412ddd57af39,gold_calib
gold_p4_t6663,pdf-dd035bbab452abac9dc6,gold_calib
gold_p4_t6670,pdf-74f12892424187d7892d,gold_calib
gold_p4_t6675,pdf-2306657dff0d5219e2cd,gold_calib
gold_p4_t6676,pdf-0e6b68170c7de50d1b2d,gold_calib
gold_p4_t6678,pdf-daae966b2a10da7b12b1,gold_calib
gold_p4_t6679,pdf-6ecda3f9536871c9bcdb,gold_calib
gold_p4_t6683,pdf-569f0f9ac3a80767b21d,gold_calib
gold_p4_t6684,pdf-7482768d4e913c7eba92,gold_calib
gold_p4_t6686,pdf-364b8ce8c8f23d4aa4a4,gold_calib
gold_p4_t6689,pdf-204b705f6b6352c993b8,gold_calib
gold_p4_t6690,pdf-181192f1a0710925df15,gold_calib
gold_p4_t6691,pdf-5a23ba1e866dd988cb2a,gold_calib
gold_p4_t6692,pdf-65ed23569ff91a8bbc4f,gold_calib
gold_p4_t6694,pdf-d37a29aea8466541c111,gold_calib
gold_p4_t6695,pdf-3422cc9241f8b32fec2b,gold_calib
gold_p4_t6698,pdf-65ed23569ff91a8bbc4f,gold_calib
gold_p4_t6699,pdf-98c08e861b7aba72a7d1,gold_calib
gold_p4_t6701,pdf-c63f8c21602bf03bfc56,gold_calib
gold_p4_t6702,pdf-ef20b2464d2e5214b278,gold_calib
gold_p4_t6703,pdf-74f12892424187d7892d,gold_calib
gold_p4_t6706,pdf-74f12892424187d7892d,gold_calib
gold_p4_t6709,pdf-0e6b68170c7de50d1b2d,gold_calib
gold_p4_t6710,pdf-65cc17c2f2e710de46cd,gold_calib
gold_p4_t6712,pdf-269d5763f760e0d9ef7a,gold_calib
gold_p4_t6713,pdf-9c3afb1034c957bbd6c1,gold_calib
gold_p4_t6715,pdf-b22c4c65888f25fa38df,gold_calib
gold_p4_t6716,pdf-6b5d542f6bc622691a62,gold_calib
gold_p4_t6719,pdf-dc886531ecf9db4a084e,gold_calib
gold_p4_t6722,pdf-daa4a4ee30148d3204db,gold_calib
gold_p4_t6723,pdf-0a29743d5ac24b76131a,gold_calib
gold_p4_t6724,pdf-69934eb3f352f19d3ac9,gold_calib
gold_p4_t6725,pdf-d0c1e9222aae8d8eb0c2,gold_calib
gold_p4_t6726,pdf-92a5608aee5da8166609,gold_calib
gold_p4_t6731,pdf-92a5608aee5da8166609,gold_calib
gold_p4_t6734,pdf-d184ccec81362d2720dc,gold_calib
gold_p4_t6736,pdf-c059b942f426703f9b2b,gold_calib
gold_p4_t6740,pdf-ddad5a2d558e12c14224,gold_calib
gold_p4_t6744,pdf-1369b108605b42126190,gold_calib
gold_p4_t6745,pdf-f5c02ec09bc196805541,gold_calib
gold_p4_t6749,pdf-d37a29aea8466541c111,gold_calib
gold_p4_t6750,pdf-69934eb3f352f19d3ac9,gold_calib
gold_p4_t6751,pdf-a41903519204908de01f,gold_calib
gold_p4_t6753,pdf-2e04e8418bc94bd31f81,gold_calib
gold_p4_t6757,pdf-4e3a472e8a1177ec1409,gold_calib
gold_p4_t6758,pdf-335cdd2fa74afc331605,gold_calib
gold_p4_t6759,pdf-69a6b745cdcf30af1efa,gold_calib
gold_p4_t6766,pdf-231a91693b3d9dc8c52b,gold_calib
gold_p4_t6770,pdf-0e6b68170c7de50d1b2d,gold_calib
gold_p4_t6773,pdf-0198e42a8efe9c2eca07,gold_calib
gold_p4_t6774,pdf-d37a29aea8466541c111,gold_calib
gold_p4_t6775,pdf-6b5d542f6bc622691a62,gold_calib
gold_p4_t6776,pdf-57f54d54348e24c7b878,gold_calib
gold_p4_t6777,pdf-2e04e8418bc94bd31f81,gold_calib
gold_p4_t6782,pdf-624b3d12c7bc955d51c4,gold_calib
gold_p4_t6783,pdf-211c2af3d577a61c4fa8,gold_calib
gold_p4_t6785,pdf-93fd67000868d6bccf9c,gold_calib
gold_p4_t6790,pdf-4c05ca2071084c2532d6,gold_calib
gold_p4_t6792,pdf-92b292c2f8648b529c90,gold_calib
gold_p4_t6798,pdf-edebd92af471e1761083,gold_calib
gold_p4_t6800,pdf-cdb499d16135be88dd1f,gold_calib
gold_p4_t6803,pdf-7ae80e8757aee78e469b,gold_calib
gold_p4_t6805,pdf-820973b5909664fef385,gold_calib
gold_p4_t6808,pdf-66771f917e1684035b85,gold_calib
gold_p4_t6810,pdf-ed660544e786af7acfe3,gold_calib
gold_p4_t6812,pdf-870e6e70d4971fa01565,gold_calib
gold_p4_t6813,pdf-d361ef91c8ef28e7aa82,gold_calib
gold_p4_t6815,pdf-f3bb0bece806c10c99ad,gold_calib
gold_p4_t6818,pdf-a876bedb800dc4535c6c,gold_calib
gold_p4_t6820,pdf-92a5608aee5da8166609,gold_calib
gold_p4_t6828,pdf-31027f254067904f08ca,gold_calib
gold_p4_t6833,pdf-0efe94e38b1dbfee69c2,gold_calib
gold_p4_t6834,pdf-820973b5909664fef385,gold_calib
gold_p4_t6835,pdf-08740c35d08ff8f6bd66,gold_calib
gold_p4_t6836,pdf-92b292c2f8648b529c90,gold_calib
gold_p4_t6838,pdf-4054263d3a19df290a20,gold_calib
gold_p4_t6839,pdf-4ef742c316486c53643a,gold_calib
gold_p4_t6844,pdf-3286679f6bae779037c4,gold_calib
gold_p4_t6845,pdf-059d66f7c0e5e541eb06,gold_calib
gold_p4_t6851,pdf-f5c02ec09bc196805541,gold_calib
gold_p4_t6852,pdf-0a29743d5ac24b76131a,gold_calib
gold_p4_t6855,pdf-ef252da6772760180ebb,gold_calib
gold_p4_t6858,pdf-f083ad1090a25edf39f0,gold_calib
gold_p4_t6859,pdf-0a29743d5ac24b76131a,gold_calib
gold_p4_t6860,pdf-f5c02ec09bc196805541,gold_calib
gold_p4_t6861,pdf-dc886531ecf9db4a084e,gold_calib
gold_p4_t6862,pdf-19a6524ca00b3f894011,gold_calib
gold_p4_t6866,pdf-c20e97d28dec441f57f0,gold_calib
gold_p4_t6869,pdf-2c097cfb2add042270ff,gold_calib
gold_p4_t6871,pdf-f70655942647f6c22d95,gold_calib
gold_p4_t6873,pdf-0aad88b16ab46d290671,gold_calib
gold_p4_t6879,pdf-f3cedbb23a4c019b8da4,gold_calib
gold_p4_t6880,pdf-6b49dd507d6cbbeb3c6a,gold_calib
gold_p4_t6881,pdf-87ce08380828c96a55e6,gold_calib
gold_p4_t6882,pdf-2a9e66d4dc235dc90ec7,gold_calib
gold_p4_t6883,pdf-92b292c2f8648b529c90,gold_calib
gold_p4_t6884,pdf-e92214ed1f37a5faaefa,gold_calib
gold_p4_t6885,pdf-7ff75234c34819f11794,gold_calib
gold_p4_t6887,pdf-964670fd750f36e57dd4,gold_calib
gold_p4_t6888,pdf-747b8ae268ab6912b76a,gold_calib
gold_p4_t6891,pdf-6282f2eb6d41d683f75d,gold_calib
gold_p4_t6892,pdf-ff1d38921b198379183b,gold_calib
gold_p4_t6893,pdf-5b6836bd4e25ec0fd275,gold_calib
gold_p4_t6894,pdf-f1851eea1f071d6cc580,gold_calib
gold_p4_t6899,pdf-3725054a0b809ac42cba,gold_calib
gold_p4_t6900,pdf-2e04e8418bc94bd31f81,gold_calib
gold_p4_t6909,pdf-a62eec8f74640f3916c3,gold_calib
gold_p4_t6910,pdf-bc5b139b355f83e71216,gold_calib
gold_p4_t6911,pdf-1077be384769d96cf282,gold_calib
gold_p4_t6912,pdf-3422cc9241f8b32fec2b,gold_calib
gold_p4_t6917,pdf-752718147b3d3bed4e93,gold_calib
gold_p4_t6922,pdf-fa56a372955ccf155e97,gold_calib
gold_p4_t6930,pdf-4cffff8ec7d936d55003,gold_calib
gold_p4_t6931,pdf-daa4a4ee30148d3204db,gold_calib
gold_p4_t6934,pdf-9cdc65b66bbf7808b6f7,gold_calib
gold_p4_t6940,pdf-4eaaba3862d0b8c8ed4d,gold_calib
gold_p4_t6943,pdf-4054263d3a19df290a20,gold_calib
gold_p4_t6944,pdf-bf74b5aaa7533ea7a6cc,gold_calib
gold_p4_t6947,pdf-02b33118ae7b1597ef00,gold_calib
gold_p4_t6948,pdf-09013b827c2f42ffac66,gold_calib
gold_p4_t6951,pdf-9173a5804bf1cf15ae56,gold_calib
gold_p4_t6952,pdf-d47d60167715fe821144,gold_calib
gold_p4_t6953,pdf-866e7222f6bff8344672,gold_calib
gold_p4_t6954,pdf-058f11e3baea7962e9a3,gold_calib
gold_p4_t6956,pdf-2742f1192bc210e6246a,gold_calib
gold_p4_t6958,pdf-f70655942647f6c22d95,gold_calib
gold_p4_t6962,pdf-2162c56da89f464e2e39,gold_calib
gold_p4_t6964,pdf-870e6e70d4971fa01565,gold_calib
gold_p4_t6969,pdf-7ee3e763788a6d9588cb,gold_calib
gold_p4_t6970,pdf-f47ef788f9f159a1121d,gold_calib
gold_p4_t6974,pdf-5b1d9b512a636c986e35,gold_calib
gold_p4_t6975,pdf-001a57b3205f8cbef766,gold_calib
gold_p4_t6977,pdf-ae947cb1a7b026081eb7,gold_calib
gold_p4_t6978,pdf-6bbe7ef1b78f88e9a42d,gold_calib
gold_p4_t6979,pdf-a52f70fdb1148fe78ffb,gold_calib
gold_p4_t6981,pdf-04fc0f405274885f7c74,gold_calib
gold_p4_t6983,pdf-22d30ef6bb11d0156dbb,gold_calib
gold_p4_t6984,pdf-38e638c81ab2da771990,gold_calib
gold_p4_t6988,pdf-e0d5dd40a486b74a0649,gold_calib
gold_p4_t6990,pdf-9a9807be2d746de4745f,gold_calib
gold_p4_t6994,pdf-a09ea4da28c3b6c9ee6b,gold_calib
gold_p4_t6996,pdf-e811903cc7645e186c83,gold_calib
gold_p4_t6997,pdf-6830a224476df1617905,gold_calib
gold_p4_t6998,pdf-007b7fa705049078db7c,gold_calib
gold_p4_t6999,pdf-cf44057e1a9cb87be2e6,gold_calib
gold_p4_t7000,pdf-ca473db13eb92cae1c62,gold_calib
gold_p4_t7002,pdf-e0d5dd40a486b74a0649,gold_calib
gold_p4_t7004,pdf-0107c1072b53e69b167c,gold_calib
gold_p4_t7005,pdf-ba14898d1ae2fe768d61,gold_calib
gold_p4_t7006,pdf-7d6c6f88d9d9103ee9e6,gold_calib
gold_p4_t7008,pdf-fa563a3a7345b21d04ea,gold_calib
gold_p4_t7009,pdf-e0d5dd40a486b74a0649,gold_calib
gold_p4_t7011,pdf-071be1e5cd5b146b4127,gold_calib
gold_p4_t7020,pdf-f4bfe60264420b4737a4,gold_calib
gold_p4_t7022,pdf-a621f9007491c07d6b1f,gold_calib
gold_p4_t7027,pdf-7a630895720ddb166497,gold_calib
gold_p4_t7031,pdf-d47d60167715fe821144,gold_calib
gold_p4_t7032,pdf-284761ddf676b4115d02,gold_calib
gold_p4_t7037,pdf-b3dfed6365fc2c032e7e,gold_calib
gold_p4_t7045,pdf-c047390a912d2989e381,gold_calib
gold_p4_t7057,pdf-1dcab422c591e633246f,gold_calib
gold_p4_t7058,pdf-d20de171a9c37fe7ddd1,gold_calib
gold_p4_t7061,pdf-14d9d088db564c3f67bc,gold_calib
gold_p4_t7063,pdf-0832cb4777c1b9d0d81b,gold_calib
gold_p4_t7076,pdf-e4f3704e9473ae8a42d3,gold_calib
gold_p4_t7077,pdf-f86255ebcfa8c13fa6ae,gold_calib
gold_p4_t7080,pdf-0f40d83c11e03a4fa881,gold_calib
gold_p4_t7092,pdf-2c4f0f345ada46029ac5,gold_calib
gold_p4_t7096,pdf-053b31ecd580ed6fab26,gold_calib
gold_p4_t7099,pdf-990d7852ba61de5c9ce4,gold_calib
gold_p4_t7103,pdf-1dcab422c591e633246f,gold_calib
gold_p4_t7106,pdf-7a630895720ddb166497,gold_calib
gold_p4_t7111,pdf-82a1f662f57eca1d38b5,gold_calib
gold_p4_t7126,pdf-97c029373787aae1e77d,gold_calib
gold_p4_t7131,pdf-6cac502eaef23a5756f2,gold_calib
gold_p4_t7132,pdf-cd74248d8d600da92a77,gold_calib
gold_p4_t7135,pdf-dcf1a6be7cec508fda0c,gold_calib
gold_p4_t7142,pdf-9d9eec9a5252732560da,gold_calib
gold_p4_t7144,pdf-036fc9db19c7eb9d2e43,gold_calib
gold_p4_t7145,pdf-d88df978f7c4905a37d2,gold_calib
gold_p4_t7150,pdf-5b51acc0d059e11f14bd,gold_calib
gold_p4_t7158,pdf-8a736240af4971486de8,gold_calib
gold_p4_t7159,pdf-abe41fde74e34946d392,gold_calib
gold_p4_t7160,pdf-deb169c441274e6aaf58,gold_calib
gold_p4_t7168,pdf-a4509e48f97272432c61,gold_calib
gold_p4_t7170,pdf-92ea0f08f5a3934bbe8e,gold_calib
gold_p4_t7171,pdf-2cb4688b1f559ba72e6a,gold_calib
gold_p4_t7178,pdf-dad7c279ac56055ca3bd,gold_calib
gold_p4_t7180,pdf-36ef5485b3ec30209993,gold_calib
gold_p4_t7189,pdf-888e417a71ef97db653f,gold_calib
gold_p4_t7190,pdf-9b7c4f5dfad5ae3312de,gold_calib
gold_p4_t7197,pdf-7cbff8dba17fcf4b8afb,gold_calib
gold_p4_t7200,pdf-cfa0d74f4b791bbb7dcc,gold_calib
gold_p4_t7201,pdf-5b937a0d53c2fbc59b76,gold_calib
gold_p4_t7204,pdf-29771f6c9a583f323d59,gold_calib
gold_p4_t7206,pdf-11d469f67a0b9a3aab45,gold_calib
gold_p4_t7213,pdf-aa6fadeccb0d3e300ad7,gold_calib
gold_p4_t7214,pdf-21742e9252cf137a4f58,gold_calib
gold_p4_t7215,pdf-deb169c441274e6aaf58,gold_calib
gold_p4_t7219,pdf-507e968e94ddc50d2b45,gold_calib
gold_p4_t7221,pdf-08c7bf37635868af852e,gold_calib
gold_p4_t7224,pdf-535450560b794aec8dbc,gold_calib
gold_p4_t7225,pdf-053b31ecd580ed6fab26,gold_calib
gold_p4_t7226,pdf-8af04ca5febe66b48014,gold_calib
gold_p4_t7229,pdf-4141f78d1d008632f30d,gold_calib
gold_p4_t7230,pdf-c05ef16566216a545fb5,gold_calib
gold_p4_t7234,pdf-0b048001da9e9880b55c,gold_calib
gold_p4_t7235,pdf-3422cc9241f8b32fec2b,gold_calib
gold_p4_t7240,pdf-e81f7de35c3b7a4ac7bc,gold_calib
gold_p4_t7243,pdf-ee415f3a252d2009f82c,gold_calib
gold_p4_t7244,pdf-58011a95d76cbd6bb73f,gold_calib
gold_p4_t7246,pdf-24f5ac4311e78cff6133,gold_calib
gold_p4_t7252,pdf-96e4b862bf0fbd180d59,gold_calib
gold_p4_t7258,pdf-65aa8487a03964576657,gold_calib
gold_p4_t7263,pdf-51c1e1a06045543a3268,gold_calib
gold_p4_t7265,pdf-7aa7bd1e76857712a6eb,gold_calib
gold_p4_t7268,pdf-24fdd2d88ae335d6b964,gold_calib
gold_p4_t7276,pdf-816d3e69219961931f8f,gold_calib
gold_p4_t7751,pdf-97c3bdb53fed2a3e0191,gold_calib
gold_p4_t7752,pdf-f87e723d0577e8d566d5,gold_calib
gold_p4_t7754,pdf-c62c616f1ae2aed75c26,gold_calib
gold_p4_t7755,pdf-9a93b940eceec0c239bd,gold_calib
gold_p5_t8199,pdf-640949261402bed3a6b5,gold_calib
gold_p5_t8201,pdf-640949261402bed3a6b5,gold_calib
gold_p5_t8204,pdf-640949261402bed3a6b5,gold_calib
gold_p5_t8205,pdf-8d3ec2ce629f02dc4f1c,gold_calib
gold_p5_t8206,pdf-e610a42d4368014c9b9e,gold_calib
gold_p5_t8207,pdf-2e136550f00acc63ea52,gold_calib
gold_p5_t8210,pdf-10a8785122eb1a96c838,gold_calib
gold_p5_t8217,pdf-da70a2702b4c0fdf5398,gold_calib
gold_p5_t8221,pdf-bd17aa6fdba88087de49,gold_calib
gold_p5_t8226,pdf-850814c5b0b6529b3cdc,gold_calib
gold_p5_t8231,pdf-7cffac6e4abfcec6b849,gold_calib
gold_p8_batch4_topup_00008,pdf-00eb1ffae2ba2e6548a1,gold_calib
gold_p8_batch4_topup_00009,pdf-00eb1ffae2ba2e6548a1,gold_calib
gold_p8_batch4_topup_00010,pdf-00eb1ffae2ba2e6548a1,gold_calib
gold_p8_batch4_topup_00011,pdf-00eb1ffae2ba2e6548a1,gold_calib
gold_p8_batch4_topup_00012,pdf-010425897eb7e57a4790,gold_calib
gold_p8_batch4_topup_00013,pdf-010425897eb7e57a4790,gold_calib
gold_p8_batch4_topup_00019,pdf-0131da60a5b8197537a7,gold_calib
gold_p8_batch4_topup_00029,pdf-018696c591c9860db082,gold_calib
gold_p8_batch4_topup_00036,pdf-01d4b0ea96a2ab702fa8,gold_calib
gold_p8_batch4_topup_00037,pdf-01d4b0ea96a2ab702fa8,gold_calib
gold_p8_batch4_topup_00055,pdf-026b0bbfe0e16947c67f,gold_calib
gold_p8_batch4_topup_00057,pdf-028322b229cae921e3f5,gold_calib
gold_p8_batch4_topup_00058,pdf-028322b229cae921e3f5,gold_calib
gold_p8_batch4_topup_00059,pdf-02918ba3f1599a245dc0,gold_calib
gold_p8_batch4_topup_00060,pdf-02918ba3f1599a245dc0,gold_calib
gold_p8_batch4_topup_00061,pdf-02918ba3f1599a245dc0,gold_calib
gold_p8_batch4_topup_00071,pdf-037ac09a8587c40ea568,gold_calib
gold_p8_batch4_topup_00072,pdf-037ac09a8587c40ea568,gold_calib
gold_p8_batch4_topup_00073,pdf-037ac09a8587c40ea568,gold_calib
gold_p8_batch4_topup_00076,pdf-03c694c181e2a76feb15,gold_calib
gold_p8_batch4_topup_00077,pdf-03c694c181e2a76feb15,gold_calib
gold_p8_batch4_topup_00078,pdf-03c694c181e2a76feb15,gold_calib
gold_p8_batch4_topup_00079,pdf-03c694c181e2a76feb15,gold_calib
gold_p8_batch4_topup_00080,pdf-03e0db47b0874e8e7437,gold_calib
gold_p8_batch4_topup_00089,pdf-0481e3cbb65c55e029fc,gold_calib
gold_p8_batch4_topup_00090,pdf-04ad93e5424f4ca2fc0f,gold_calib
gold_p8_batch4_topup_00091,pdf-04ad93e5424f4ca2fc0f,gold_calib
gold_p8_batch4_topup_00100,pdf-04df07268ee22fb7ef38,gold_calib
gold_p8_batch4_topup_00101,pdf-04df07268ee22fb7ef38,gold_calib
gold_p8_batch4_topup_00102,pdf-04df07268ee22fb7ef38,gold_calib
gold_p8_batch4_topup_00103,pdf-04df07268ee22fb7ef38,gold_calib
gold_p8_batch4_topup_00122,pdf-0578c8a3c7150df9a765,gold_calib
gold_p8_batch4_topup_00123,pdf-0578c8a3c7150df9a765,gold_calib
gold_p8_batch4_topup_00124,pdf-0578c8a3c7150df9a765,gold_calib
gold_p8_batch4_topup_00131,pdf-06057df6ce2107b0b095,gold_calib
gold_p8_batch4_topup_00132,pdf-06057df6ce2107b0b095,gold_calib
gold_p8_batch4_topup_00133,pdf-06057df6ce2107b0b095,gold_calib
gold_p8_batch4_topup_00136,pdf-0628fcbd1c6b866b53ec,gold_calib
gold_p8_batch4_topup_00137,pdf-0628fcbd1c6b866b53ec,gold_calib
gold_p8_batch4_topup_00176,pdf-077c0d6daf9b560f90ac,gold_calib
gold_p8_batch4_topup_00177,pdf-077c0d6daf9b560f90ac,gold_calib
gold_p8_batch4_topup_00178,pdf-077c0d6daf9b560f90ac,gold_calib
gold_p8_batch4_topup_00179,pdf-07a3381c1d2db87eb871,gold_calib
gold_p8_batch4_topup_00180,pdf-07a3381c1d2db87eb871,gold_calib
gold_p8_batch4_topup_00181,pdf-07a3381c1d2db87eb871,gold_calib
gold_p8_batch4_topup_00188,pdf-07e0b5dd4a5f812d6bee,gold_calib
gold_p8_batch4_topup_00189,pdf-081b4ccd9321c85a517f,gold_calib
gold_p8_batch4_topup_00190,pdf-081b4ccd9321c85a517f,gold_calib
gold_p8_batch4_topup_00191,pdf-081b4ccd9321c85a517f,gold_calib
gold_p8_batch4_topup_00192,pdf-081b4ccd9321c85a517f,gold_calib
gold_p8_batch4_topup_00201,pdf-09198144999d448fc005,gold_calib
gold_p8_batch4_topup_00202,pdf-09198144999d448fc005,gold_calib
gold_p8_batch4_topup_00203,pdf-093732f2a2d92921786c,gold_calib
gold_p8_batch4_topup_00204,pdf-093732f2a2d92921786c,gold_calib
gold_p8_batch4_topup_00205,pdf-094fd343c94fbb2ff811,gold_calib
gold_p8_batch4_topup_00206,pdf-094fd343c94fbb2ff811,gold_calib
gold_p8_batch4_topup_00207,pdf-094fd343c94fbb2ff811,gold_calib
gold_p8_batch4_topup_00208,pdf-094fd343c94fbb2ff811,gold_calib
gold_p8_batch4_topup_00229,pdf-09fa8c838ebbf2162edc,gold_calib
gold_p8_batch4_topup_00230,pdf-09fa8c838ebbf2162edc,gold_calib
gold_p8_batch4_topup_00231,pdf-09fa8c838ebbf2162edc,gold_calib
gold_p8_batch4_topup_00232,pdf-09fa8c838ebbf2162edc,gold_calib
gold_p8_batch4_topup_00241,pdf-0a46abb41f8f83595601,gold_calib
gold_p8_batch4_topup_00246,pdf-0aadee6e64d54b976b9b,gold_calib
gold_p8_batch4_topup_00247,pdf-0aadee6e64d54b976b9b,gold_calib
gold_p8_batch4_topup_00248,pdf-0aadee6e64d54b976b9b,gold_calib
gold_p8_batch4_topup_00256,pdf-0b31b4158d8c749fd96c,gold_calib
gold_p8_batch4_topup_00287,pdf-0c65c8a9846b24661365,gold_calib
gold_p8_batch4_topup_00288,pdf-0c65c8a9846b24661365,gold_calib
gold_p8_batch4_topup_00289,pdf-0c65c8a9846b24661365,gold_calib
gold_p8_batch4_topup_00296,pdf-0c75da6d1cbc54363cc6,gold_calib
gold_p8_batch4_topup_00297,pdf-0c75da6d1cbc54363cc6,gold_calib
gold_p8_batch4_topup_00298,pdf-0c75da6d1cbc54363cc6,gold_calib
gold_p8_batch4_topup_00299,pdf-0c8cf4cd0e5889b3fbe0,gold_calib
gold_p8_batch4_topup_00300,pdf-0c8cf4cd0e5889b3fbe0,gold_calib
gold_p8_batch4_topup_00301,pdf-0c8cf4cd0e5889b3fbe0,gold_calib
gold_p8_batch4_topup_00302,pdf-0c8cf4cd0e5889b3fbe0,gold_calib
gold_p8_batch4_topup_00303,pdf-0cbc3989ee68f3e58b71,gold_calib
gold_p8_batch4_topup_00304,pdf-0cbc3989ee68f3e58b71,gold_calib
gold_p8_batch4_topup_00305,pdf-0cbc3989ee68f3e58b71,gold_calib
gold_p8_batch4_topup_00312,pdf-0d3db99c58aef4c79402,gold_calib
gold_p8_batch4_topup_00313,pdf-0d3db99c58aef4c79402,gold_calib
gold_p8_batch4_topup_00314,pdf-0d3db99c58aef4c79402,gold_calib
gold_p8_batch4_topup_00315,pdf-0d3db99c58aef4c79402,gold_calib
gold_p8_batch4_topup_00350,pdf-0e99f1555518d7ee5c1d,gold_calib
gold_p8_batch4_topup_00351,pdf-0e99f1555518d7ee5c1d,gold_calib
gold_p8_batch4_topup_00352,pdf-0e99f1555518d7ee5c1d,gold_calib
gold_p8_batch4_topup_00353,pdf-0e99f1555518d7ee5c1d,gold_calib
gold_p8_batch4_topup_00387,pdf-0ff3e5f164a1fa54778a,gold_calib
gold_p8_batch4_topup_00388,pdf-0ff3e5f164a1fa54778a,gold_calib
gold_p8_batch4_topup_00389,pdf-0ff3e5f164a1fa54778a,gold_calib
gold_p8_batch4_topup_00394,pdf-102d676576c9ae7cd45f,gold_calib
gold_p8_batch4_topup_00395,pdf-102d676576c9ae7cd45f,gold_calib
gold_p8_batch4_topup_00404,pdf-10c1904cde561f7d7e88,gold_calib
gold_p8_batch4_topup_00405,pdf-10c1904cde561f7d7e88,gold_calib
gold_p8_batch4_topup_00406,pdf-10c1904cde561f7d7e88,gold_calib
gold_p8_batch4_topup_00407,pdf-10c1904cde561f7d7e88,gold_calib
gold_p8_batch4_topup_00411,pdf-11412224320897854790,gold_calib
gold_p8_batch4_topup_00412,pdf-11438e43c77a7904e7a4,gold_calib
gold_p8_batch4_topup_00413,pdf-11438e43c77a7904e7a4,gold_calib
gold_p8_batch4_topup_00414,pdf-1159df8fc196a8c41886,gold_calib
gold_p8_batch4_topup_00415,pdf-1159df8fc196a8c41886,gold_calib
gold_p8_batch4_topup_00416,pdf-1159df8fc196a8c41886,gold_calib
gold_p8_batch4_topup_00417,pdf-1159df8fc196a8c41886,gold_calib
gold_p8_batch4_topup_00434,pdf-11d3b3ebfb9c7abe6d17,gold_calib
gold_p8_batch4_topup_00435,pdf-11d3b3ebfb9c7abe6d17,gold_calib
gold_p8_batch4_topup_00436,pdf-11d3b3ebfb9c7abe6d17,gold_calib
gold_p8_batch4_topup_00437,pdf-11d3b3ebfb9c7abe6d17,gold_calib
gold_p8_batch4_topup_00438,pdf-11daa9c6877f9b2d14c2,gold_calib
gold_p8_batch4_topup_00439,pdf-11daa9c6877f9b2d14c2,gold_calib
gold_p8_batch4_topup_00457,pdf-12b8e8f1f6f571dea487,gold_calib
gold_p8_batch4_topup_00458,pdf-12b8e8f1f6f571dea487,gold_calib
gold_p8_batch4_topup_00459,pdf-12b8e8f1f6f571dea487,gold_calib
gold_p8_batch4_topup_00471,pdf-135a2091ecdcd6e6eca4,gold_calib
gold_p8_batch4_topup_00473,pdf-136999195b782b65a600,gold_calib
gold_p8_batch4_topup_00484,pdf-13cac38fe9c7c039f7fd,gold_calib
gold_p8_batch4_topup_00485,pdf-13f3d488397dd10b0e0d,gold_calib
gold_p8_batch4_topup_00486,pdf-13f3d488397dd10b0e0d,gold_calib
gold_p8_batch4_topup_00488,pdf-141020886f2b652c4af6,gold_calib
gold_p8_batch4_topup_00498,pdf-14652f952a13caea20d0,gold_calib
gold_p8_batch4_topup_00499,pdf-14652f952a13caea20d0,gold_calib
gold_p8_batch4_topup_00500,pdf-14652f952a13caea20d0,gold_calib
gold_p8_batch4_topup_00501,pdf-146d1ef5a79d36019dbf,gold_calib
gold_p8_batch4_topup_00502,pdf-146d1ef5a79d36019dbf,gold_calib
gold_p8_batch4_topup_00503,pdf-146d1ef5a79d36019dbf,gold_calib
gold_p8_batch4_topup_00504,pdf-14817f5d4ab3c68a1a67,gold_calib
gold_p8_batch4_topup_00505,pdf-14817f5d4ab3c68a1a67,gold_calib
gold_p8_batch4_topup_00506,pdf-14817f5d4ab3c68a1a67,gold_calib
gold_p8_batch4_topup_00507,pdf-14817f5d4ab3c68a1a67,gold_calib
gold_p8_batch4_topup_00508,pdf-15062d8bf1cbfc84ae24,gold_calib
gold_p8_batch4_topup_00509,pdf-15062d8bf1cbfc84ae24,gold_calib
gold_p8_batch4_topup_00515,pdf-1551e50e8784f262d991,gold_calib
gold_p8_batch4_topup_00516,pdf-1551e50e8784f262d991,gold_calib
gold_p8_batch4_topup_00517,pdf-1551e50e8784f262d991,gold_calib
gold_p8_batch4_topup_00518,pdf-1551e50e8784f262d991,gold_calib
gold_p8_batch4_topup_00527,pdf-159b7cd225ec1d4b62fc,gold_calib
gold_p8_batch4_topup_00528,pdf-159b7cd225ec1d4b62fc,gold_calib
gold_p8_batch4_topup_00529,pdf-159b7cd225ec1d4b62fc,gold_calib
gold_p8_batch4_topup_00530,pdf-159b7cd225ec1d4b62fc,gold_calib
gold_p8_batch4_topup_00544,pdf-16910eff4438485286c7,gold_calib
gold_p8_batch4_topup_00546,pdf-16910eff4438485286c7,gold_calib
gold_p8_batch4_topup_00563,pdf-1719e3d142999d98677f,gold_calib
gold_p8_batch4_topup_00564,pdf-1719e3d142999d98677f,gold_calib
gold_p8_batch4_topup_00565,pdf-1719e3d142999d98677f,gold_calib
gold_p8_batch4_topup_00581,pdf-183d95d67fbb012701a8,gold_calib
gold_p8_batch4_topup_00582,pdf-183d95d67fbb012701a8,gold_calib
gold_p8_batch4_topup_00588,pdf-186913f1ed453b6729ce,gold_calib
gold_p8_batch4_topup_00589,pdf-186913f1ed453b6729ce,gold_calib
gold_p8_batch4_topup_00590,pdf-186913f1ed453b6729ce,gold_calib
gold_p8_batch4_topup_00596,pdf-18b6efd630d5e85fe46d,gold_calib
gold_p8_batch4_topup_00597,pdf-18cd34c845bd07478b42,gold_calib
gold_p8_batch4_topup_00598,pdf-18cd34c845bd07478b42,gold_calib
gold_p8_batch4_topup_00599,pdf-18cd34c845bd07478b42,gold_calib
gold_p8_batch4_topup_00600,pdf-18cd34c845bd07478b42,gold_calib
gold_p8_batch4_topup_00613,pdf-19ecf2c0c9ccdde3ac04,gold_calib
gold_p8_batch4_topup_00614,pdf-19ecf2c0c9ccdde3ac04,gold_calib
gold_p8_batch4_topup_00615,pdf-19ecf2c0c9ccdde3ac04,gold_calib
gold_p8_batch4_topup_00616,pdf-19ecf2c0c9ccdde3ac04,gold_calib
gold_p8_batch4_topup_00617,pdf-1a029f46847e59a984ab,gold_calib
gold_p8_batch4_topup_00618,pdf-1a029f46847e59a984ab,gold_calib
gold_p8_batch4_topup_00619,pdf-1a029f46847e59a984ab,gold_calib
gold_p8_batch4_topup_00624,pdf-1a2875831ef567c090db,gold_calib
gold_p8_batch4_topup_00625,pdf-1a2875831ef567c090db,gold_calib
gold_p8_batch4_topup_00626,pdf-1a2875831ef567c090db,gold_calib
gold_p8_batch4_topup_00652,pdf-1aa583cf6a3b95eb165e,gold_calib
gold_p8_batch4_topup_00653,pdf-1aa583cf6a3b95eb165e,gold_calib
gold_p8_batch4_topup_00689,pdf-1c949e737210a6c1b38d,gold_calib
gold_p8_batch4_topup_00690,pdf-1c949e737210a6c1b38d,gold_calib
gold_p8_batch4_topup_00701,pdf-1ce88eb77620532d09ef,gold_calib
gold_p8_batch4_topup_00702,pdf-1ce88eb77620532d09ef,gold_calib
gold_p8_batch4_topup_00703,pdf-1ce88eb77620532d09ef,gold_calib
gold_p8_batch4_topup_00741,pdf-1e15afbecfcdb1086b76,gold_calib
gold_p8_batch4_topup_00764,pdf-1e85f4ceddd9355b2753,gold_calib
gold_p8_batch4_topup_00765,pdf-1e85f4ceddd9355b2753,gold_calib
gold_p8_batch4_topup_00774,pdf-1ed98332e93d2bfd9624,gold_calib
gold_p8_batch4_topup_00775,pdf-1ee0de62d1244f0fd614,gold_calib
gold_p8_batch4_topup_00776,pdf-1ee0de62d1244f0fd614,gold_calib
gold_p8_batch4_topup_00777,pdf-1ee0de62d1244f0fd614,gold_calib
gold_p8_batch4_topup_00782,pdf-1f6559961e5a71914657,gold_calib
gold_p8_batch4_topup_00783,pdf-1f6559961e5a71914657,gold_calib
gold_p8_batch4_topup_00784,pdf-1f68e3cbfdd9f1800e2a,gold_calib
gold_p8_batch4_topup_00787,pdf-1fd31c7572c490abaf2a,gold_calib
gold_p8_batch4_topup_00788,pdf-1fd31c7572c490abaf2a,gold_calib
gold_p8_batch4_topup_00791,pdf-20231749328fe8c4923c,gold_calib
gold_p8_batch4_topup_00792,pdf-20231749328fe8c4923c,gold_calib
gold_p8_batch4_topup_00793,pdf-20231749328fe8c4923c,gold_calib
gold_p8_batch4_topup_00843,pdf-21bf1efcee39b23e796d,gold_calib
gold_p8_batch4_topup_00844,pdf-21bf1efcee39b23e796d,gold_calib
gold_p8_batch4_topup_00858,pdf-2218d7e21b83d47c017c,gold_calib
gold_p8_batch4_topup_00859,pdf-2218d7e21b83d47c017c,gold_calib
gold_p8_batch4_topup_00871,pdf-22b06bfe7f9d9e851589,gold_calib
gold_p8_batch4_topup_00878,pdf-231a91693b3d9dc8c52b,gold_calib
gold_p8_batch4_topup_00879,pdf-231a91693b3d9dc8c52b,gold_calib
gold_p8_batch4_topup_00885,pdf-2366079be53abd9460be,gold_calib
gold_p8_batch4_topup_00886,pdf-2366079be53abd9460be,gold_calib
gold_p8_batch4_topup_00896,pdf-23a38022c92b787ea0c6,gold_calib
gold_p8_batch4_topup_00897,pdf-23a38022c92b787ea0c6,gold_calib
gold_p8_batch4_topup_00898,pdf-23a8d0390326d3f1484c,gold_calib
gold_p8_batch4_topup_00922,pdf-24685443c67034f8b1dd,gold_calib
gold_p8_batch4_topup_00923,pdf-24685443c67034f8b1dd,gold_calib
gold_p8_batch4_topup_00949,pdf-24b2e83234e3e692a384,gold_calib
gold_p8_batch4_topup_00950,pdf-24b2e83234e3e692a384,gold_calib
gold_p8_batch4_topup_00951,pdf-24b2e83234e3e692a384,gold_calib
gold_p8_batch4_topup_00957,pdf-24f5ac4311e78cff6133,gold_calib
gold_p8_batch4_topup_00958,pdf-24f6752a80d0cd9ffa9f,gold_calib
gold_p8_batch4_topup_00959,pdf-24f6752a80d0cd9ffa9f,gold_calib
gold_p8_batch4_topup_00960,pdf-24f6752a80d0cd9ffa9f,gold_calib
gold_p8_batch4_topup_00961,pdf-24f6752a80d0cd9ffa9f,gold_calib
gold_p8_batch4_topup_00968,pdf-25447ee41fca9c91b360,gold_calib
gold_p8_batch4_topup_00969,pdf-25447ee41fca9c91b360,gold_calib
gold_p8_batch4_topup_00970,pdf-25447ee41fca9c91b360,gold_calib
gold_p8_batch4_topup_00971,pdf-25447ee41fca9c91b360,gold_calib
gold_p8_batch4_topup_00993,pdf-260f1f66a70c3ba7c92b,gold_calib
gold_p8_batch4_topup_00994,pdf-260f1f66a70c3ba7c92b,gold_calib
gold_p8_batch4_topup_00995,pdf-260f1f66a70c3ba7c92b,gold_calib
gold_p8_batch4_topup_00996,pdf-260f1f66a70c3ba7c92b,gold_calib
gold_p8_batch4_topup_01031,pdf-27f4697e30cf16249d5f,gold_calib
gold_p8_batch4_topup_01032,pdf-27f4697e30cf16249d5f,gold_calib
gold_p8_batch4_topup_01033,pdf-27f4697e30cf16249d5f,gold_calib
gold_p8_batch4_topup_01060,pdf-28d7d8f5704b812f681f,gold_calib
gold_p8_batch4_topup_01061,pdf-28d7d8f5704b812f681f,gold_calib
gold_p8_batch4_topup_01062,pdf-28d7d8f5704b812f681f,gold_calib
gold_p8_batch4_topup_01080,pdf-29fd5c129a43ed185c65,gold_calib
gold_p8_batch4_topup_01081,pdf-29fd5c129a43ed185c65,gold_calib
gold_p8_batch4_topup_01082,pdf-29fd5c129a43ed185c65,gold_calib
gold_p8_batch4_topup_01083,pdf-29fd5c129a43ed185c65,gold_calib
gold_p8_batch4_topup_01131,pdf-2b554039618f7fdeadaa,gold_calib
gold_p8_batch4_topup_01132,pdf-2b554039618f7fdeadaa,gold_calib
gold_p8_batch4_topup_01133,pdf-2b554039618f7fdeadaa,gold_calib
gold_p8_batch4_topup_01134,pdf-2b75226d36e4a9c09187,gold_calib
gold_p8_batch4_topup_01135,pdf-2b75226d36e4a9c09187,gold_calib
gold_p8_batch4_topup_01136,pdf-2b75226d36e4a9c09187,gold_calib
gold_p8_batch4_topup_01137,pdf-2b75226d36e4a9c09187,gold_calib
gold_p8_batch4_topup_01141,pdf-2bfa1a1dfc33eefa9d70,gold_calib
gold_p8_batch4_topup_01142,pdf-2bfa1a1dfc33eefa9d70,gold_calib
gold_p8_batch4_topup_01143,pdf-2bfa1a1dfc33eefa9d70,gold_calib
gold_p8_batch4_topup_01144,pdf-2c31613bb0f9748e9fc0,gold_calib
gold_p8_batch4_topup_01145,pdf-2c31613bb0f9748e9fc0,gold_calib
gold_p8_batch4_topup_01150,pdf-2c8e36c86bed4febd1be,gold_calib
gold_p8_batch4_topup_01151,pdf-2c8e36c86bed4febd1be,gold_calib
gold_p8_batch4_topup_01152,pdf-2c8e36c86bed4febd1be,gold_calib
gold_p8_batch4_topup_01153,pdf-2c8e36c86bed4febd1be,gold_calib
gold_p8_batch4_topup_01176,pdf-2dd23bc6272fba15de64,gold_calib
gold_p8_batch4_topup_01177,pdf-2dd23bc6272fba15de64,gold_calib
gold_p8_batch4_topup_01185,pdf-2e490d5e13bcf57fd388,gold_calib
gold_p8_batch4_topup_01186,pdf-2e490d5e13bcf57fd388,gold_calib
gold_p8_batch4_topup_01187,pdf-2e490d5e13bcf57fd388,gold_calib
gold_p8_batch4_topup_01188,pdf-2e490d5e13bcf57fd388,gold_calib
gold_p8_batch4_topup_01203,pdf-2f183debf487d9daaf7b,gold_calib
gold_p8_batch4_topup_01204,pdf-2f183debf487d9daaf7b,gold_calib
gold_p8_batch4_topup_01205,pdf-2f183debf487d9daaf7b,gold_calib
gold_p8_batch4_topup_01213,pdf-2fb15e93d7a9492d31a4,gold_calib
gold_p8_batch4_topup_01214,pdf-2fb15e93d7a9492d31a4,gold_calib
gold_p8_batch4_topup_01227,pdf-2ff391e26f07924f1c1a,gold_calib
gold_p8_batch4_topup_01228,pdf-2ff391e26f07924f1c1a,gold_calib
gold_p8_batch4_topup_01231,pdf-3018d028b61e6814c7c1,gold_calib
gold_p8_batch4_topup_01232,pdf-3018d028b61e6814c7c1,gold_calib
gold_p8_batch4_topup_01233,pdf-3018d028b61e6814c7c1,gold_calib
gold_p8_batch4_topup_01234,pdf-3018d028b61e6814c7c1,gold_calib
gold_p8_batch4_topup_01267,pdf-311cf2be99ca6cfadb92,gold_calib
gold_p8_batch4_topup_01268,pdf-311cf2be99ca6cfadb92,gold_calib
gold_p8_batch4_topup_01269,pdf-311cf2be99ca6cfadb92,gold_calib
gold_p8_batch4_topup_01275,pdf-3172d8d082cf2ea1d9f1,gold_calib
gold_p8_batch4_topup_01276,pdf-3172d8d082cf2ea1d9f1,gold_calib
gold_p8_batch4_topup_01306,pdf-32af2d498ecb0db7c907,gold_calib
gold_p8_batch4_topup_01307,pdf-32af2d498ecb0db7c907,gold_calib
gold_p8_batch4_topup_01308,pdf-32af2d498ecb0db7c907,gold_calib
gold_p8_batch4_topup_01309,pdf-32af2d498ecb0db7c907,gold_calib
gold_p8_batch4_topup_01331,pdf-33156e971381bd9162d6,gold_calib
gold_p8_batch4_topup_01332,pdf-33156e971381bd9162d6,gold_calib
gold_p8_batch4_topup_01333,pdf-33156e971381bd9162d6,gold_calib
gold_p8_batch4_topup_01334,pdf-33156e971381bd9162d6,gold_calib
gold_p8_batch4_topup_01335,pdf-332ce86f8aa3c90114ef,gold_calib
gold_p8_batch4_topup_01336,pdf-332ce86f8aa3c90114ef,gold_calib
gold_p8_batch4_topup_01338,pdf-335396dc03685a0399d1,gold_calib
gold_p8_batch4_topup_01339,pdf-335396dc03685a0399d1,gold_calib
gold_p8_batch4_topup_01340,pdf-338180fe470b68e5da68,gold_calib
gold_p8_batch4_topup_01341,pdf-338180fe470b68e5da68,gold_calib
gold_p8_batch4_topup_01342,pdf-338180fe470b68e5da68,gold_calib
gold_p8_batch4_topup_01343,pdf-338180fe470b68e5da68,gold_calib
gold_p8_batch4_topup_01347,pdf-33ce7e2e2a70e015853e,gold_calib
gold_p8_batch4_topup_01348,pdf-33ce7e2e2a70e015853e,gold_calib
gold_p8_batch4_topup_01349,pdf-33ce7e2e2a70e015853e,gold_calib
gold_p8_batch4_topup_01350,pdf-33ce7e2e2a70e015853e,gold_calib
gold_p8_batch4_topup_01390,pdf-35f285b92d3c72327ea3,gold_calib
gold_p8_batch4_topup_01391,pdf-35f285b92d3c72327ea3,gold_calib
gold_p8_batch4_topup_01398,pdf-35fb5e62220a692c1a32,gold_calib
gold_p8_batch4_topup_01399,pdf-35fb5e62220a692c1a32,gold_calib
gold_p8_batch4_topup_01400,pdf-3627eafe947a3a11de13,gold_calib
gold_p8_batch4_topup_01401,pdf-365a2f4ee97b06d8218e,gold_calib
gold_p8_batch4_topup_01402,pdf-365a2f4ee97b06d8218e,gold_calib
gold_p8_batch4_topup_01403,pdf-365a2f4ee97b06d8218e,gold_calib
gold_p8_batch4_topup_01409,pdf-366bf14846451e0d92b6,gold_calib
gold_p8_batch4_topup_01410,pdf-366bf14846451e0d92b6,gold_calib
gold_p8_batch4_topup_01411,pdf-366bf14846451e0d92b6,gold_calib
gold_p8_batch4_topup_01412,pdf-366bf14846451e0d92b6,gold_calib
gold_p8_batch4_topup_01413,pdf-366f8d9cd2b28d145f1d,gold_calib
gold_p8_batch4_topup_01414,pdf-366f8d9cd2b28d145f1d,gold_calib
gold_p8_batch4_topup_01415,pdf-366f8d9cd2b28d145f1d,gold_calib
gold_p8_batch4_topup_01416,pdf-366f8d9cd2b28d145f1d,gold_calib
gold_p8_batch4_topup_01424,pdf-36b6b938ebe5ab6d3b63,gold_calib
gold_p8_batch4_topup_01425,pdf-36b6b938ebe5ab6d3b63,gold_calib
gold_p8_batch4_topup_01426,pdf-36b6b938ebe5ab6d3b63,gold_calib
gold_p8_batch4_topup_01427,pdf-36c428cccaef46d16e67,gold_calib
gold_p8_batch4_topup_01437,pdf-375bbfe92d0e887e2398,gold_calib
gold_p8_batch4_topup_01438,pdf-375bbfe92d0e887e2398,gold_calib
gold_p8_batch4_topup_01452,pdf-37900aebd62d3add9b40,gold_calib
gold_p8_batch4_topup_01453,pdf-37900aebd62d3add9b40,gold_calib
gold_p8_batch4_topup_01454,pdf-37900aebd62d3add9b40,gold_calib
gold_p8_batch4_topup_01459,pdf-380b7c04a8ca87b3d6ca,gold_calib
gold_p8_batch4_topup_01460,pdf-380b7c04a8ca87b3d6ca,gold_calib
gold_p8_batch4_topup_01461,pdf-380b7c04a8ca87b3d6ca,gold_calib
gold_p8_batch4_topup_01470,pdf-38492ba8db2a413e512f,gold_calib
gold_p8_batch4_topup_01471,pdf-38492ba8db2a413e512f,gold_calib
gold_p8_batch4_topup_01501,pdf-38f95aafc6d46e5a6656,gold_calib
gold_p8_batch4_topup_01502,pdf-38f95aafc6d46e5a6656,gold_calib
gold_p8_batch4_topup_01503,pdf-38f95aafc6d46e5a6656,gold_calib
gold_p8_batch4_topup_01504,pdf-38f95aafc6d46e5a6656,gold_calib
gold_p8_batch4_topup_01511,pdf-396025c650bad523a83e,gold_calib
gold_p8_batch4_topup_01512,pdf-396025c650bad523a83e,gold_calib
gold_p8_batch4_topup_01513,pdf-396025c650bad523a83e,gold_calib
gold_p8_batch4_topup_01524,pdf-39be913fba715aefaf5d,gold_calib
gold_p8_batch4_topup_01525,pdf-39be913fba715aefaf5d,gold_calib
gold_p8_batch4_topup_01552,pdf-3a7f66a116773add733b,gold_calib
gold_p8_batch4_topup_01553,pdf-3a7f66a116773add733b,gold_calib
gold_p8_batch4_topup_01554,pdf-3a7f66a116773add733b,gold_calib
gold_p8_batch4_topup_01555,pdf-3a7f66a116773add733b,gold_calib
gold_p8_batch4_topup_01568,pdf-3b5e3d9c768572465cde,gold_calib
gold_p8_batch4_topup_01569,pdf-3b5e3d9c768572465cde,gold_calib
gold_p8_batch4_topup_01570,pdf-3b5e3d9c768572465cde,gold_calib
gold_p8_batch4_topup_01571,pdf-3b5e3d9c768572465cde,gold_calib
gold_p8_batch4_topup_01578,pdf-3bad2c34356124f7b04f,gold_calib
gold_p8_batch4_topup_01579,pdf-3bad2c34356124f7b04f,gold_calib
gold_p8_batch4_topup_01580,pdf-3bad2c34356124f7b04f,gold_calib
gold_p8_batch4_topup_01610,pdf-3cbd222f3c65411cabc6,gold_calib
gold_p8_batch4_topup_01611,pdf-3ce9fe94854ec18f4b2b,gold_calib
gold_p8_batch4_topup_01625,pdf-3d6cc8b0fa9840c4a697,gold_calib
gold_p8_batch4_topup_01626,pdf-3d6cc8b0fa9840c4a697,gold_calib
gold_p8_batch4_topup_01627,pdf-3d6cc8b0fa9840c4a697,gold_calib
gold_p8_batch4_topup_01628,pdf-3d6cc8b0fa9840c4a697,gold_calib
gold_p8_batch4_topup_01660,pdf-3ebc50f130e166586390,gold_calib
gold_p8_batch4_topup_01661,pdf-3ebc50f130e166586390,gold_calib
gold_p8_batch4_topup_01662,pdf-3ebc50f130e166586390,gold_calib
gold_p8_batch4_topup_01665,pdf-3ed33056964fad4ead6a,gold_calib
gold_p8_batch4_topup_01666,pdf-3ed33056964fad4ead6a,gold_calib
gold_p8_batch4_topup_01667,pdf-3ed33056964fad4ead6a,gold_calib
gold_p8_batch4_topup_01672,pdf-3f35dccd5bfcbe7944a6,gold_calib
gold_p8_batch4_topup_01673,pdf-3f35dccd5bfcbe7944a6,gold_calib
gold_p8_batch4_topup_01679,pdf-3f521eb221aad803e484,gold_calib
gold_p8_batch4_topup_01680,pdf-3f521eb221aad803e484,gold_calib
gold_p8_batch4_topup_01687,pdf-3ffbadaa4998ac0f99ac,gold_calib
gold_p8_batch4_topup_01704,pdf-406507c37fc7293d6ada,gold_calib
gold_p8_batch4_topup_01705,pdf-406507c37fc7293d6ada,gold_calib
gold_p8_batch4_topup_01716,pdf-40b4a3a32732b9a9140c,gold_calib
gold_p8_batch4_topup_01717,pdf-40b4a3a32732b9a9140c,gold_calib
gold_p8_batch4_topup_01718,pdf-40b4a3a32732b9a9140c,gold_calib
gold_p8_batch4_topup_01719,pdf-40b4a3a32732b9a9140c,gold_calib
gold_p8_batch4_topup_01737,pdf-411677bf65df422227d7,gold_calib
gold_p8_batch4_topup_01738,pdf-411677bf65df422227d7,gold_calib
gold_p8_batch4_topup_01739,pdf-411677bf65df422227d7,gold_calib
gold_p8_batch4_topup_01744,pdf-416a66ce7ce1076519b8,gold_calib
gold_p8_batch4_topup_01745,pdf-416a66ce7ce1076519b8,gold_calib
gold_p8_batch4_topup_01746,pdf-416a66ce7ce1076519b8,gold_calib
gold_p8_batch4_topup_01768,pdf-420c1c4ddf0e83869554,gold_calib
gold_p8_batch4_topup_01769,pdf-420c1c4ddf0e83869554,gold_calib
gold_p8_batch4_topup_01770,pdf-420c1c4ddf0e83869554,gold_calib
gold_p8_batch4_topup_01771,pdf-420c1c4ddf0e83869554,gold_calib
gold_p8_batch4_topup_01782,pdf-423ec1fc619b4d8fe721,gold_calib
gold_p8_batch4_topup_01783,pdf-423ec1fc619b4d8fe721,gold_calib
gold_p8_batch4_topup_01784,pdf-423ec1fc619b4d8fe721,gold_calib
gold_p8_batch4_topup_01785,pdf-423ec1fc619b4d8fe721,gold_calib
gold_p8_batch4_topup_01796,pdf-42e642cd7e69cb78e869,gold_calib
gold_p8_batch4_topup_01797,pdf-42e642cd7e69cb78e869,gold_calib
gold_p8_batch4_topup_01832,pdf-442142e0fe3edd9781b5,gold_calib
gold_p8_batch4_topup_01834,pdf-442142e0fe3edd9781b5,gold_calib
gold_p8_batch4_topup_01835,pdf-442142e0fe3edd9781b5,gold_calib
gold_p8_batch4_topup_01838,pdf-4456e4009e0ce915e269,gold_calib
gold_p8_batch4_topup_01839,pdf-4456e4009e0ce915e269,gold_calib
gold_p8_batch4_topup_01840,pdf-4463ac2d6134bb8ba416,gold_calib
gold_p8_batch4_topup_01841,pdf-4463ac2d6134bb8ba416,gold_calib
gold_p8_batch4_topup_01849,pdf-449a9765ec89ecf26bc9,gold_calib
gold_p8_batch4_topup_01850,pdf-449a9765ec89ecf26bc9,gold_calib
gold_p8_batch4_topup_01869,pdf-459523bf0e7bb6da7cb7,gold_calib
gold_p8_batch4_topup_01870,pdf-459523bf0e7bb6da7cb7,gold_calib
gold_p8_batch4_topup_01871,pdf-459523bf0e7bb6da7cb7,gold_calib
gold_p8_batch4_topup_01872,pdf-459523bf0e7bb6da7cb7,gold_calib
gold_p8_batch4_topup_01873,pdf-459feffcc35c8819ee79,gold_calib
gold_p8_batch4_topup_01880,pdf-45dbc40bf01e8894c5b0,gold_calib
gold_p8_batch4_topup_01883,pdf-46557ed1fd0c87cf0681,gold_calib
gold_p8_batch4_topup_01884,pdf-46557ed1fd0c87cf0681,gold_calib
gold_p8_batch4_topup_01890,pdf-4671dc3ecd377975d35e,gold_calib
gold_p8_batch4_topup_01891,pdf-4671dc3ecd377975d35e,gold_calib
gold_p8_batch4_topup_01893,pdf-46a6eb4506765e1614ae,gold_calib
gold_p8_batch4_topup_01894,pdf-46a6eb4506765e1614ae,gold_calib
gold_p8_batch4_topup_01895,pdf-46a6eb4506765e1614ae,gold_calib
gold_p8_batch4_topup_01916,pdf-479562a4b84d48566a1b,gold_calib
gold_p8_batch4_topup_01931,pdf-47f82d7336c86bfe153e,gold_calib
gold_p8_batch4_topup_01932,pdf-47f82d7336c86bfe153e,gold_calib
gold_p8_batch4_topup_01942,pdf-483dbd7c4025ace71db7,gold_calib
gold_p8_batch4_topup_01943,pdf-483dbd7c4025ace71db7,gold_calib
gold_p8_batch4_topup_01948,pdf-48656f4ce2a8d96339eb,gold_calib
gold_p8_batch4_topup_01949,pdf-48656f4ce2a8d96339eb,gold_calib
gold_p8_batch4_topup_01994,pdf-49caee44285bc6925e57,gold_calib
gold_p8_batch4_topup_01995,pdf-49caee44285bc6925e57,gold_calib
gold_p8_batch4_topup_02020,pdf-4a5e0154d3b9ac70cb3a,gold_calib
gold_p8_batch4_topup_02021,pdf-4a5e0154d3b9ac70cb3a,gold_calib
gold_p8_batch4_topup_02022,pdf-4a5e0154d3b9ac70cb3a,gold_calib
gold_p8_batch4_topup_02023,pdf-4a5e0154d3b9ac70cb3a,gold_calib
gold_p8_batch4_topup_02024,pdf-4a6232b1120a6f6a8f83,gold_calib
gold_p8_batch4_topup_02025,pdf-4a6232b1120a6f6a8f83,gold_calib
gold_p8_batch4_topup_02032,pdf-4aa42096fadec4c74771,gold_calib
gold_p8_batch4_topup_02033,pdf-4aa42096fadec4c74771,gold_calib
gold_p8_batch4_topup_02034,pdf-4ab6db1ec347e0ec63bc,gold_calib
gold_p8_batch4_topup_02035,pdf-4ab6db1ec347e0ec63bc,gold_calib
gold_p8_batch4_topup_02036,pdf-4ab6db1ec347e0ec63bc,gold_calib
gold_p8_batch4_topup_02037,pdf-4ab6db1ec347e0ec63bc,gold_calib
gold_p8_batch4_topup_02039,pdf-4ad045f90ee889eb882a,gold_calib
gold_p8_batch4_topup_02047,pdf-4ae91867da4808b53752,gold_calib
gold_p8_batch4_topup_02048,pdf-4ae91867da4808b53752,gold_calib
gold_p8_batch4_topup_02049,pdf-4ae91867da4808b53752,gold_calib
gold_p8_batch4_topup_02050,pdf-4ae91867da4808b53752,gold_calib
gold_p8_batch4_topup_02066,pdf-4ba4377d95e6833be065,gold_calib
gold_p8_batch4_topup_02067,pdf-4ba4377d95e6833be065,gold_calib
gold_p8_batch4_topup_02068,pdf-4ba4377d95e6833be065,gold_calib
gold_p8_batch4_topup_02069,pdf-4ba4377d95e6833be065,gold_calib
gold_p8_batch4_topup_02070,pdf-4bd72b8326a9773b1220,gold_calib
gold_p8_batch4_topup_02071,pdf-4bd72b8326a9773b1220,gold_calib
gold_p8_batch4_topup_02072,pdf-4bd72b8326a9773b1220,gold_calib
gold_p8_batch4_topup_02073,pdf-4c082c03ba9b8ea9c425,gold_calib
gold_p8_batch4_topup_02074,pdf-4c082c03ba9b8ea9c425,gold_calib
gold_p8_batch4_topup_02083,pdf-4c61a4d2d87e4893ff7b,gold_calib
gold_p8_batch4_topup_02084,pdf-4c61a4d2d87e4893ff7b,gold_calib
gold_p8_batch4_topup_02085,pdf-4c61a4d2d87e4893ff7b,gold_calib
gold_p8_batch4_topup_02086,pdf-4c61a4d2d87e4893ff7b,gold_calib
gold_p8_batch4_topup_02095,pdf-4c8cf18623297a54a2b5,gold_calib
gold_p8_batch4_topup_02096,pdf-4c8cf18623297a54a2b5,gold_calib
gold_p8_batch4_topup_02097,pdf-4c8cf18623297a54a2b5,gold_calib
gold_p8_batch4_topup_02109,pdf-4cffff8ec7d936d55003,gold_calib
gold_p8_batch4_topup_02110,pdf-4cffff8ec7d936d55003,gold_calib
gold_p8_batch4_topup_02129,pdf-4d56c27634303886c499,gold_calib
gold_p8_batch4_topup_02130,pdf-4d56c27634303886c499,gold_calib
gold_p8_batch4_topup_02131,pdf-4d56c27634303886c499,gold_calib
gold_p8_batch4_topup_02132,pdf-4d56c27634303886c499,gold_calib
gold_p8_batch4_topup_02140,pdf-4dec8bc3130c9a0249a6,gold_calib
gold_p8_batch4_topup_02141,pdf-4dec8bc3130c9a0249a6,gold_calib
gold_p8_batch4_topup_02146,pdf-4df69e09c4b1a803a97c,gold_calib
gold_p8_batch4_topup_02147,pdf-4df69e09c4b1a803a97c,gold_calib
gold_p8_batch4_topup_02148,pdf-4df69e09c4b1a803a97c,gold_calib
gold_p8_batch4_topup_02149,pdf-4e61cef905e94e500a3c,gold_calib
gold_p8_batch4_topup_02150,pdf-4e61cef905e94e500a3c,gold_calib
gold_p8_batch4_topup_02151,pdf-4e61cef905e94e500a3c,gold_calib
gold_p8_batch4_topup_02152,pdf-4e61cef905e94e500a3c,gold_calib
gold_p8_batch4_topup_02168,pdf-4f655ae3464190110974,gold_calib
gold_p8_batch4_topup_02169,pdf-4f655ae3464190110974,gold_calib
gold_p8_batch4_topup_02170,pdf-4f655ae3464190110974,gold_calib
gold_p8_batch4_topup_02171,pdf-4f655ae3464190110974,gold_calib
gold_p8_batch4_topup_02174,pdf-4f7224d37414b7bb9cc7,gold_calib
gold_p8_batch4_topup_02175,pdf-4f7224d37414b7bb9cc7,gold_calib
gold_p8_batch4_topup_02176,pdf-4f7224d37414b7bb9cc7,gold_calib
gold_p8_batch4_topup_02199,pdf-505eeb1c054b85597244,gold_calib
gold_p8_batch4_topup_02200,pdf-505eeb1c054b85597244,gold_calib
gold_p8_batch4_topup_02201,pdf-505eeb1c054b85597244,gold_calib
gold_p8_batch4_topup_02207,pdf-506c2e853db02ea67383,gold_calib
gold_p8_batch4_topup_02208,pdf-506c2e853db02ea67383,gold_calib
gold_p8_batch4_topup_02218,pdf-50b68eccc793c0f57241,gold_calib
gold_p8_batch4_topup_02219,pdf-50b68eccc793c0f57241,gold_calib
gold_p8_batch4_topup_02231,pdf-515ecf52dea7acc73713,gold_calib
gold_p8_batch4_topup_02232,pdf-515ecf52dea7acc73713,gold_calib
gold_p8_batch4_topup_02236,pdf-517012da480652718247,gold_calib
gold_p8_batch4_topup_02237,pdf-517012da480652718247,gold_calib
gold_p8_batch4_topup_02238,pdf-517012da480652718247,gold_calib
gold_p8_batch4_topup_02239,pdf-517012da480652718247,gold_calib
gold_p8_batch4_topup_02264,pdf-52619896c8e5a7701555,gold_calib
gold_p8_batch4_topup_02265,pdf-52619896c8e5a7701555,gold_calib
gold_p8_batch4_topup_02266,pdf-52619896c8e5a7701555,gold_calib
gold_p8_batch4_topup_02275,pdf-52bcdb80359e5fa99bc4,gold_calib
gold_p8_batch4_topup_02276,pdf-52bcdb80359e5fa99bc4,gold_calib
gold_p8_batch4_topup_02277,pdf-52bcdb80359e5fa99bc4,gold_calib
gold_p8_batch4_topup_02305,pdf-53780162b5a6eaa0fb0f,gold_calib
gold_p8_batch4_topup_02306,pdf-538cd238bba4ca22f0b0,gold_calib
gold_p8_batch4_topup_02307,pdf-538cd238bba4ca22f0b0,gold_calib
gold_p8_batch4_topup_02308,pdf-538cd238bba4ca22f0b0,gold_calib
gold_p8_batch4_topup_02325,pdf-5448caf920e069dca84f,gold_calib
gold_p8_batch4_topup_02326,pdf-5448caf920e069dca84f,gold_calib
gold_p8_batch4_topup_02327,pdf-5448caf920e069dca84f,gold_calib
gold_p8_batch4_topup_02354,pdf-554e446de5af0fb34228,gold_calib
gold_p8_batch4_topup_02355,pdf-554e446de5af0fb34228,gold_calib
gold_p8_batch4_topup_02356,pdf-556ca59c3ccad876fbc0,gold_calib
gold_p8_batch4_topup_02357,pdf-556ca59c3ccad876fbc0,gold_calib
gold_p8_batch4_topup_02358,pdf-556ca59c3ccad876fbc0,gold_calib
gold_p8_batch4_topup_02359,pdf-556ca59c3ccad876fbc0,gold_calib
gold_p8_batch4_topup_02360,pdf-5587b38429a4e943dcad,gold_calib
gold_p8_batch4_topup_02384,pdf-5628deee12055e5380d1,gold_calib
gold_p8_batch4_topup_02391,pdf-5656500b071161cfc73c,gold_calib
gold_p8_batch4_topup_02392,pdf-5656500b071161cfc73c,gold_calib
gold_p8_batch4_topup_02393,pdf-5656500b071161cfc73c,gold_calib
gold_p8_batch4_topup_02394,pdf-5656500b071161cfc73c,gold_calib
gold_p8_batch4_topup_02395,pdf-56635e746489b02fd97c,gold_calib
gold_p8_batch4_topup_02396,pdf-56635e746489b02fd97c,gold_calib
gold_p8_batch4_topup_02402,pdf-567552d3145d12503478,gold_calib
gold_p8_batch4_topup_02403,pdf-567552d3145d12503478,gold_calib
gold_p8_batch4_topup_02408,pdf-56964856f5e22a25f364,gold_calib
gold_p8_batch4_topup_02409,pdf-56964856f5e22a25f364,gold_calib
gold_p8_batch4_topup_02410,pdf-56964856f5e22a25f364,gold_calib
gold_p8_batch4_topup_02411,pdf-56964856f5e22a25f364,gold_calib
gold_p8_batch4_topup_02426,pdf-57419500bf462e91431e,gold_calib
gold_p8_batch4_topup_02427,pdf-57419500bf462e91431e,gold_calib
gold_p8_batch4_topup_02428,pdf-57419500bf462e91431e,gold_calib
gold_p8_batch4_topup_02429,pdf-57419500bf462e91431e,gold_calib
gold_p8_batch4_topup_02457,pdf-5838fdf52d84f8b82c55,gold_calib
gold_p8_batch4_topup_02468,pdf-58957fe25ce3a7aa6d83,gold_calib
gold_p8_batch4_topup_02469,pdf-58957fe25ce3a7aa6d83,gold_calib
gold_p8_batch4_topup_02470,pdf-58957fe25ce3a7aa6d83,gold_calib
gold_p8_batch4_topup_02516,pdf-59f6af88e8df4d7388ac,gold_calib
gold_p8_batch4_topup_02517,pdf-59f6af88e8df4d7388ac,gold_calib
gold_p8_batch4_topup_02521,pdf-5a23ba1e866dd988cb2a,gold_calib
gold_p8_batch4_topup_02554,pdf-5b40d96544eb5ca3339d,gold_calib
gold_p8_batch4_topup_02555,pdf-5b40d96544eb5ca3339d,gold_calib
gold_p8_batch4_topup_02556,pdf-5b40d96544eb5ca3339d,gold_calib
gold_p8_batch4_topup_02592,pdf-5c348165ed997d016553,gold_calib
gold_p8_batch4_topup_02618,pdf-5d429cbfab8eda51c858,gold_calib
gold_p8_batch4_topup_02626,pdf-5d672e72ed8aeab9a91d,gold_calib
gold_p8_batch4_topup_02627,pdf-5d672e72ed8aeab9a91d,gold_calib
gold_p8_batch4_topup_02628,pdf-5d672e72ed8aeab9a91d,gold_calib
gold_p8_batch4_topup_02636,pdf-5d801a1e6567d908dd53,gold_calib
gold_p8_batch4_topup_02641,pdf-5db243b98c7ff7a6f1a9,gold_calib
gold_p8_batch4_topup_02642,pdf-5db243b98c7ff7a6f1a9,gold_calib
gold_p8_batch4_topup_02643,pdf-5db243b98c7ff7a6f1a9,gold_calib
gold_p8_batch4_topup_02644,pdf-5db243b98c7ff7a6f1a9,gold_calib
gold_p8_batch4_topup_02673,pdf-5ec3ba4da253b2779de6,gold_calib
gold_p8_batch4_topup_02674,pdf-5ec3ba4da253b2779de6,gold_calib
gold_p8_batch4_topup_02707,pdf-606f115387a5d400d5b5,gold_calib
gold_p8_batch4_topup_02708,pdf-606f115387a5d400d5b5,gold_calib
gold_p8_batch4_topup_02710,pdf-60bd96503be7f5f46594,gold_calib
gold_p8_batch4_topup_02723,pdf-61abdfe9a4f63d2a4309,gold_calib
gold_p8_batch4_topup_02724,pdf-61abdfe9a4f63d2a4309,gold_calib
gold_p8_batch4_topup_02732,pdf-62080876328ef7b039bd,gold_calib
gold_p8_batch4_topup_02733,pdf-62080876328ef7b039bd,gold_calib
gold_p8_batch4_topup_02734,pdf-624b3d12c7bc955d51c4,gold_calib
gold_p8_batch4_topup_02735,pdf-624b3d12c7bc955d51c4,gold_calib
gold_p8_batch4_topup_02736,pdf-624b3d12c7bc955d51c4,gold_calib
gold_p8_batch4_topup_02737,pdf-624b3d12c7bc955d51c4,gold_calib
gold_p8_batch4_topup_02746,pdf-62981dd19d4f3c105a68,gold_calib
gold_p8_batch4_topup_02747,pdf-62981dd19d4f3c105a68,gold_calib
gold_p8_batch4_topup_02748,pdf-62981dd19d4f3c105a68,gold_calib
gold_p8_batch4_topup_02767,pdf-6337fd419319d5eaf0ad,gold_calib
gold_p8_batch4_topup_02768,pdf-6337fd419319d5eaf0ad,gold_calib
gold_p8_batch4_topup_02769,pdf-6337fd419319d5eaf0ad,gold_calib
gold_p8_batch4_topup_02770,pdf-6337fd419319d5eaf0ad,gold_calib
gold_p8_batch4_topup_02784,pdf-63c687602efd422e7304,gold_calib
gold_p8_batch4_topup_02785,pdf-63c687602efd422e7304,gold_calib
gold_p8_batch4_topup_02786,pdf-63c687602efd422e7304,gold_calib
gold_p8_batch4_topup_02808,pdf-64746908afb6d3308d96,gold_calib
gold_p8_batch4_topup_02809,pdf-64746908afb6d3308d96,gold_calib
gold_p8_batch4_topup_02810,pdf-64746908afb6d3308d96,gold_calib
gold_p8_batch4_topup_02815,pdf-64774b7a84977d199402,gold_calib
gold_p8_batch4_topup_02816,pdf-64774b7a84977d199402,gold_calib
gold_p8_batch4_topup_02817,pdf-64774b7a84977d199402,gold_calib
gold_p8_batch4_topup_02831,pdf-650f94dea0144ba1c97a,gold_calib
gold_p8_batch4_topup_02832,pdf-650f94dea0144ba1c97a,gold_calib
gold_p8_batch4_topup_02848,pdf-6566f36f910d73145fd8,gold_calib
gold_p8_batch4_topup_02849,pdf-6566f36f910d73145fd8,gold_calib
gold_p8_batch4_topup_02868,pdf-65c2a4e343f4e8adaf40,gold_calib
gold_p8_batch4_topup_02870,pdf-65ca670df72610d1d8db,gold_calib
gold_p8_batch4_topup_02871,pdf-65ca670df72610d1d8db,gold_calib
gold_p8_batch4_topup_02872,pdf-65ca670df72610d1d8db,gold_calib
gold_p8_batch4_topup_02873,pdf-65ca670df72610d1d8db,gold_calib
gold_p8_batch4_topup_02902,pdf-6702f530ae9174a91fa5,gold_calib
gold_p8_batch4_topup_02903,pdf-6702f530ae9174a91fa5,gold_calib
gold_p8_batch4_topup_02904,pdf-6702f530ae9174a91fa5,gold_calib
gold_p8_batch4_topup_02905,pdf-6702f530ae9174a91fa5,gold_calib
gold_p8_batch4_topup_02915,pdf-67547a9d05076fe88a40,gold_calib
gold_p8_batch4_topup_02916,pdf-67547a9d05076fe88a40,gold_calib
gold_p8_batch4_topup_02917,pdf-67547a9d05076fe88a40,gold_calib
gold_p8_batch4_topup_02932,pdf-67be9c2f1a4faa32c51c,gold_calib
gold_p8_batch4_topup_02933,pdf-67be9c2f1a4faa32c51c,gold_calib
gold_p8_batch4_topup_02934,pdf-67be9c2f1a4faa32c51c,gold_calib
gold_p8_batch4_topup_02943,pdf-6866dfc4d79151f4ac57,gold_calib
gold_p8_batch4_topup_02944,pdf-6866dfc4d79151f4ac57,gold_calib
gold_p8_batch4_topup_02945,pdf-6866dfc4d79151f4ac57,gold_calib
gold_p8_batch4_topup_02954,pdf-68bebbab1f7ed17b64e7,gold_calib
gold_p8_batch4_topup_02958,pdf-68f0d392c53b090e1e07,gold_calib
gold_p8_batch4_topup_02959,pdf-68f0d392c53b090e1e07,gold_calib
gold_p8_batch4_topup_02974,pdf-69817ae03a1288dc265e,gold_calib
gold_p8_batch4_topup_02975,pdf-69817ae03a1288dc265e,gold_calib
gold_p8_batch4_topup_02976,pdf-69817ae03a1288dc265e,gold_calib
gold_p8_batch4_topup_02977,pdf-698293feb6244b54a6c3,gold_calib
gold_p8_batch4_topup_02978,pdf-698293feb6244b54a6c3,gold_calib
gold_p8_batch4_topup_02979,pdf-6986a6e63906135aea56,gold_calib
gold_p8_batch4_topup_02980,pdf-6986a6e63906135aea56,gold_calib
gold_p8_batch4_topup_02981,pdf-699844c082e0e38e053e,gold_calib
gold_p8_batch4_topup_02985,pdf-6a29af8c348923f4aba6,gold_calib
gold_p8_batch4_topup_02986,pdf-6a29af8c348923f4aba6,gold_calib
gold_p8_batch4_topup_02987,pdf-6a29af8c348923f4aba6,gold_calib
gold_p8_batch4_topup_02988,pdf-6a29af8c348923f4aba6,gold_calib
gold_p8_batch4_topup_02999,pdf-6acda6b93beaceaf43ab,gold_calib
gold_p8_batch4_topup_03000,pdf-6acda6b93beaceaf43ab,gold_calib
gold_p8_batch4_topup_03038,pdf-6b7af23d14217e215ef3,gold_calib
gold_p8_batch4_topup_03062,pdf-6c16f4466db0eee42c7c,gold_calib
gold_p8_batch4_topup_03063,pdf-6c16f4466db0eee42c7c,gold_calib
gold_p8_batch4_topup_03064,pdf-6c16f4466db0eee42c7c,gold_calib
gold_p8_batch4_topup_03065,pdf-6c16f4466db0eee42c7c,gold_calib
gold_p8_batch4_topup_03075,pdf-6c35bd1929135d04f419,gold_calib
gold_p8_batch4_topup_03076,pdf-6c35bd1929135d04f419,gold_calib
gold_p8_batch4_topup_03077,pdf-6c35bd1929135d04f419,gold_calib
gold_p8_batch4_topup_03080,pdf-6cad0ee75f00f0f1ab93,gold_calib
gold_p8_batch4_topup_03081,pdf-6cad0ee75f00f0f1ab93,gold_calib
gold_p8_batch4_topup_03082,pdf-6cad0ee75f00f0f1ab93,gold_calib
gold_p8_batch4_topup_03083,pdf-6cad0ee75f00f0f1ab93,gold_calib
gold_p8_batch4_topup_03088,pdf-6ccad864271b5f0d51d7,gold_calib
gold_p8_batch4_topup_03089,pdf-6ccad864271b5f0d51d7,gold_calib
gold_p8_batch4_topup_03094,pdf-6cfedb0c78eaf180226c,gold_calib
gold_p8_batch4_topup_03095,pdf-6cfedb0c78eaf180226c,gold_calib
gold_p8_batch4_topup_03096,pdf-6d028a325992028466bb,gold_calib
gold_p8_batch4_topup_03097,pdf-6d028a325992028466bb,gold_calib
gold_p8_batch4_topup_03098,pdf-6d028a325992028466bb,gold_calib
gold_p8_batch4_topup_03099,pdf-6d028a325992028466bb,gold_calib
gold_p8_batch4_topup_03126,pdf-6e0f3f260ed375434286,gold_calib
gold_p8_batch4_topup_03127,pdf-6e0f3f260ed375434286,gold_calib
gold_p8_batch4_topup_03128,pdf-6e0f3f260ed375434286,gold_calib
gold_p8_batch4_topup_03139,pdf-6e516c61973a961c590a,gold_calib
gold_p8_batch4_topup_03140,pdf-6e516c61973a961c590a,gold_calib
gold_p8_batch4_topup_03141,pdf-6e516c61973a961c590a,gold_calib
gold_p8_batch4_topup_03142,pdf-6e5d5d5c80db14181a2a,gold_calib
gold_p8_batch4_topup_03143,pdf-6e5d5d5c80db14181a2a,gold_calib
gold_p8_batch4_topup_03144,pdf-6e5d5d5c80db14181a2a,gold_calib
gold_p8_batch4_topup_03145,pdf-6e5d5d5c80db14181a2a,gold_calib
gold_p8_batch4_topup_03146,pdf-6e634922fd1b40317500,gold_calib
gold_p8_batch4_topup_03147,pdf-6e634922fd1b40317500,gold_calib
gold_p8_batch4_topup_03148,pdf-6e634922fd1b40317500,gold_calib
gold_p8_batch4_topup_03152,pdf-6eb910516ccaa64f0f63,gold_calib
gold_p8_batch4_topup_03153,pdf-6eb910516ccaa64f0f63,gold_calib
gold_p8_batch4_topup_03154,pdf-6eb910516ccaa64f0f63,gold_calib
gold_p8_batch4_topup_03155,pdf-6eb910516ccaa64f0f63,gold_calib
gold_p8_batch4_topup_03164,pdf-6f3fc7e5069923b14864,gold_calib
gold_p8_batch4_topup_03165,pdf-6f3fc7e5069923b14864,gold_calib
gold_p8_batch4_topup_03166,pdf-6f3fc7e5069923b14864,gold_calib
gold_p8_batch4_topup_03167,pdf-6f3fc7e5069923b14864,gold_calib
gold_p8_batch4_topup_03206,pdf-70055931a42127180fa2,gold_calib
gold_p8_batch4_topup_03207,pdf-70055931a42127180fa2,gold_calib
gold_p8_batch4_topup_03220,pdf-70646a0c8756146dae21,gold_calib
gold_p8_batch4_topup_03236,pdf-70c2935cd78353cd686f,gold_calib
gold_p8_batch4_topup_03237,pdf-70c2935cd78353cd686f,gold_calib
gold_p8_batch4_topup_03238,pdf-70c2935cd78353cd686f,gold_calib
gold_p8_batch4_topup_03239,pdf-70c2935cd78353cd686f,gold_calib
gold_p8_batch4_topup_03245,pdf-70dc0408baaf5c84d4b9,gold_calib
gold_p8_batch4_topup_03246,pdf-70dc0408baaf5c84d4b9,gold_calib
gold_p8_batch4_topup_03254,pdf-716ebf452b1e1ec0b23b,gold_calib
gold_p8_batch4_topup_03282,pdf-725c7e89c02330da0949,gold_calib
gold_p8_batch4_topup_03283,pdf-725c7e89c02330da0949,gold_calib
gold_p8_batch4_topup_03284,pdf-725c7e89c02330da0949,gold_calib
gold_p8_batch4_topup_03289,pdf-728ced1a72fcd6d2e986,gold_calib
gold_p8_batch4_topup_03290,pdf-728ced1a72fcd6d2e986,gold_calib
gold_p8_batch4_topup_03291,pdf-728ced1a72fcd6d2e986,gold_calib
gold_p8_batch4_topup_03292,pdf-728ced1a72fcd6d2e986,gold_calib
gold_p8_batch4_topup_03293,pdf-7295e6fbf6c70be1ae4f,gold_calib
gold_p8_batch4_topup_03294,pdf-7295e6fbf6c70be1ae4f,gold_calib
gold_p8_batch4_topup_03295,pdf-7295e6fbf6c70be1ae4f,gold_calib
gold_p8_batch4_topup_03315,pdf-7364e64444784758f89e,gold_calib
gold_p8_batch4_topup_03316,pdf-7364e64444784758f89e,gold_calib
gold_p8_batch4_topup_03369,pdf-759fcb057ec4de4d2175,gold_calib
gold_p8_batch4_topup_03370,pdf-759fcb057ec4de4d2175,gold_calib
gold_p8_batch4_topup_03371,pdf-75aeca7216ebf1d49706,gold_calib
gold_p8_batch4_topup_03372,pdf-75aeca7216ebf1d49706,gold_calib
gold_p8_batch4_topup_03373,pdf-75aeca7216ebf1d49706,gold_calib
gold_p8_batch4_topup_03374,pdf-75aeca7216ebf1d49706,gold_calib
gold_p8_batch4_topup_03380,pdf-75d9f9d6e91b5d77b25f,gold_calib
gold_p8_batch4_topup_03381,pdf-75d9f9d6e91b5d77b25f,gold_calib
gold_p8_batch4_topup_03394,pdf-76a43c8b16f7d28f62cb,gold_calib
gold_p8_batch4_topup_03423,pdf-77c1a5a7dc37fb8bbc82,gold_calib
gold_p8_batch4_topup_03430,pdf-7854b374a2c91882994c,gold_calib
gold_p8_batch4_topup_03431,pdf-7854b374a2c91882994c,gold_calib
gold_p8_batch4_topup_03432,pdf-7854b374a2c91882994c,gold_calib
gold_p8_batch4_topup_03433,pdf-7854b374a2c91882994c,gold_calib
gold_p8_batch4_topup_03436,pdf-7890ce5ee81b3d6594f4,gold_calib
gold_p8_batch4_topup_03437,pdf-7890ce5ee81b3d6594f4,gold_calib
gold_p8_batch4_topup_03438,pdf-7890ce5ee81b3d6594f4,gold_calib
gold_p8_batch4_topup_03441,pdf-78e9d95b462f2b0a7d91,gold_calib
gold_p8_batch4_topup_03442,pdf-78e9d95b462f2b0a7d91,gold_calib
gold_p8_batch4_topup_03443,pdf-78f234a8cdbf43f9aab0,gold_calib
gold_p8_batch4_topup_03444,pdf-78f234a8cdbf43f9aab0,gold_calib
gold_p8_batch4_topup_03445,pdf-78f234a8cdbf43f9aab0,gold_calib
gold_p8_batch4_topup_03450,pdf-7922f4f2c4f4f05011ce,gold_calib
gold_p8_batch4_topup_03462,pdf-79a44a3729d11e89c854,gold_calib
gold_p8_batch4_topup_03463,pdf-79a44a3729d11e89c854,gold_calib
gold_p8_batch4_topup_03484,pdf-7a485799b1381bd327b8,gold_calib
gold_p8_batch4_topup_03485,pdf-7a485799b1381bd327b8,gold_calib
gold_p8_batch4_topup_03486,pdf-7a485799b1381bd327b8,gold_calib
gold_p8_batch4_topup_03520,pdf-7b27ac5cc961fe09e994,gold_calib
gold_p8_batch4_topup_03526,pdf-7b337db3ceac17d4cd9d,gold_calib
gold_p8_batch4_topup_03527,pdf-7b337db3ceac17d4cd9d,gold_calib
gold_p8_batch4_topup_03528,pdf-7b337db3ceac17d4cd9d,gold_calib
gold_p8_batch4_topup_03529,pdf-7b337db3ceac17d4cd9d,gold_calib
gold_p8_batch4_topup_03530,pdf-7b36fcf0bd1c61b09d02,gold_calib
gold_p8_batch4_topup_03531,pdf-7b36fcf0bd1c61b09d02,gold_calib
gold_p8_batch4_topup_03532,pdf-7b36fcf0bd1c61b09d02,gold_calib
gold_p8_batch4_topup_03533,pdf-7b36fcf0bd1c61b09d02,gold_calib
gold_p8_batch4_topup_03553,pdf-7b8fdd29f0578e2e9c93,gold_calib
gold_p8_batch4_topup_03563,pdf-7bec36216bed4a9920bc,gold_calib
gold_p8_batch4_topup_03564,pdf-7bec36216bed4a9920bc,gold_calib
gold_p8_batch4_topup_03565,pdf-7bec36216bed4a9920bc,gold_calib
gold_p8_batch4_topup_03566,pdf-7bec36216bed4a9920bc,gold_calib
gold_p8_batch4_topup_03574,pdf-7c06ef3753cd612ef8d0,gold_calib
gold_p8_batch4_topup_03575,pdf-7c06ef3753cd612ef8d0,gold_calib
gold_p8_batch4_topup_03581,pdf-7c174036ddc7b8bbecfe,gold_calib
gold_p8_batch4_topup_03582,pdf-7c174036ddc7b8bbecfe,gold_calib
gold_p8_batch4_topup_03583,pdf-7c174036ddc7b8bbecfe,gold_calib
gold_p8_batch4_topup_03584,pdf-7c174036ddc7b8bbecfe,gold_calib
gold_p8_batch4_topup_03599,pdf-7c8465e63236c02af325,gold_calib
gold_p8_batch4_topup_03600,pdf-7c8465e63236c02af325,gold_calib
gold_p8_batch4_topup_03601,pdf-7c8465e63236c02af325,gold_calib
gold_p8_batch4_topup_03602,pdf-7c8465e63236c02af325,gold_calib
gold_p8_batch4_topup_03635,pdf-7e1daa537e2aa9e5f3d4,gold_calib
gold_p8_batch4_topup_03655,pdf-7e9cb0ee997dfea57c17,gold_calib
gold_p8_batch4_topup_03656,pdf-7e9cb0ee997dfea57c17,gold_calib
gold_p8_batch4_topup_03657,pdf-7e9da6b2b3af5c04c1d1,gold_calib
gold_p8_batch4_topup_03658,pdf-7e9da6b2b3af5c04c1d1,gold_calib
gold_p8_batch4_topup_03673,pdf-7efb1aff6754fa072f85,gold_calib
gold_p8_batch4_topup_03685,pdf-7fbf34194bc1a60c894c,gold_calib
gold_p8_batch4_topup_03686,pdf-7fbf34194bc1a60c894c,gold_calib
gold_p8_batch4_topup_03687,pdf-7fbf34194bc1a60c894c,gold_calib
gold_p8_batch4_topup_03688,pdf-7fbf34194bc1a60c894c,gold_calib
gold_p8_batch4_topup_03715,pdf-80bbba6f1e3b8ebdb11e,gold_calib
gold_p8_batch4_topup_03716,pdf-80c93d9743afd3275ff8,gold_calib
gold_p8_batch4_topup_03717,pdf-80c93d9743afd3275ff8,gold_calib
gold_p8_batch4_topup_03718,pdf-810b70e722fe99217ebe,gold_calib
gold_p8_batch4_topup_03720,pdf-810b70e722fe99217ebe,gold_calib
gold_p8_batch4_topup_03721,pdf-810b70e722fe99217ebe,gold_calib
gold_p8_batch4_topup_03735,pdf-812f2211bff947301dba,gold_calib
gold_p8_batch4_topup_03736,pdf-812f2211bff947301dba,gold_calib
gold_p8_batch4_topup_03737,pdf-812f2211bff947301dba,gold_calib
gold_p8_batch4_topup_03738,pdf-812f2211bff947301dba,gold_calib
gold_p8_batch4_topup_03745,pdf-818e09e3c53c2752f083,gold_calib
gold_p8_batch4_topup_03746,pdf-818e09e3c53c2752f083,gold_calib
gold_p8_batch4_topup_03747,pdf-818e09e3c53c2752f083,gold_calib
gold_p8_batch4_topup_03757,pdf-820403b991b1e308d5fe,gold_calib
gold_p8_batch4_topup_03794,pdf-82f0bb9e0802df39d847,gold_calib
gold_p8_batch4_topup_03795,pdf-82f0bb9e0802df39d847,gold_calib
gold_p8_batch4_topup_03796,pdf-82f0bb9e0802df39d847,gold_calib
gold_p8_batch4_topup_03797,pdf-82f0bb9e0802df39d847,gold_calib
gold_p8_batch4_topup_03810,pdf-83ca5eb3eb1236dcc189,gold_calib
gold_p8_batch4_topup_03822,pdf-845d99b78e5c3d3a7d72,gold_calib
gold_p8_batch4_topup_03823,pdf-845d99b78e5c3d3a7d72,gold_calib
gold_p8_batch4_topup_03824,pdf-845d99b78e5c3d3a7d72,gold_calib
gold_p8_batch4_topup_03825,pdf-845d99b78e5c3d3a7d72,gold_calib
gold_p8_batch4_topup_03866,pdf-8627c5bb4632e7413fb8,gold_calib
gold_p8_batch4_topup_03867,pdf-8627c5bb4632e7413fb8,gold_calib
gold_p8_batch4_topup_03876,pdf-866483fa95eba10b480b,gold_calib
gold_p8_batch4_topup_03877,pdf-86697d02c01a2141543d,gold_calib
gold_p8_batch4_topup_03878,pdf-86697d02c01a2141543d,gold_calib
gold_p8_batch4_topup_03891,pdf-86c56cf79fc6a887cbc9,gold_calib
gold_p8_batch4_topup_03892,pdf-86c56cf79fc6a887cbc9,gold_calib
gold_p8_batch4_topup_03909,pdf-87adf966d7ecfa7e6b1d,gold_calib
gold_p8_batch4_topup_03913,pdf-87ff67d3b147c04f974b,gold_calib
gold_p8_batch4_topup_03914,pdf-87ff67d3b147c04f974b,gold_calib
gold_p8_batch4_topup_03919,pdf-888dd1957264f22c7522,gold_calib
gold_p8_batch4_topup_03920,pdf-888dd1957264f22c7522,gold_calib
gold_p8_batch4_topup_03921,pdf-888dd1957264f22c7522,gold_calib
gold_p8_batch4_topup_03922,pdf-88a5f23769d1cecfbe0a,gold_calib
gold_p8_batch4_topup_03923,pdf-88a5f23769d1cecfbe0a,gold_calib
gold_p8_batch4_topup_03924,pdf-88a5f23769d1cecfbe0a,gold_calib
gold_p8_batch4_topup_03925,pdf-88a5f23769d1cecfbe0a,gold_calib
gold_p8_batch4_topup_03931,pdf-88b736d9149595a5f9e4,gold_calib
gold_p8_batch4_topup_03932,pdf-88b736d9149595a5f9e4,gold_calib
gold_p8_batch4_topup_03933,pdf-88b736d9149595a5f9e4,gold_calib
gold_p8_batch4_topup_03940,pdf-894d17b3d221072310df,gold_calib
gold_p8_batch4_topup_03941,pdf-894d17b3d221072310df,gold_calib
gold_p8_batch4_topup_03942,pdf-894d17b3d221072310df,gold_calib
gold_p8_batch4_topup_03958,pdf-89a876df23514f5b60ea,gold_calib
gold_p8_batch4_topup_03974,pdf-8a8940f7a62a95dd58f3,gold_calib
gold_p8_batch4_topup_03975,pdf-8a8d76e72884993fa106,gold_calib
gold_p8_batch4_topup_03976,pdf-8a92413998bc6d056064,gold_calib
gold_p8_batch4_topup_03977,pdf-8ac29862c815c8d0bec6,gold_calib
gold_p8_batch4_topup_03978,pdf-8ac29862c815c8d0bec6,gold_calib
gold_p8_batch4_topup_03979,pdf-8ac29862c815c8d0bec6,gold_calib
gold_p8_batch4_topup_03980,pdf-8ac29862c815c8d0bec6,gold_calib
gold_p8_batch4_topup_03981,pdf-8ac9b004b2e0ef4d406e,gold_calib
gold_p8_batch4_topup_03982,pdf-8ac9b004b2e0ef4d406e,gold_calib
gold_p8_batch4_topup_03983,pdf-8ac9b004b2e0ef4d406e,gold_calib
gold_p8_batch4_topup_03990,pdf-8b40b36e078e79c54e6d,gold_calib
gold_p8_batch4_topup_03991,pdf-8b40b36e078e79c54e6d,gold_calib
gold_p8_batch4_topup_04042,pdf-8d202e41a0de33f88173,gold_calib
gold_p8_batch4_topup_04043,pdf-8d202e41a0de33f88173,gold_calib
gold_p8_batch4_topup_04044,pdf-8d202e41a0de33f88173,gold_calib
gold_p8_batch4_topup_04045,pdf-8d202e41a0de33f88173,gold_calib
gold_p8_batch4_topup_04046,pdf-8d247659ad0ac682095d,gold_calib
gold_p8_batch4_topup_04047,pdf-8d247659ad0ac682095d,gold_calib
gold_p8_batch4_topup_04048,pdf-8d247659ad0ac682095d,gold_calib
gold_p8_batch4_topup_04049,pdf-8d247659ad0ac682095d,gold_calib
gold_p8_batch4_topup_04088,pdf-8ecd60e4b7e8e8e0a3a2,gold_calib
gold_p8_batch4_topup_04089,pdf-8ecd60e4b7e8e8e0a3a2,gold_calib
gold_p8_batch4_topup_04090,pdf-8ecd60e4b7e8e8e0a3a2,gold_calib
gold_p8_batch4_topup_04091,pdf-8ecd60e4b7e8e8e0a3a2,gold_calib
gold_p8_batch4_topup_04094,pdf-8ee14bb3fb1fc77e948c,gold_calib
gold_p8_batch4_topup_04095,pdf-8ee14bb3fb1fc77e948c,gold_calib
gold_p8_batch4_topup_04096,pdf-8ef58c0323d646b085cf,gold_calib
gold_p8_batch4_topup_04097,pdf-8f015f5c21e1e6f5dfbb,gold_calib
gold_p8_batch4_topup_04099,pdf-8f30d22464b81dc3fdc6,gold_calib
gold_p8_batch4_topup_04100,pdf-8f30d22464b81dc3fdc6,gold_calib
gold_p8_batch4_topup_04101,pdf-8f41878a0c550d77c8f9,gold_calib
gold_p8_batch4_topup_04102,pdf-8f41878a0c550d77c8f9,gold_calib
gold_p8_batch4_topup_04103,pdf-8f41878a0c550d77c8f9,gold_calib
gold_p8_batch4_topup_04114,pdf-8f70b6a1f7a5ae713a50,gold_calib
gold_p8_batch4_topup_04115,pdf-8f70b6a1f7a5ae713a50,gold_calib
gold_p8_batch4_topup_04116,pdf-8f70b6a1f7a5ae713a50,gold_calib
gold_p8_batch4_topup_04117,pdf-8f70b6a1f7a5ae713a50,gold_calib
gold_p8_batch4_topup_04160,pdf-916fce23685b02edbfb8,gold_calib
gold_p8_batch4_topup_04161,pdf-916fce23685b02edbfb8,gold_calib
gold_p8_batch4_topup_04211,pdf-9349553eb9777b025cac,gold_calib
gold_p8_batch4_topup_04212,pdf-9349553eb9777b025cac,gold_calib
gold_p8_batch4_topup_04216,pdf-935490d4120b82ec2ac6,gold_calib
gold_p8_batch4_topup_04217,pdf-935490d4120b82ec2ac6,gold_calib
gold_p8_batch4_topup_04218,pdf-935490d4120b82ec2ac6,gold_calib
gold_p8_batch4_topup_04226,pdf-93e9a32422e27dfca60a,gold_calib
gold_p8_batch4_topup_04227,pdf-93e9a32422e27dfca60a,gold_calib
gold_p8_batch4_topup_04228,pdf-93e9a32422e27dfca60a,gold_calib
gold_p8_batch4_topup_04255,pdf-9579ee81399c59fdf7a2,gold_calib
gold_p8_batch4_topup_04256,pdf-9579ee81399c59fdf7a2,gold_calib
gold_p8_batch4_topup_04257,pdf-9579ee81399c59fdf7a2,gold_calib
gold_p8_batch4_topup_04261,pdf-95ee75a36d095b7f53c8,gold_calib
gold_p8_batch4_topup_04262,pdf-95ee75a36d095b7f53c8,gold_calib
gold_p8_batch4_topup_04263,pdf-95ee75a36d095b7f53c8,gold_calib
gold_p8_batch4_topup_04264,pdf-95ee75a36d095b7f53c8,gold_calib
gold_p8_batch4_topup_04265,pdf-963498a60825b452e4d7,gold_calib
gold_p8_batch4_topup_04266,pdf-963498a60825b452e4d7,gold_calib
gold_p8_batch4_topup_04267,pdf-963498a60825b452e4d7,gold_calib
gold_p8_batch4_topup_04281,pdf-96760f056a48e7e335fe,gold_calib
gold_p8_batch4_topup_04282,pdf-96760f056a48e7e335fe,gold_calib
gold_p8_batch4_topup_04332,pdf-9799b7cc68767b2fff0a,gold_calib
gold_p8_batch4_topup_04333,pdf-9799b7cc68767b2fff0a,gold_calib
gold_p8_batch4_topup_04334,pdf-97c9453c399d4b95d3fb,gold_calib
gold_p8_batch4_topup_04336,pdf-97e36a055d00e92c8480,gold_calib
gold_p8_batch4_topup_04337,pdf-97e36a055d00e92c8480,gold_calib
gold_p8_batch4_topup_04338,pdf-97e36a055d00e92c8480,gold_calib
gold_p8_batch4_topup_04354,pdf-98d2f7ff7535344ba565,gold_calib
gold_p8_batch4_topup_04355,pdf-98d2f7ff7535344ba565,gold_calib
gold_p8_batch4_topup_04356,pdf-98e539feb85693c49b59,gold_calib
gold_p8_batch4_topup_04357,pdf-98e539feb85693c49b59,gold_calib
gold_p8_batch4_topup_04358,pdf-98e539feb85693c49b59,gold_calib
gold_p8_batch4_topup_04364,pdf-99104ce2ce130c6361fb,gold_calib
gold_p8_batch4_topup_04365,pdf-99104ce2ce130c6361fb,gold_calib
gold_p8_batch4_topup_04366,pdf-99104ce2ce130c6361fb,gold_calib
gold_p8_batch4_topup_04367,pdf-99104ce2ce130c6361fb,gold_calib
gold_p8_batch4_topup_04388,pdf-99befb37b75d062d9272,gold_calib
gold_p8_batch4_topup_04389,pdf-99befb37b75d062d9272,gold_calib
gold_p8_batch4_topup_04390,pdf-99befb37b75d062d9272,gold_calib
gold_p8_batch4_topup_04391,pdf-99befb37b75d062d9272,gold_calib
gold_p8_batch4_topup_04397,pdf-9a29bd564ccdc1df2c57,gold_calib
gold_p8_batch4_topup_04398,pdf-9a29bd564ccdc1df2c57,gold_calib
gold_p8_batch4_topup_04399,pdf-9a29bd564ccdc1df2c57,gold_calib
gold_p8_batch4_topup_04400,pdf-9a29bd564ccdc1df2c57,gold_calib
gold_p8_batch4_topup_04411,pdf-9a8c032bd5be660458e5,gold_calib
gold_p8_batch4_topup_04412,pdf-9aa478c2af35722c359a,gold_calib
gold_p8_batch4_topup_04413,pdf-9aa478c2af35722c359a,gold_calib
gold_p8_batch4_topup_04414,pdf-9aa478c2af35722c359a,gold_calib
gold_p8_batch4_topup_04415,pdf-9ad3545422cbcbc908ed,gold_calib
gold_p8_batch4_topup_04428,pdf-9b2e7d8c716b06e25301,gold_calib
gold_p8_batch4_topup_04429,pdf-9b2e7d8c716b06e25301,gold_calib
gold_p8_batch4_topup_04430,pdf-9b2e7d8c716b06e25301,gold_calib
gold_p8_batch4_topup_04440,pdf-9b781485521ce94239d9,gold_calib
gold_p8_batch4_topup_04441,pdf-9b781485521ce94239d9,gold_calib
gold_p8_batch4_topup_04491,pdf-9cdc65b66bbf7808b6f7,gold_calib
gold_p8_batch4_topup_04492,pdf-9cdc65b66bbf7808b6f7,gold_calib
gold_p8_batch4_topup_04493,pdf-9cdc65b66bbf7808b6f7,gold_calib
gold_p8_batch4_topup_04494,pdf-9d001830cdc949b051fc,gold_calib
gold_p8_batch4_topup_04495,pdf-9d001830cdc949b051fc,gold_calib
gold_p8_batch4_topup_04496,pdf-9d001830cdc949b051fc,gold_calib
gold_p8_batch4_topup_04553,pdf-9ecc0f9cb81398733d55,gold_calib
gold_p8_batch4_topup_04554,pdf-9ecc0f9cb81398733d55,gold_calib
gold_p8_batch4_topup_04555,pdf-9ecc0f9cb81398733d55,gold_calib
gold_p8_batch4_topup_04567,pdf-9f3631ee320a2d139310,gold_calib
gold_p8_batch4_topup_04568,pdf-9f3631ee320a2d139310,gold_calib
gold_p8_batch4_topup_04595,pdf-a004502b1d06ff56b892,gold_calib
gold_p8_batch4_topup_04596,pdf-a004502b1d06ff56b892,gold_calib
gold_p8_batch4_topup_04597,pdf-a004502b1d06ff56b892,gold_calib
gold_p8_batch4_topup_04598,pdf-a004502b1d06ff56b892,gold_calib
gold_p8_batch4_topup_04610,pdf-a0a3fd549ef16173a833,gold_calib
gold_p8_batch4_topup_04611,pdf-a0a3fd549ef16173a833,gold_calib
gold_p8_batch4_topup_04617,pdf-a0b80305ce32fbb19e0d,gold_calib
gold_p8_batch4_topup_04618,pdf-a0b80305ce32fbb19e0d,gold_calib
gold_p8_batch4_topup_04619,pdf-a0b80305ce32fbb19e0d,gold_calib
gold_p8_batch4_topup_04628,pdf-a0f3c96273a4ea4caa3a,gold_calib
gold_p8_batch4_topup_04629,pdf-a0f3c96273a4ea4caa3a,gold_calib
gold_p8_batch4_topup_04630,pdf-a0f3c96273a4ea4caa3a,gold_calib
gold_p8_batch4_topup_04658,pdf-a2031cea86becc8572e0,gold_calib
gold_p8_batch4_topup_04659,pdf-a2031cea86becc8572e0,gold_calib
gold_p8_batch4_topup_04674,pdf-a2345b4fd3613939b11c,gold_calib
gold_p8_batch4_topup_04675,pdf-a2345b4fd3613939b11c,gold_calib
gold_p8_batch4_topup_04676,pdf-a2345b4fd3613939b11c,gold_calib
gold_p8_batch4_topup_04677,pdf-a2345b4fd3613939b11c,gold_calib
gold_p8_batch4_topup_04680,pdf-a262b1c84c154081dcc5,gold_calib
gold_p8_batch4_topup_04681,pdf-a262b1c84c154081dcc5,gold_calib
gold_p8_batch4_topup_04682,pdf-a262b1c84c154081dcc5,gold_calib
gold_p8_batch4_topup_04688,pdf-a2b6e80deebce30ac8cf,gold_calib
gold_p8_batch4_topup_04689,pdf-a2b6e80deebce30ac8cf,gold_calib
gold_p8_batch4_topup_04690,pdf-a2b6e80deebce30ac8cf,gold_calib
gold_p8_batch4_topup_04691,pdf-a2b6e80deebce30ac8cf,gold_calib
gold_p8_batch4_topup_04705,pdf-a311c242a7272a4ec37a,gold_calib
gold_p8_batch4_topup_04706,pdf-a311c242a7272a4ec37a,gold_calib
gold_p8_batch4_topup_04707,pdf-a311c242a7272a4ec37a,gold_calib
gold_p8_batch4_topup_04708,pdf-a311c242a7272a4ec37a,gold_calib
gold_p8_batch4_topup_04714,pdf-a356245aaf1beb4afb1b,gold_calib
gold_p8_batch4_topup_04715,pdf-a356245aaf1beb4afb1b,gold_calib
gold_p8_batch4_topup_04716,pdf-a356245aaf1beb4afb1b,gold_calib
gold_p8_batch4_topup_04717,pdf-a356245aaf1beb4afb1b,gold_calib
gold_p8_batch4_topup_04742,pdf-a3a34e3078e7eacbc7eb,gold_calib
gold_p8_batch4_topup_04743,pdf-a3a34e3078e7eacbc7eb,gold_calib
gold_p8_batch4_topup_04744,pdf-a3a9947563d923935c12,gold_calib
gold_p8_batch4_topup_04745,pdf-a3a9947563d923935c12,gold_calib
gold_p8_batch4_topup_04746,pdf-a3a9947563d923935c12,gold_calib
gold_p8_batch4_topup_04747,pdf-a3a9947563d923935c12,gold_calib
gold_p8_batch4_topup_04748,pdf-a3ceabe893ae73d28f24,gold_calib
gold_p8_batch4_topup_04749,pdf-a3ceabe893ae73d28f24,gold_calib
gold_p8_batch4_topup_04750,pdf-a3ceabe893ae73d28f24,gold_calib
gold_p8_batch4_topup_04751,pdf-a3ceabe893ae73d28f24,gold_calib
gold_p8_batch4_topup_04760,pdf-a420cb282b45e1248aa9,gold_calib
gold_p8_batch4_topup_04761,pdf-a420cb282b45e1248aa9,gold_calib
gold_p8_batch4_topup_04762,pdf-a420cb282b45e1248aa9,gold_calib
gold_p8_batch4_topup_04785,pdf-a4d535f162cf81759d43,gold_calib
gold_p8_batch4_topup_04786,pdf-a4d535f162cf81759d43,gold_calib
gold_p8_batch4_topup_04787,pdf-a4d535f162cf81759d43,gold_calib
gold_p8_batch4_topup_04814,pdf-a5a0448e512db962e9aa,gold_calib
gold_p8_batch4_topup_04823,pdf-a5bd8155e8b774a9a1aa,gold_calib
gold_p8_batch4_topup_04824,pdf-a5bd8155e8b774a9a1aa,gold_calib
gold_p8_batch4_topup_04825,pdf-a5bd8155e8b774a9a1aa,gold_calib
gold_p8_batch4_topup_04826,pdf-a5bd8155e8b774a9a1aa,gold_calib
gold_p8_batch4_topup_04832,pdf-a60ba86bb417f5c9859d,gold_calib
gold_p8_batch4_topup_04833,pdf-a60ba86bb417f5c9859d,gold_calib
gold_p8_batch4_topup_04870,pdf-a767e00acab2d83f0a09,gold_calib
gold_p8_batch4_topup_04872,pdf-a7779beb73b0f5d19d8f,gold_calib
gold_p8_batch4_topup_04891,pdf-a866e457dd841c9d508f,gold_calib
gold_p8_batch4_topup_04892,pdf-a866e457dd841c9d508f,gold_calib
gold_p8_batch4_topup_04905,pdf-a8f96c211e02ed6ea3a8,gold_calib
gold_p8_batch4_topup_04906,pdf-a8f96c211e02ed6ea3a8,gold_calib
gold_p8_batch4_topup_04907,pdf-a8f96c211e02ed6ea3a8,gold_calib
gold_p8_batch4_topup_04917,pdf-a96d7cb5733a4851489f,gold_calib
gold_p8_batch4_topup_04918,pdf-a96d7cb5733a4851489f,gold_calib
gold_p8_batch4_topup_04919,pdf-a96d7cb5733a4851489f,gold_calib
gold_p8_batch4_topup_04920,pdf-a96d7cb5733a4851489f,gold_calib
gold_p8_batch4_topup_04932,pdf-a9d5a4baadbd1363ffca,gold_calib
gold_p8_batch4_topup_04933,pdf-a9d5a4baadbd1363ffca,gold_calib
gold_p8_batch4_topup_04942,pdf-aa66b04b95f3532198e8,gold_calib
gold_p8_batch4_topup_04943,pdf-aa66b04b95f3532198e8,gold_calib
gold_p8_batch4_topup_04944,pdf-aa66b04b95f3532198e8,gold_calib
gold_p8_batch4_topup_04945,pdf-aa66b04b95f3532198e8,gold_calib
gold_p8_batch4_topup_04946,pdf-aa81fcac9e443e9aa02f,gold_calib
gold_p8_batch4_topup_04947,pdf-aa81fcac9e443e9aa02f,gold_calib
gold_p8_batch4_topup_04963,pdf-ab164aed658224b56b7e,gold_calib
gold_p8_batch4_topup_04964,pdf-ab164aed658224b56b7e,gold_calib
gold_p8_batch4_topup_04965,pdf-ab164aed658224b56b7e,gold_calib
gold_p8_batch4_topup_04966,pdf-ab164aed658224b56b7e,gold_calib
gold_p8_batch4_topup_04967,pdf-ab2f115a2235ee94b96c,gold_calib
gold_p8_batch4_topup_04968,pdf-ab2f115a2235ee94b96c,gold_calib
gold_p8_batch4_topup_04969,pdf-ab2f115a2235ee94b96c,gold_calib
gold_p8_batch4_topup_04970,pdf-ab2f115a2235ee94b96c,gold_calib
gold_p8_batch4_topup_04982,pdf-ab90fe4350d455c7a771,gold_calib
gold_p8_batch4_topup_04987,pdf-abcb895bb5da42a6b034,gold_calib
gold_p8_batch4_topup_04988,pdf-abcb895bb5da42a6b034,gold_calib
gold_p8_batch4_topup_04989,pdf-abcb895bb5da42a6b034,gold_calib
gold_p8_batch4_topup_04990,pdf-abcb895bb5da42a6b034,gold_calib
gold_p8_batch4_topup_04991,pdf-abcc24fb7148aef29619,gold_calib
gold_p8_batch4_topup_04992,pdf-abcc24fb7148aef29619,gold_calib
gold_p8_batch4_topup_04995,pdf-ac25825e9cc025e32c51,gold_calib
gold_p8_batch4_topup_04996,pdf-ac25825e9cc025e32c51,gold_calib
gold_p8_batch4_topup_04997,pdf-ac25825e9cc025e32c51,gold_calib
gold_p8_batch4_topup_04998,pdf-ac25825e9cc025e32c51,gold_calib
gold_p8_batch4_topup_05034,pdf-ad3a204d8989cc81a84c,gold_calib
gold_p8_batch4_topup_05035,pdf-ad3a204d8989cc81a84c,gold_calib
gold_p8_batch4_topup_05045,pdf-adc075502a899531e45c,gold_calib
gold_p8_batch4_topup_05046,pdf-ae040fecfc4a0911a7a6,gold_calib
gold_p8_batch4_topup_05047,pdf-ae1aac5fa457e84f5b99,gold_calib
gold_p8_batch4_topup_05048,pdf-ae1aac5fa457e84f5b99,gold_calib
gold_p8_batch4_topup_05053,pdf-ae5475424cad1cda81b1,gold_calib
gold_p8_batch4_topup_05054,pdf-ae5475424cad1cda81b1,gold_calib
gold_p8_batch4_topup_05070,pdf-af0f45cda5e4487c22a1,gold_calib
gold_p8_batch4_topup_05071,pdf-af0f45cda5e4487c22a1,gold_calib
gold_p8_batch4_topup_05077,pdf-af3c11f9b25f4dd14230,gold_calib
gold_p8_batch4_topup_05078,pdf-af3c11f9b25f4dd14230,gold_calib
gold_p8_batch4_topup_05084,pdf-af87b3c98a3309cfe774,gold_calib
gold_p8_batch4_topup_05085,pdf-af87b3c98a3309cfe774,gold_calib
gold_p8_batch4_topup_05086,pdf-af87b3c98a3309cfe774,gold_calib
gold_p8_batch4_topup_05113,pdf-b021606e3c45d911a7b5,gold_calib
gold_p8_batch4_topup_05114,pdf-b021606e3c45d911a7b5,gold_calib
gold_p8_batch4_topup_05120,pdf-b09885e0a7e53224be07,gold_calib
gold_p8_batch4_topup_05121,pdf-b09885e0a7e53224be07,gold_calib
gold_p8_batch4_topup_05122,pdf-b0b03a404bd67a5a6c36,gold_calib
gold_p8_batch4_topup_05123,pdf-b0b03a404bd67a5a6c36,gold_calib
gold_p8_batch4_topup_05124,pdf-b0b03a404bd67a5a6c36,gold_calib
gold_p8_batch4_topup_05125,pdf-b0b03a404bd67a5a6c36,gold_calib
gold_p8_batch4_topup_05136,pdf-b0e2f450b8acbe8eb7eb,gold_calib
gold_p8_batch4_topup_05137,pdf-b0e2f450b8acbe8eb7eb,gold_calib
gold_p8_batch4_topup_05138,pdf-b0e2f450b8acbe8eb7eb,gold_calib
gold_p8_batch4_topup_05179,pdf-b23faf3da35e306be337,gold_calib
gold_p8_batch4_topup_05197,pdf-b361d84eb84fe72b424e,gold_calib
gold_p8_batch4_topup_05198,pdf-b361d84eb84fe72b424e,gold_calib
gold_p8_batch4_topup_05202,pdf-b38f0040e86c1dee3a07,gold_calib
gold_p8_batch4_topup_05203,pdf-b38f0040e86c1dee3a07,gold_calib
gold_p8_batch4_topup_05204,pdf-b38f0040e86c1dee3a07,gold_calib
gold_p8_batch4_topup_05205,pdf-b38f0040e86c1dee3a07,gold_calib
gold_p8_batch4_topup_05216,pdf-b3e022568ebcdf7a9a60,gold_calib
gold_p8_batch4_topup_05217,pdf-b3e022568ebcdf7a9a60,gold_calib
gold_p8_batch4_topup_05222,pdf-b3ec32b43dbafb78dde0,gold_calib
gold_p8_batch4_topup_05223,pdf-b3ec32b43dbafb78dde0,gold_calib
gold_p8_batch4_topup_05224,pdf-b3ec32b43dbafb78dde0,gold_calib
gold_p8_batch4_topup_05225,pdf-b3ec32b43dbafb78dde0,gold_calib
gold_p8_batch4_topup_05241,pdf-b46efc4ba85bd5ad238c,gold_calib
gold_p8_batch4_topup_05242,pdf-b46efc4ba85bd5ad238c,gold_calib
gold_p8_batch4_topup_05243,pdf-b46efc4ba85bd5ad238c,gold_calib
gold_p8_batch4_topup_05244,pdf-b46efc4ba85bd5ad238c,gold_calib
gold_p8_batch4_topup_05257,pdf-b4b50e13b7f198f30d0e,gold_calib
gold_p8_batch4_topup_05258,pdf-b4b50e13b7f198f30d0e,gold_calib
gold_p8_batch4_topup_05289,pdf-b575fe0e94d214cf1db7,gold_calib
gold_p8_batch4_topup_05290,pdf-b575fe0e94d214cf1db7,gold_calib
gold_p8_batch4_topup_05291,pdf-b58f1b666a5c1d4bfa90,gold_calib
gold_p8_batch4_topup_05292,pdf-b58f1b666a5c1d4bfa90,gold_calib
gold_p8_batch4_topup_05293,pdf-b5953003a5d46695c6b5,gold_calib
gold_p8_batch4_topup_05294,pdf-b5953003a5d46695c6b5,gold_calib
gold_p8_batch4_topup_05300,pdf-b5c9742cdf4a098d40c7,gold_calib
gold_p8_batch4_topup_05301,pdf-b5c9742cdf4a098d40c7,gold_calib
gold_p8_batch4_topup_05302,pdf-b5c9742cdf4a098d40c7,gold_calib
gold_p8_batch4_topup_05303,pdf-b5c9742cdf4a098d40c7,gold_calib
gold_p8_batch4_topup_05328,pdf-b6aa9f2bb11d46b69c74,gold_calib
gold_p8_batch4_topup_05347,pdf-b78544fd4122d89518ee,gold_calib
gold_p8_batch4_topup_05348,pdf-b78544fd4122d89518ee,gold_calib
gold_p8_batch4_topup_05349,pdf-b78544fd4122d89518ee,gold_calib
gold_p8_batch4_topup_05350,pdf-b78544fd4122d89518ee,gold_calib
gold_p8_batch4_topup_05357,pdf-b7e290d131b18119dcef,gold_calib
gold_p8_batch4_topup_05358,pdf-b7e290d131b18119dcef,gold_calib
gold_p8_batch4_topup_05359,pdf-b7e290d131b18119dcef,gold_calib
gold_p8_batch4_topup_05360,pdf-b83150ae09341678106a,gold_calib
gold_p8_batch4_topup_05361,pdf-b83150ae09341678106a,gold_calib
gold_p8_batch4_topup_05375,pdf-b8f3f3c3548ef78f2ded,gold_calib
gold_p8_batch4_topup_05376,pdf-b8f3f3c3548ef78f2ded,gold_calib
gold_p8_batch4_topup_05377,pdf-b8f3f3c3548ef78f2ded,gold_calib
gold_p8_batch4_topup_05393,pdf-b9a2433b49c5d42f4e34,gold_calib
gold_p8_batch4_topup_05394,pdf-b9a2433b49c5d42f4e34,gold_calib
gold_p8_batch4_topup_05395,pdf-b9a2433b49c5d42f4e34,gold_calib
gold_p8_batch4_topup_05396,pdf-b9a2433b49c5d42f4e34,gold_calib
gold_p8_batch4_topup_05412,pdf-b9db74c9c7169e36bc7f,gold_calib
gold_p8_batch4_topup_05428,pdf-ba761490dde3bc21db33,gold_calib
gold_p8_batch4_topup_05460,pdf-bb9959e0a3fa281c8af3,gold_calib
gold_p8_batch4_topup_05461,pdf-bb9959e0a3fa281c8af3,gold_calib
gold_p8_batch4_topup_05462,pdf-bbad0cecd59ef27acdfd,gold_calib
gold_p8_batch4_topup_05463,pdf-bbad0cecd59ef27acdfd,gold_calib
gold_p8_batch4_topup_05464,pdf-bbad0cecd59ef27acdfd,gold_calib
gold_p8_batch4_topup_05465,pdf-bbad0cecd59ef27acdfd,gold_calib
gold_p8_batch4_topup_05466,pdf-bbbfef7fb2d857332a76,gold_calib
gold_p8_batch4_topup_05467,pdf-bbbfef7fb2d857332a76,gold_calib
gold_p8_batch4_topup_05468,pdf-bbbfef7fb2d857332a76,gold_calib
gold_p8_batch4_topup_05469,pdf-bbbfef7fb2d857332a76,gold_calib
gold_p8_batch4_topup_05470,pdf-bbc1d752cad66bf21512,gold_calib
gold_p8_batch4_topup_05478,pdf-bbd97b1ac84ac8d52c0e,gold_calib
gold_p8_batch4_topup_05479,pdf-bbd97b1ac84ac8d52c0e,gold_calib
gold_p8_batch4_topup_05480,pdf-bbd97b1ac84ac8d52c0e,gold_calib
gold_p8_batch4_topup_05481,pdf-bbd97b1ac84ac8d52c0e,gold_calib
gold_p8_batch4_topup_05484,pdf-bc3b2e85d2c3ab868839,gold_calib
gold_p8_batch4_topup_05485,pdf-bc3b2e85d2c3ab868839,gold_calib
gold_p8_batch4_topup_05486,pdf-bc3b2e85d2c3ab868839,gold_calib
gold_p8_batch4_topup_05487,pdf-bc3b2e85d2c3ab868839,gold_calib
gold_p8_batch4_topup_05488,pdf-bc5aca6bf48dad9219f2,gold_calib
gold_p8_batch4_topup_05489,pdf-bc5aca6bf48dad9219f2,gold_calib
gold_p8_batch4_topup_05490,pdf-bc5aca6bf48dad9219f2,gold_calib
gold_p8_batch4_topup_05491,pdf-bc5aca6bf48dad9219f2,gold_calib
gold_p8_batch4_topup_05497,pdf-bc8cbe03213d42a308a1,gold_calib
gold_p8_batch4_topup_05498,pdf-bc8cbe03213d42a308a1,gold_calib
gold_p8_batch4_topup_05515,pdf-bd05a55b6703488fd12d,gold_calib
gold_p8_batch4_topup_05516,pdf-bd05a55b6703488fd12d,gold_calib
gold_p8_batch4_topup_05517,pdf-bd05a55b6703488fd12d,gold_calib
gold_p8_batch4_topup_05597,pdf-c03c2a997a1a265c85ce,gold_calib
gold_p8_batch4_topup_05598,pdf-c05ebe93ac5fdf8605c5,gold_calib
gold_p8_batch4_topup_05599,pdf-c05ebe93ac5fdf8605c5,gold_calib
gold_p8_batch4_topup_05600,pdf-c05ebe93ac5fdf8605c5,gold_calib
gold_p8_batch4_topup_05601,pdf-c05ebe93ac5fdf8605c5,gold_calib
gold_p8_batch4_topup_05627,pdf-c1227b8ba5c70246fd71,gold_calib
gold_p8_batch4_topup_05628,pdf-c1227b8ba5c70246fd71,gold_calib
gold_p8_batch4_topup_05629,pdf-c1227b8ba5c70246fd71,gold_calib
gold_p8_batch4_topup_05630,pdf-c1227b8ba5c70246fd71,gold_calib
gold_p8_batch4_topup_05638,pdf-c13e39bca8f314cf9e68,gold_calib
gold_p8_batch4_topup_05639,pdf-c13e39bca8f314cf9e68,gold_calib
gold_p8_batch4_topup_05645,pdf-c14f47ef4770fa35097c,gold_calib
gold_p8_batch4_topup_05646,pdf-c14f47ef4770fa35097c,gold_calib
gold_p8_batch4_topup_05672,pdf-c21e034b5024436ff004,gold_calib
gold_p8_batch4_topup_05673,pdf-c21e034b5024436ff004,gold_calib
gold_p8_batch4_topup_05684,pdf-c262eaa8939e81176082,gold_calib
gold_p8_batch4_topup_05685,pdf-c262eaa8939e81176082,gold_calib
gold_p8_batch4_topup_05686,pdf-c262eaa8939e81176082,gold_calib
gold_p8_batch4_topup_05687,pdf-c262eaa8939e81176082,gold_calib
gold_p8_batch4_topup_05704,pdf-c2f43c55b5071aec1293,gold_calib
gold_p8_batch4_topup_05705,pdf-c2f43c55b5071aec1293,gold_calib
gold_p8_batch4_topup_05706,pdf-c2f43c55b5071aec1293,gold_calib
gold_p8_batch4_topup_05712,pdf-c3177cb27b7324953bf6,gold_calib
gold_p8_batch4_topup_05713,pdf-c3177cb27b7324953bf6,gold_calib
gold_p8_batch4_topup_05722,pdf-c38480f33369e3eef3b0,gold_calib
gold_p8_batch4_topup_05729,pdf-c4029b30a9c9d91f3cae,gold_calib
gold_p8_batch4_topup_05730,pdf-c4029b30a9c9d91f3cae,gold_calib
gold_p8_batch4_topup_05731,pdf-c4029b30a9c9d91f3cae,gold_calib
gold_p8_batch4_topup_05739,pdf-c454a8e81819577a0366,gold_calib
gold_p8_batch4_topup_05740,pdf-c454a8e81819577a0366,gold_calib
gold_p8_batch4_topup_05741,pdf-c454a8e81819577a0366,gold_calib
gold_p8_batch4_topup_05742,pdf-c454a8e81819577a0366,gold_calib
gold_p8_batch4_topup_05743,pdf-c4816c798102d018c80b,gold_calib
gold_p8_batch4_topup_05744,pdf-c4816c798102d018c80b,gold_calib
gold_p8_batch4_topup_05745,pdf-c4816c798102d018c80b,gold_calib
gold_p8_batch4_topup_05746,pdf-c4816c798102d018c80b,gold_calib
gold_p8_batch4_topup_05748,pdf-c4b69903c9c815b8e8ce,gold_calib
gold_p8_batch4_topup_05749,pdf-c4b69903c9c815b8e8ce,gold_calib
gold_p8_batch4_topup_05750,pdf-c4b69903c9c815b8e8ce,gold_calib
gold_p8_batch4_topup_05751,pdf-c4b69903c9c815b8e8ce,gold_calib
gold_p8_batch4_topup_05754,pdf-c4cad57c2fc80d5883d9,gold_calib
gold_p8_batch4_topup_05755,pdf-c4cad57c2fc80d5883d9,gold_calib
gold_p8_batch4_topup_05756,pdf-c4cad57c2fc80d5883d9,gold_calib
gold_p8_batch4_topup_05769,pdf-c574d8ff5e8b94bd2889,gold_calib
gold_p8_batch4_topup_05770,pdf-c574d8ff5e8b94bd2889,gold_calib
gold_p8_batch4_topup_05771,pdf-c574d8ff5e8b94bd2889,gold_calib
gold_p8_batch4_topup_05772,pdf-c574d8ff5e8b94bd2889,gold_calib
gold_p8_batch4_topup_05790,pdf-c61ce0928c31ad4fd97b,gold_calib
gold_p8_batch4_topup_05791,pdf-c61ce0928c31ad4fd97b,gold_calib
gold_p8_batch4_topup_05792,pdf-c61ce0928c31ad4fd97b,gold_calib
gold_p8_batch4_topup_05793,pdf-c624a59613c152eef8e0,gold_calib
gold_p8_batch4_topup_05799,pdf-c66b3b79e7af97a648f4,gold_calib
gold_p8_batch4_topup_05800,pdf-c66b3b79e7af97a648f4,gold_calib
gold_p8_batch4_topup_05801,pdf-c66b3b79e7af97a648f4,gold_calib
gold_p8_batch4_topup_05809,pdf-c6f696b8a9c1645e1045,gold_calib
gold_p8_batch4_topup_05810,pdf-c6f696b8a9c1645e1045,gold_calib
gold_p8_batch4_topup_05811,pdf-c72e89c4135fac91e28a,gold_calib
gold_p8_batch4_topup_05812,pdf-c72e89c4135fac91e28a,gold_calib
gold_p8_batch4_topup_05813,pdf-c72e89c4135fac91e28a,gold_calib
gold_p8_batch4_topup_05822,pdf-c7d9079a2547ce6418d8,gold_calib
gold_p8_batch4_topup_05823,pdf-c7d9079a2547ce6418d8,gold_calib
gold_p8_batch4_topup_05824,pdf-c7ff5bc9336338d59afe,gold_calib
gold_p8_batch4_topup_05825,pdf-c7ff5bc9336338d59afe,gold_calib
gold_p8_batch4_topup_05831,pdf-c8ca8431227af5be612a,gold_calib
gold_p8_batch4_topup_05832,pdf-c8ca8431227af5be612a,gold_calib
gold_p8_batch4_topup_05833,pdf-c8ca8431227af5be612a,gold_calib
gold_p8_batch4_topup_05834,pdf-c8ca8431227af5be612a,gold_calib
gold_p8_batch4_topup_05865,pdf-c9cfd4980e672c6f68df,gold_calib
gold_p8_batch4_topup_05866,pdf-c9cfd4980e672c6f68df,gold_calib
gold_p8_batch4_topup_05867,pdf-c9cfd4980e672c6f68df,gold_calib
gold_p8_batch4_topup_05875,pdf-ca65c9c93e93ff9d9c46,gold_calib
gold_p8_batch4_topup_05876,pdf-ca65c9c93e93ff9d9c46,gold_calib
gold_p8_batch4_topup_05883,pdf-cab0991e1ab370781bfb,gold_calib
gold_p8_batch4_topup_05884,pdf-cab0991e1ab370781bfb,gold_calib
gold_p8_batch4_topup_05885,pdf-cab0991e1ab370781bfb,gold_calib
gold_p8_batch4_topup_05903,pdf-cb2f1a4886785b45d87f,gold_calib
gold_p8_batch4_topup_05904,pdf-cb2f1a4886785b45d87f,gold_calib
gold_p8_batch4_topup_05905,pdf-cb311738bf753c39d8c0,gold_calib
gold_p8_batch4_topup_05914,pdf-cbc8ba420e5216f34fa4,gold_calib
gold_p8_batch4_topup_05915,pdf-cbd686e034a500320cb8,gold_calib
gold_p8_batch4_topup_05916,pdf-cbd686e034a500320cb8,gold_calib
gold_p8_batch4_topup_05917,pdf-cbd686e034a500320cb8,gold_calib
gold_p8_batch4_topup_05918,pdf-cbd686e034a500320cb8,gold_calib
gold_p8_batch4_topup_05941,pdf-ccc354b3b4c305eb046a,gold_calib
gold_p8_batch4_topup_05958,pdf-cd7cc9d75afd8c67df31,gold_calib
gold_p8_batch4_topup_05959,pdf-cd7cc9d75afd8c67df31,gold_calib
gold_p8_batch4_topup_05960,pdf-cd7cc9d75afd8c67df31,gold_calib
gold_p8_batch4_topup_05961,pdf-cd7cc9d75afd8c67df31,gold_calib
gold_p8_batch4_topup_05962,pdf-cd7e897ad3457d872be1,gold_calib
gold_p8_batch4_topup_05963,pdf-cd7e897ad3457d872be1,gold_calib
gold_p8_batch4_topup_05964,pdf-cd7e897ad3457d872be1,gold_calib
gold_p8_batch4_topup_05965,pdf-cd7e897ad3457d872be1,gold_calib
gold_p8_batch4_topup_05988,pdf-cdf594a209bfbbf36cf7,gold_calib
gold_p8_batch4_topup_05989,pdf-cdf594a209bfbbf36cf7,gold_calib
gold_p8_batch4_topup_05990,pdf-cdf594a209bfbbf36cf7,gold_calib
gold_p8_batch4_topup_05991,pdf-cdf594a209bfbbf36cf7,gold_calib
gold_p8_batch4_topup_06007,pdf-cec04063b9019ad26288,gold_calib
gold_p8_batch4_topup_06008,pdf-cec04063b9019ad26288,gold_calib
gold_p8_batch4_topup_06009,pdf-cec04063b9019ad26288,gold_calib
gold_p8_batch4_topup_06010,pdf-cec1f0c405b26f693cbf,gold_calib
gold_p8_batch4_topup_06011,pdf-cec1f0c405b26f693cbf,gold_calib
gold_p8_batch4_topup_06043,pdf-d009569fe2481a2e2724,gold_calib
gold_p8_batch4_topup_06044,pdf-d009569fe2481a2e2724,gold_calib
gold_p8_batch4_topup_06045,pdf-d009569fe2481a2e2724,gold_calib
gold_p8_batch4_topup_06046,pdf-d009569fe2481a2e2724,gold_calib
gold_p8_batch4_topup_06053,pdf-d0b47151f7832bcf29da,gold_calib
gold_p8_batch4_topup_06054,pdf-d0b47151f7832bcf29da,gold_calib
gold_p8_batch4_topup_06055,pdf-d0b47151f7832bcf29da,gold_calib
gold_p8_batch4_topup_06056,pdf-d0b47151f7832bcf29da,gold_calib
gold_p8_batch4_topup_06060,pdf-d0bacb21abb578d5fe7e,gold_calib
gold_p8_batch4_topup_06066,pdf-d0c6f398e60a94ee76e9,gold_calib
gold_p8_batch4_topup_06067,pdf-d0c6f398e60a94ee76e9,gold_calib
gold_p8_batch4_topup_06068,pdf-d0c6f398e60a94ee76e9,gold_calib
gold_p8_batch4_topup_06071,pdf-d0f0590e9f80e05ab409,gold_calib
gold_p8_batch4_topup_06072,pdf-d0f0590e9f80e05ab409,gold_calib
gold_p8_batch4_topup_06073,pdf-d0f0590e9f80e05ab409,gold_calib
gold_p8_batch4_topup_06074,pdf-d1061d2655cafdb5749e,gold_calib
gold_p8_batch4_topup_06075,pdf-d1061d2655cafdb5749e,gold_calib
gold_p8_batch4_topup_06076,pdf-d1061d2655cafdb5749e,gold_calib
gold_p8_batch4_topup_06077,pdf-d1061d2655cafdb5749e,gold_calib
gold_p8_batch4_topup_06078,pdf-d124bd6db28bb98c0361,gold_calib
gold_p8_batch4_topup_06079,pdf-d124bd6db28bb98c0361,gold_calib
gold_p8_batch4_topup_06132,pdf-d30fdc2b857b066f5c5f,gold_calib
gold_p8_batch4_topup_06133,pdf-d30fdc2b857b066f5c5f,gold_calib
gold_p8_batch4_topup_06134,pdf-d30fdc2b857b066f5c5f,gold_calib
gold_p8_batch4_topup_06135,pdf-d31d8ea0b508d7f251bd,gold_calib
gold_p8_batch4_topup_06136,pdf-d31d8ea0b508d7f251bd,gold_calib
gold_p8_batch4_topup_06137,pdf-d32f9fdfb33a50ed2b0b,gold_calib
gold_p8_batch4_topup_06138,pdf-d32f9fdfb33a50ed2b0b,gold_calib
gold_p8_batch4_topup_06139,pdf-d32f9fdfb33a50ed2b0b,gold_calib
gold_p8_batch4_topup_06175,pdf-d429f1fb9031178fb5d7,gold_calib
gold_p8_batch4_topup_06176,pdf-d429f1fb9031178fb5d7,gold_calib
gold_p8_batch4_topup_06177,pdf-d42d255cd00c460149e5,gold_calib
gold_p8_batch4_topup_06178,pdf-d42d255cd00c460149e5,gold_calib
gold_p8_batch4_topup_06182,pdf-d4a92294a1261f19925b,gold_calib
gold_p8_batch4_topup_06183,pdf-d4a92294a1261f19925b,gold_calib
gold_p8_batch4_topup_06184,pdf-d4a92294a1261f19925b,gold_calib
gold_p8_batch4_topup_06185,pdf-d4b519ff1f2e3ef8760e,gold_calib
gold_p8_batch4_topup_06186,pdf-d4b519ff1f2e3ef8760e,gold_calib
gold_p8_batch4_topup_06199,pdf-d53e9e6cec80af63b8ce,gold_calib
gold_p8_batch4_topup_06205,pdf-d5760745c83d657c2113,gold_calib
gold_p8_batch4_topup_06206,pdf-d5869a0752cd7d808f50,gold_calib
gold_p8_batch4_topup_06207,pdf-d5869a0752cd7d808f50,gold_calib
gold_p8_batch4_topup_06208,pdf-d59b1c1ef36c7bdbd3a4,gold_calib
gold_p8_batch4_topup_06212,pdf-d5c48b182bb3bedec18a,gold_calib
gold_p8_batch4_topup_06213,pdf-d5c48b182bb3bedec18a,gold_calib
gold_p8_batch4_topup_06214,pdf-d5c48b182bb3bedec18a,gold_calib
gold_p8_batch4_topup_06215,pdf-d5c48b182bb3bedec18a,gold_calib
gold_p8_batch4_topup_06224,pdf-d65d0ba632ed5ac0e157,gold_calib
gold_p8_batch4_topup_06225,pdf-d65d0ba632ed5ac0e157,gold_calib
gold_p8_batch4_topup_06226,pdf-d65d0ba632ed5ac0e157,gold_calib
gold_p8_batch4_topup_06227,pdf-d6914b8346b1c6998544,gold_calib
gold_p8_batch4_topup_06228,pdf-d6914b8346b1c6998544,gold_calib
gold_p8_batch4_topup_06229,pdf-d6914b8346b1c6998544,gold_calib
gold_p8_batch4_topup_06230,pdf-d6914b8346b1c6998544,gold_calib
gold_p8_batch4_topup_06238,pdf-d70a13a5040436788d44,gold_calib
gold_p8_batch4_topup_06239,pdf-d70a13a5040436788d44,gold_calib
gold_p8_batch4_topup_06247,pdf-d7415c14534b21bfcb5a,gold_calib
gold_p8_batch4_topup_06248,pdf-d7415c14534b21bfcb5a,gold_calib
gold_p8_batch4_topup_06249,pdf-d7415c14534b21bfcb5a,gold_calib
gold_p8_batch4_topup_06270,pdf-d7be73b650443ad7effe,gold_calib
gold_p8_batch4_topup_06279,pdf-d80c93433ed41904ed71,gold_calib
gold_p8_batch4_topup_06280,pdf-d80c93433ed41904ed71,gold_calib
gold_p8_batch4_topup_06281,pdf-d80c93433ed41904ed71,gold_calib
gold_p8_batch4_topup_06282,pdf-d80c93433ed41904ed71,gold_calib
gold_p8_batch4_topup_06287,pdf-d81c9ee0bf34185d4b83,gold_calib
gold_p8_batch4_topup_06288,pdf-d81c9ee0bf34185d4b83,gold_calib
gold_p8_batch4_topup_06289,pdf-d81c9ee0bf34185d4b83,gold_calib
gold_p8_batch4_topup_06290,pdf-d824d307dbc77dc170ce,gold_calib
gold_p8_batch4_topup_06291,pdf-d824d307dbc77dc170ce,gold_calib
gold_p8_batch4_topup_06292,pdf-d824d307dbc77dc170ce,gold_calib
gold_p8_batch4_topup_06294,pdf-d885786778c17eb2c8df,gold_calib
gold_p8_batch4_topup_06295,pdf-d89b8ea7fa8de3c4d85c,gold_calib
gold_p8_batch4_topup_06296,pdf-d89b8ea7fa8de3c4d85c,gold_calib
gold_p8_batch4_topup_06297,pdf-d8bd77f046805ede0af0,gold_calib
gold_p8_batch4_topup_06298,pdf-d8bd77f046805ede0af0,gold_calib
gold_p8_batch4_topup_06299,pdf-d8bd77f046805ede0af0,gold_calib
gold_p8_batch4_topup_06308,pdf-d94f158ebd0bad355a55,gold_calib
gold_p8_batch4_topup_06309,pdf-d94f158ebd0bad355a55,gold_calib
gold_p8_batch4_topup_06310,pdf-d94f158ebd0bad355a55,gold_calib
gold_p8_batch4_topup_06311,pdf-d987ae7a5fb45725474f,gold_calib
gold_p8_batch4_topup_06312,pdf-d987ae7a5fb45725474f,gold_calib
gold_p8_batch4_topup_06313,pdf-d987ae7a5fb45725474f,gold_calib
gold_p8_batch4_topup_06316,pdf-d9b787e04fed6588c3ea,gold_calib
gold_p8_batch4_topup_06317,pdf-d9b787e04fed6588c3ea,gold_calib
gold_p8_batch4_topup_06318,pdf-d9b787e04fed6588c3ea,gold_calib
gold_p8_batch4_topup_06337,pdf-da83e2b111e0db1bba99,gold_calib
gold_p8_batch4_topup_06344,pdf-dae5120b56266a07e2d6,gold_calib
gold_p8_batch4_topup_06345,pdf-dae5120b56266a07e2d6,gold_calib
gold_p8_batch4_topup_06346,pdf-dae5120b56266a07e2d6,gold_calib
gold_p8_batch4_topup_06347,pdf-dae5120b56266a07e2d6,gold_calib
gold_p8_batch4_topup_06370,pdf-dba3e669e68c9d03ab95,gold_calib
gold_p8_batch4_topup_06371,pdf-dba3e669e68c9d03ab95,gold_calib
gold_p8_batch4_topup_06372,pdf-dba3e669e68c9d03ab95,gold_calib
gold_p8_batch4_topup_06373,pdf-dba3e669e68c9d03ab95,gold_calib
gold_p8_batch4_topup_06375,pdf-dbc411dd491657388ab0,gold_calib
gold_p8_batch4_topup_06376,pdf-dbc411dd491657388ab0,gold_calib
gold_p8_batch4_topup_06405,pdf-dceb14a459bfe1ec557a,gold_calib
gold_p8_batch4_topup_06406,pdf-dceb14a459bfe1ec557a,gold_calib
gold_p8_batch4_topup_06420,pdf-dd44bba397502c13e7f3,gold_calib
gold_p8_batch4_topup_06421,pdf-dd44bba397502c13e7f3,gold_calib
gold_p8_batch4_topup_06422,pdf-dd44bba397502c13e7f3,gold_calib
gold_p8_batch4_topup_06423,pdf-dd44bba397502c13e7f3,gold_calib
gold_p8_batch4_topup_06443,pdf-ddfc5959c5e2ea2eed05,gold_calib
gold_p8_batch4_topup_06444,pdf-ddfc5959c5e2ea2eed05,gold_calib
gold_p8_batch4_topup_06464,pdf-de9b07b5fc122b0875a3,gold_calib
gold_p8_batch4_topup_06465,pdf-de9b07b5fc122b0875a3,gold_calib
gold_p8_batch4_topup_06473,pdf-df0c5d028f61df37e78d,gold_calib
gold_p8_batch4_topup_06474,pdf-df0c5d028f61df37e78d,gold_calib
gold_p8_batch4_topup_06482,pdf-df9d79a6f56385ec62b5,gold_calib
gold_p8_batch4_topup_06483,pdf-df9d79a6f56385ec62b5,gold_calib
gold_p8_batch4_topup_06484,pdf-df9d79a6f56385ec62b5,gold_calib
gold_p8_batch4_topup_06485,pdf-df9d79a6f56385ec62b5,gold_calib
gold_p8_batch4_topup_06494,pdf-e000cd5aeced3ca4b2a2,gold_calib
gold_p8_batch4_topup_06495,pdf-e000cd5aeced3ca4b2a2,gold_calib
gold_p8_batch4_topup_06503,pdf-e026b8d9be1e69a4b7ad,gold_calib
gold_p8_batch4_topup_06504,pdf-e026b8d9be1e69a4b7ad,gold_calib
gold_p8_batch4_topup_06517,pdf-e0b06410f6d0122fa302,gold_calib
gold_p8_batch4_topup_06518,pdf-e0b06410f6d0122fa302,gold_calib
gold_p8_batch4_topup_06519,pdf-e0b06410f6d0122fa302,gold_calib
gold_p8_batch4_topup_06520,pdf-e0b06410f6d0122fa302,gold_calib
gold_p8_batch4_topup_06523,pdf-e0ea5dc2295fe7b4862b,gold_calib
gold_p8_batch4_topup_06524,pdf-e0ea5dc2295fe7b4862b,gold_calib
gold_p8_batch4_topup_06525,pdf-e0ea5dc2295fe7b4862b,gold_calib
gold_p8_batch4_topup_06526,pdf-e0ea5dc2295fe7b4862b,gold_calib
gold_p8_batch4_topup_06544,pdf-e171fe7b9d047f7d3a41,gold_calib
gold_p8_batch4_topup_06545,pdf-e171fe7b9d047f7d3a41,gold_calib
gold_p8_batch4_topup_06546,pdf-e171fe7b9d047f7d3a41,gold_calib
gold_p8_batch4_topup_06547,pdf-e171fe7b9d047f7d3a41,gold_calib
gold_p8_batch4_topup_06562,pdf-e1ee5eb23cf4ebd90c0a,gold_calib
gold_p8_batch4_topup_06563,pdf-e1ee5eb23cf4ebd90c0a,gold_calib
gold_p8_batch4_topup_06567,pdf-e1f21a27e2ea931e0948,gold_calib
gold_p8_batch4_topup_06568,pdf-e1f21a27e2ea931e0948,gold_calib
gold_p8_batch4_topup_06569,pdf-e1f21a27e2ea931e0948,gold_calib
gold_p8_batch4_topup_06570,pdf-e1f21a27e2ea931e0948,gold_calib
gold_p8_batch4_topup_06571,pdf-e2693a104ea9607e7617,gold_calib
gold_p8_batch4_topup_06572,pdf-e2693a104ea9607e7617,gold_calib
gold_p8_batch4_topup_06573,pdf-e2693a104ea9607e7617,gold_calib
gold_p8_batch4_topup_06579,pdf-e2f58e93599b30fc6ce2,gold_calib
gold_p8_batch4_topup_06580,pdf-e2fa3397a1d104f2709e,gold_calib
gold_p8_batch4_topup_06581,pdf-e2fa3397a1d104f2709e,gold_calib
gold_p8_batch4_topup_06582,pdf-e2fa3397a1d104f2709e,gold_calib
gold_p8_batch4_topup_06604,pdf-e402116bea2e0f57dbb0,gold_calib
gold_p8_batch4_topup_06605,pdf-e402116bea2e0f57dbb0,gold_calib
gold_p8_batch4_topup_06606,pdf-e402116bea2e0f57dbb0,gold_calib
gold_p8_batch4_topup_06617,pdf-e445adaa305b536df6be,gold_calib
gold_p8_batch4_topup_06618,pdf-e445adaa305b536df6be,gold_calib
gold_p8_batch4_topup_06619,pdf-e445adaa305b536df6be,gold_calib
gold_p8_batch4_topup_06620,pdf-e445adaa305b536df6be,gold_calib
gold_p8_batch4_topup_06622,pdf-e469356088e1f490295e,gold_calib
gold_p8_batch4_topup_06623,pdf-e47e806197cdd9e15d05,gold_calib
gold_p8_batch4_topup_06624,pdf-e47e806197cdd9e15d05,gold_calib
gold_p8_batch4_topup_06625,pdf-e47e806197cdd9e15d05,gold_calib
gold_p8_batch4_topup_06628,pdf-e49cfd0b36b447984f4a,gold_calib
gold_p8_batch4_topup_06629,pdf-e49cfd0b36b447984f4a,gold_calib
gold_p8_batch4_topup_06641,pdf-e4f165b84b72b07cba8a,gold_calib
gold_p8_batch4_topup_06642,pdf-e4f165b84b72b07cba8a,gold_calib
gold_p8_batch4_topup_06643,pdf-e4f165b84b72b07cba8a,gold_calib
gold_p8_batch4_topup_06644,pdf-e4f165b84b72b07cba8a,gold_calib
gold_p8_batch4_topup_06653,pdf-e519837ccedbc416f5c6,gold_calib
gold_p8_batch4_topup_06654,pdf-e519837ccedbc416f5c6,gold_calib
gold_p8_batch4_topup_06655,pdf-e519837ccedbc416f5c6,gold_calib
gold_p8_batch4_topup_06656,pdf-e519837ccedbc416f5c6,gold_calib
gold_p8_batch4_topup_06664,pdf-e5e872d06aa51ea6ad0b,gold_calib
gold_p8_batch4_topup_06665,pdf-e5e872d06aa51ea6ad0b,gold_calib
gold_p8_batch4_topup_06666,pdf-e5e872d06aa51ea6ad0b,gold_calib
gold_p8_batch4_topup_06667,pdf-e5f6a9a0f5e92e978d5d,gold_calib
gold_p8_batch4_topup_06668,pdf-e5f6a9a0f5e92e978d5d,gold_calib
gold_p8_batch4_topup_06669,pdf-e5f6a9a0f5e92e978d5d,gold_calib
gold_p8_batch4_topup_06672,pdf-e63392e631817f011532,gold_calib
gold_p8_batch4_topup_06673,pdf-e63392e631817f011532,gold_calib
gold_p8_batch4_topup_06674,pdf-e63392e631817f011532,gold_calib
gold_p8_batch4_topup_06690,pdf-e6ba629dc22ca2f89b90,gold_calib
gold_p8_batch4_topup_06691,pdf-e6ba629dc22ca2f89b90,gold_calib
gold_p8_batch4_topup_06692,pdf-e6ba629dc22ca2f89b90,gold_calib
gold_p8_batch4_topup_06693,pdf-e6ba629dc22ca2f89b90,gold_calib
gold_p8_batch4_topup_06697,pdf-e6f05f59a2a29d9e4277,gold_calib
gold_p8_batch4_topup_06698,pdf-e6f05f59a2a29d9e4277,gold_calib
gold_p8_batch4_topup_06699,pdf-e6f05f59a2a29d9e4277,gold_calib
gold_p8_batch4_topup_06704,pdf-e70ab43d1a7778ae56b1,gold_calib
gold_p8_batch4_topup_06710,pdf-e73ae012741b48306a50,gold_calib
gold_p8_batch4_topup_06711,pdf-e73ae012741b48306a50,gold_calib
gold_p8_batch4_topup_06712,pdf-e73ae012741b48306a50,gold_calib
gold_p8_batch4_topup_06713,pdf-e73ae012741b48306a50,gold_calib
gold_p8_batch4_topup_06744,pdf-e88dd87f52a4a5db87ec,gold_calib
gold_p8_batch4_topup_06745,pdf-e88dd87f52a4a5db87ec,gold_calib
gold_p8_batch4_topup_06757,pdf-e8bb373fda7c9cbd9311,gold_calib
gold_p8_batch4_topup_06758,pdf-e8bb373fda7c9cbd9311,gold_calib
gold_p8_batch4_topup_06769,pdf-e92b5ab073e62b44f84a,gold_calib
gold_p8_batch4_topup_06770,pdf-e92b5ab073e62b44f84a,gold_calib
gold_p8_batch4_topup_06771,pdf-e92b5ab073e62b44f84a,gold_calib
gold_p8_batch4_topup_06772,pdf-e98cc8af8afa46fdd6c3,gold_calib
gold_p8_batch4_topup_06773,pdf-e98cc8af8afa46fdd6c3,gold_calib
gold_p8_batch4_topup_06774,pdf-e9b4c2cef568a1fcb0a9,gold_calib
gold_p8_batch4_topup_06813,pdf-eb5c8b0a2109972e1814,gold_calib
gold_p8_batch4_topup_06814,pdf-eb5c8b0a2109972e1814,gold_calib
gold_p8_batch4_topup_06815,pdf-eb5c8b0a2109972e1814,gold_calib
gold_p8_batch4_topup_06816,pdf-eb6835453bae41d3867e,gold_calib
gold_p8_batch4_topup_06817,pdf-eb6835453bae41d3867e,gold_calib
gold_p8_batch4_topup_06818,pdf-eb6835453bae41d3867e,gold_calib
gold_p8_batch4_topup_06822,pdf-ec02b55da591e7b97df4,gold_calib
gold_p8_batch4_topup_06823,pdf-ec02b55da591e7b97df4,gold_calib
gold_p8_batch4_topup_06824,pdf-ec02b55da591e7b97df4,gold_calib
gold_p8_batch4_topup_06825,pdf-ec02b55da591e7b97df4,gold_calib
gold_p8_batch4_topup_06832,pdf-ec6078dd243537c1d537,gold_calib
gold_p8_batch4_topup_06834,pdf-ec6078dd243537c1d537,gold_calib
gold_p8_batch4_topup_06842,pdf-ec97e04b72a3ef40026c,gold_calib
gold_p8_batch4_topup_06843,pdf-ec97e04b72a3ef40026c,gold_calib
gold_p8_batch4_topup_06844,pdf-ec97e04b72a3ef40026c,gold_calib
gold_p8_batch4_topup_06845,pdf-ec97e04b72a3ef40026c,gold_calib
gold_p8_batch4_topup_06849,pdf-ecda3c7a4e8488fb1ecc,gold_calib
gold_p8_batch4_topup_06850,pdf-ecda3c7a4e8488fb1ecc,gold_calib
gold_p8_batch4_topup_06851,pdf-ecda3c7a4e8488fb1ecc,gold_calib
gold_p8_batch4_topup_06852,pdf-ecda3c7a4e8488fb1ecc,gold_calib
gold_p8_batch4_topup_06858,pdf-ed2a4048fc9cbb0700a1,gold_calib
gold_p8_batch4_topup_06859,pdf-ed2a4048fc9cbb0700a1,gold_calib
gold_p8_batch4_topup_06870,pdf-ed60c24fbfdfd80fe1d7,gold_calib
gold_p8_batch4_topup_06871,pdf-ed60c24fbfdfd80fe1d7,gold_calib
gold_p8_batch4_topup_06880,pdf-ed98aa0a82697d530a30,gold_calib
gold_p8_batch4_topup_06881,pdf-ed98aa0a82697d530a30,gold_calib
gold_p8_batch4_topup_06882,pdf-ed98aa0a82697d530a30,gold_calib
gold_p8_batch4_topup_06906,pdf-ee415f3a252d2009f82c,gold_calib
gold_p8_batch4_topup_06910,pdf-ee84e23d239aaf7a8b00,gold_calib
gold_p8_batch4_topup_06911,pdf-ee8829a8db14e73edee4,gold_calib
gold_p8_batch4_topup_06912,pdf-ee8829a8db14e73edee4,gold_calib
gold_p8_batch4_topup_06913,pdf-ee8829a8db14e73edee4,gold_calib
gold_p8_batch4_topup_06914,pdf-eea2f581ffb458179f3a,gold_calib
gold_p8_batch4_topup_06915,pdf-eea2f581ffb458179f3a,gold_calib
gold_p8_batch4_topup_06916,pdf-eea2f581ffb458179f3a,gold_calib
gold_p8_batch4_topup_06923,pdf-ef196ffd0c1bfde10af4,gold_calib
gold_p8_batch4_topup_06924,pdf-ef196ffd0c1bfde10af4,gold_calib
gold_p8_batch4_topup_06925,pdf-ef196ffd0c1bfde10af4,gold_calib
gold_p8_batch4_topup_06933,pdf-ef57e5be45dd1ecd4004,gold_calib
gold_p8_batch4_topup_06934,pdf-ef57e5be45dd1ecd4004,gold_calib
gold_p8_batch4_topup_06935,pdf-ef57e5be45dd1ecd4004,gold_calib
gold_p8_batch4_topup_06936,pdf-ef57e5be45dd1ecd4004,gold_calib
gold_p8_batch4_topup_06937,pdf-ef6197e1b7199e4df935,gold_calib
gold_p8_batch4_topup_06938,pdf-ef6197e1b7199e4df935,gold_calib
gold_p8_batch4_topup_06948,pdf-effba7677a14a099963f,gold_calib
gold_p8_batch4_topup_06949,pdf-effba7677a14a099963f,gold_calib
gold_p8_batch4_topup_06960,pdf-f02c5b5ba22098f044ec,gold_calib
gold_p8_batch4_topup_06961,pdf-f02c5b5ba22098f044ec,gold_calib
gold_p8_batch4_topup_06962,pdf-f02c5b5ba22098f044ec,gold_calib
gold_p8_batch4_topup_06963,pdf-f02c5b5ba22098f044ec,gold_calib
gold_p8_batch4_topup_06965,pdf-f0985ec2212956c502f3,gold_calib
gold_p8_batch4_topup_06966,pdf-f0985ec2212956c502f3,gold_calib
gold_p8_batch4_topup_06971,pdf-f0a89dd1e55929c6d0d6,gold_calib
gold_p8_batch4_topup_06972,pdf-f0a89dd1e55929c6d0d6,gold_calib
gold_p8_batch4_topup_06973,pdf-f0a89dd1e55929c6d0d6,gold_calib
gold_p8_batch4_topup_06974,pdf-f0a89dd1e55929c6d0d6,gold_calib
gold_p8_batch4_topup_07003,pdf-f1b05f349d2794d0d16c,gold_calib
gold_p8_batch4_topup_07004,pdf-f1b584e514595493cf60,gold_calib
gold_p8_batch4_topup_07005,pdf-f1b584e514595493cf60,gold_calib
gold_p8_batch4_topup_07006,pdf-f1b584e514595493cf60,gold_calib
gold_p8_batch4_topup_07007,pdf-f1b584e514595493cf60,gold_calib
gold_p8_batch4_topup_07020,pdf-f209624ef3f99ac8518c,gold_calib
gold_p8_batch4_topup_07021,pdf-f209624ef3f99ac8518c,gold_calib
gold_p8_batch4_topup_07022,pdf-f209624ef3f99ac8518c,gold_calib
gold_p8_batch4_topup_07038,pdf-f27f3cc20535056b5a6e,gold_calib
gold_p8_batch4_topup_07039,pdf-f27f3cc20535056b5a6e,gold_calib
gold_p8_batch4_topup_07046,pdf-f290b442af6ebf5af4f3,gold_calib
gold_p8_batch4_topup_07047,pdf-f290b442af6ebf5af4f3,gold_calib
gold_p8_batch4_topup_07061,pdf-f3ce02ff80e5dd5193d3,gold_calib
gold_p8_batch4_topup_07062,pdf-f3ce02ff80e5dd5193d3,gold_calib
gold_p8_batch4_topup_07063,pdf-f3ce02ff80e5dd5193d3,gold_calib
gold_p8_batch4_topup_07064,pdf-f45a85026b1a2c0c8bbb,gold_calib
gold_p8_batch4_topup_07065,pdf-f45a85026b1a2c0c8bbb,gold_calib
gold_p8_batch4_topup_07066,pdf-f45a85026b1a2c0c8bbb,gold_calib
gold_p8_batch4_topup_07090,pdf-f541eda9db716f16fabf,gold_calib
gold_p8_batch4_topup_07091,pdf-f541eda9db716f16fabf,gold_calib
gold_p8_batch4_topup_07111,pdf-f5da4af662905022d00c,gold_calib
gold_p8_batch4_topup_07112,pdf-f5da4af662905022d00c,gold_calib
gold_p8_batch4_topup_07137,pdf-f67a9ba5daddc9ce6730,gold_calib
gold_p8_batch4_topup_07138,pdf-f67a9ba5daddc9ce6730,gold_calib
gold_p8_batch4_topup_07139,pdf-f67a9ba5daddc9ce6730,gold_calib
gold_p8_batch4_topup_07140,pdf-f67a9ba5daddc9ce6730,gold_calib
gold_p8_batch4_topup_07171,pdf-f7b45c101abfa1ff598a,gold_calib
gold_p8_batch4_topup_07172,pdf-f7b45c101abfa1ff598a,gold_calib
gold_p8_batch4_topup_07176,pdf-f814f05bc47004f7a409,gold_calib
gold_p8_batch4_topup_07177,pdf-f814f05bc47004f7a409,gold_calib
gold_p8_batch4_topup_07179,pdf-f87a9df03438dba6b405,gold_calib
gold_p8_batch4_topup_07180,pdf-f87a9df03438dba6b405,gold_calib
gold_p8_batch4_topup_07181,pdf-f87a9df03438dba6b405,gold_calib
gold_p8_batch4_topup_07182,pdf-f87a9df03438dba6b405,gold_calib
gold_p8_batch4_topup_07183,pdf-f88117f50550a812db7b,gold_calib
gold_p8_batch4_topup_07184,pdf-f88117f50550a812db7b,gold_calib
gold_p8_batch4_topup_07185,pdf-f891fa263c4946a0d40e,gold_calib
gold_p8_batch4_topup_07186,pdf-f891fa263c4946a0d40e,gold_calib
gold_p8_batch4_topup_07207,pdf-f902047e34e571515968,gold_calib
gold_p8_batch4_topup_07208,pdf-f902047e34e571515968,gold_calib
gold_p8_batch4_topup_07214,pdf-f96e077eb161d0bd33d6,gold_calib
gold_p8_batch4_topup_07215,pdf-f96e077eb161d0bd33d6,gold_calib
gold_p8_batch4_topup_07216,pdf-f96e077eb161d0bd33d6,gold_calib
gold_p8_batch4_topup_07252,pdf-fa85d19f513e577a4844,gold_calib
gold_p8_batch4_topup_07266,pdf-fac33e98aa4d80131fa0,gold_calib
gold_p8_batch4_topup_07267,pdf-fac33e98aa4d80131fa0,gold_calib
gold_p8_batch4_topup_07268,pdf-fac33e98aa4d80131fa0,gold_calib
gold_p8_batch4_topup_07295,pdf-fbd020a63b2535654d26,gold_calib
gold_p8_batch4_topup_07296,pdf-fbd020a63b2535654d26,gold_calib
gold_p8_batch4_topup_07307,pdf-fbfb9a5e69f5abca0e66,gold_calib
gold_p8_batch4_topup_07312,pdf-fc64df63b0d198aa973d,gold_calib
gold_p8_batch4_topup_07313,pdf-fc64df63b0d198aa973d,gold_calib
gold_p8_batch4_topup_07314,pdf-fc64df63b0d198aa973d,gold_calib
gold_p8_batch4_topup_07319,pdf-fcc1f7eb8e0299b8a6f7,gold_calib
gold_p8_batch4_topup_07320,pdf-fcc1f7eb8e0299b8a6f7,gold_calib
gold_p8_batch4_topup_07321,pdf-fcc1f7eb8e0299b8a6f7,gold_calib
gold_p8_batch4_topup_07322,pdf-fcdd6c056f3638c4d415,gold_calib
gold_p8_batch4_topup_07323,pdf-fcdd6c056f3638c4d415,gold_calib
gold_p8_batch4_topup_07324,pdf-fcdd6c056f3638c4d415,gold_calib
gold_p8_batch4_topup_07346,pdf-fd58f9722adfc4f0ef6d,gold_calib
gold_p8_batch4_topup_07347,pdf-fd58f9722adfc4f0ef6d,gold_calib
gold_p8_batch4_topup_07348,pdf-fd58f9722adfc4f0ef6d,gold_calib
gold_p8_batch4_topup_07349,pdf-fd58f9722adfc4f0ef6d,gold_calib
gold_p8_batch4_topup_07350,pdf-fd5ce225f57685cb0708,gold_calib
gold_p8_batch4_topup_07385,pdf-fe2ebc2f248ee9299b4d,gold_calib
gold_p8_batch4_topup_07386,pdf-fe2ebc2f248ee9299b4d,gold_calib
gold_p8_batch4_topup_07387,pdf-fe2ebc2f248ee9299b4d,gold_calib
gold_p8_batch4_topup_07388,pdf-fe2ebc2f248ee9299b4d,gold_calib
gold_p8_batch4_topup_07394,pdf-fe69200fced016def9bf,gold_calib
gold_p8_batch4_topup_07395,pdf-fe69200fced016def9bf,gold_calib
gold_p8_batch4_topup_07396,pdf-fe69200fced016def9bf,gold_calib
gold_p8_batch4_topup_07397,pdf-fe69200fced016def9bf,gold_calib
gold_p8_batch4_topup_07398,pdf-fe72fb34a849546338c1,gold_calib
gold_p8_batch4_topup_07399,pdf-fe72fb34a849546338c1,gold_calib
gold_p8_batch4_topup_07400,pdf-fe72fb34a849546338c1,gold_calib
gold_p8_batch4_topup_07428,pdf-ff6c352cd636f9d01038,gold_calib
