window_id,paper_id,split
gold_p8_batch4_topup_00001,pdf-007cdbf6c880572995c2,trusted_train
gold_p8_batch4_topup_00002,pdf-007cdbf6c880572995c2,trusted_train
gold_p8_batch4_topup_00003,pdf-007cdbf6c880572995c2,trusted_train
gold_p8_batch4_topup_00004,pdf-00851cfe496abecd3e0c,trusted_train
gold_p8_batch4_topup_00005,pdf-00851cfe496abecd3e0c,trusted_train
gold_p8_batch4_topup_00016,pdf-010fc8662f72ccc082bb,trusted_train
gold_p8_batch4_topup_00017,pdf-010fc8662f72ccc082bb,trusted_train
gold_p8_batch4_topup_00018,pdf-0113610c8626075c7542,trusted_train
gold_p8_batch4_topup_00023,pdf-016f8169ca5f94fdd50c,trusted_train
gold_p8_batch4_topup_00024,pdf-016f8169ca5f94fdd50c,trusted_train
gold_p8_batch4_topup_00034,pdf-01c02e50f7e99c2f8a43,trusted_train
gold_p8_batch4_topup_00035,pdf-01c02e50f7e99c2f8a43,trusted_train
gold_p8_batch4_topup_00044,pdf-0250e5f5688e03ba9425,trusted_train
gold_p8_batch4_topup_00046,pdf-0250e5f5688e03ba9425,trusted_train
gold_p8_batch4_topup_00047,pdf-0250e5f5688e03ba9425,trusted_train
gold_p8_batch4_topup_00048,pdf-0250e5f5688e03ba9425,trusted_train
gold_p8_batch4_topup_00062,pdf-02c1573514592b048dad,trusted_train
gold_p8_batch4_topup_00063,pdf-02c1573514592b048dad,trusted_train
gold_p8_batch4_topup_00064,pdf-02c1573514592b048dad,trusted_train
gold_p8_batch4_topup_00065,pdf-02c1573514592b048dad,trusted_train
gold_p8_batch4_topup_00066,pdf-02c1573514592b048dad,trusted_train
gold_p8_batch4_topup_00067,pdf-02d628aeba71e91127b4,trusted_train
gold_p8_batch4_topup_00068,pdf-02d628aeba71e91127b4,trusted_train
gold_p8_batch4_topup_00074,pdf-03a7958e678fae95c7cb,trusted_train
gold_p8_batch4_topup_00075,pdf-03a7958e678fae95c7cb,trusted_train
gold_p8_batch4_topup_00084,pdf-04098285f37ee4538ac8,trusted_train
gold_p8_batch4_topup_00085,pdf-04098285f37ee4538ac8,trusted_train
gold_p8_batch4_topup_00086,pdf-04098285f37ee4538ac8,trusted_train
gold_p8_batch4_topup_00087,pdf-04098285f37ee4538ac8,trusted_train
gold_p8_batch4_topup_00088,pdf-04098285f37ee4538ac8,trusted_train
gold_p8_batch4_topup_00092,pdf-04c0b0f80408a9a0b407,trusted_train
gold_p8_batch4_topup_00093,pdf-04c0b0f80408a9a0b407,trusted_train
gold_p8_batch4_topup_00094,pdf-04c0b0f80408a9a0b407,trusted_train
gold_p8_batch4_topup_00095,pdf-04c0b0f80408a9a0b407,trusted_train
gold_p8_batch4_topup_00098,pdf-04df01e8eade71c28520,trusted_train
gold_p8_batch4_topup_00099,pdf-04df01e8eade71c28520,trusted_train
gold_p8_batch4_topup_00108,pdf-0504281fb35b0989c92d,trusted_train
gold_p8_batch4_topup_00109,pdf-0504281fb35b0989c92d,trusted_train
gold_p8_batch4_topup_00110,pdf-0504281fb35b0989c92d,trusted_train
gold_p8_batch4_topup_00111,pdf-0504281fb35b0989c92d,trusted_train
gold_p8_batch4_topup_00112,pdf-0504281fb35b0989c92d,trusted_train
gold_p8_batch4_topup_00125,pdf-05d54dea4b8c760c7bd6,trusted_train
gold_p8_batch4_topup_00126,pdf-05d54dea4b8c760c7bd6,trusted_train
gold_p8_batch4_topup_00127,pdf-05d54dea4b8c760c7bd6,trusted_train
gold_p8_batch4_topup_00128,pdf-05d54dea4b8c760c7bd6,trusted_train
gold_p8_batch4_topup_00141,pdf-068298ecc9c79a453199,trusted_train
gold_p8_batch4_topup_00144,pdf-06f2234bc859cd8411eb,trusted_train
gold_p8_batch4_topup_00145,pdf-06f2234bc859cd8411eb,trusted_train
gold_p8_batch4_topup_00146,pdf-06f2234bc859cd8411eb,trusted_train
gold_p8_batch4_topup_00147,pdf-06f2234bc859cd8411eb,trusted_train
gold_p8_batch4_topup_00148,pdf-06f2234bc859cd8411eb,trusted_train
gold_p8_batch4_topup_00149,pdf-06fbd662438a08d649ff,trusted_train
gold_p8_batch4_topup_00150,pdf-06fbd662438a08d649ff,trusted_train
gold_p8_batch4_topup_00151,pdf-06fbd662438a08d649ff,trusted_train
gold_p8_batch4_topup_00152,pdf-06fbd662438a08d649ff,trusted_train
gold_p8_batch4_topup_00153,pdf-06fbd662438a08d649ff,trusted_train
gold_p8_batch4_topup_00158,pdf-07227bdac2e8c5c70a72,trusted_train
gold_p8_batch4_topup_00159,pdf-07227bdac2e8c5c70a72,trusted_train
gold_p8_batch4_topup_00160,pdf-07227bdac2e8c5c70a72,trusted_train
gold_p8_batch4_topup_00161,pdf-07227bdac2e8c5c70a72,trusted_train
gold_p8_batch4_topup_00162,pdf-07227bdac2e8c5c70a72,trusted_train
gold_p8_batch4_topup_00163,pdf-072ef06608a460f668ca,trusted_train
gold_p8_batch4_topup_00164,pdf-072ef06608a460f668ca,trusted_train
gold_p8_batch4_topup_00165,pdf-072ef06608a460f668ca,trusted_train
gold_p8_batch4_topup_00166,pdf-073ab784ddf5b0f56f4a,trusted_train
gold_p8_batch4_topup_00167,pdf-073ab784ddf5b0f56f4a,trusted_train
gold_p8_batch4_topup_00168,pdf-073ab784ddf5b0f56f4a,trusted_train
gold_p8_batch4_topup_00169,pdf-073ab784ddf5b0f56f4a,trusted_train
gold_p8_batch4_topup_00170,pdf-0744bdb662881888a198,trusted_train
gold_p8_batch4_topup_00171,pdf-0744bdb662881888a198,trusted_train
gold_p8_batch4_topup_00172,pdf-0744bdb662881888a198,trusted_train
gold_p8_batch4_topup_00173,pdf-0744bdb662881888a198,trusted_train
gold_p8_batch4_topup_00174,pdf-0744bdb662881888a198,trusted_train
gold_p8_batch4_topup_00209,pdf-095c4adf54ca2c41b648,trusted_train
gold_p8_batch4_topup_00210,pdf-095c4adf54ca2c41b648,trusted_train
gold_p8_batch4_topup_00211,pdf-095c4adf54ca2c41b648,trusted_train
gold_p8_batch4_topup_00212,pdf-095c4adf54ca2c41b648,trusted_train
gold_p8_batch4_topup_00213,pdf-095c4adf54ca2c41b648,trusted_train
gold_p8_batch4_topup_00216,pdf-098998d9465732fe397c,trusted_train
gold_p8_batch4_topup_00217,pdf-098998d9465732fe397c,trusted_train
gold_p8_batch4_topup_00218,pdf-098998d9465732fe397c,trusted_train
gold_p8_batch4_topup_00219,pdf-098998d9465732fe397c,trusted_train
gold_p8_batch4_topup_00220,pdf-098998d9465732fe397c,trusted_train
gold_p8_batch4_topup_00233,pdf-0a03b5862ae74c0ff3ba,trusted_train
gold_p8_batch4_topup_00234,pdf-0a03b5862ae74c0ff3ba,trusted_train
gold_p8_batch4_topup_00235,pdf-0a03b5862ae74c0ff3ba,trusted_train
gold_p8_batch4_topup_00242,pdf-0a4a5c527305ee6c3de1,trusted_train
gold_p8_batch4_topup_00243,pdf-0a4a5c527305ee6c3de1,trusted_train
gold_p8_batch4_topup_00251,pdf-0af4b51236d85b9865d8,trusted_train
gold_p8_batch4_topup_00252,pdf-0af4b51236d85b9865d8,trusted_train
gold_p8_batch4_topup_00253,pdf-0af4b51236d85b9865d8,trusted_train
gold_p8_batch4_topup_00254,pdf-0af4b51236d85b9865d8,trusted_train
gold_p8_batch4_topup_00255,pdf-0af4b51236d85b9865d8,trusted_train
gold_p8_batch4_topup_00259,pdf-0b465d7f57c98509c14f,trusted_train
gold_p8_batch4_topup_00260,pdf-0b465d7f57c98509c14f,trusted_train
gold_p8_batch4_topup_00261,pdf-0b465d7f57c98509c14f,trusted_train
gold_p8_batch4_topup_00262,pdf-0b465d7f57c98509c14f,trusted_train
gold_p8_batch4_topup_00266,pdf-0b6f7dd2beb4e08fa2f3,trusted_train
gold_p8_batch4_topup_00267,pdf-0b6f7dd2beb4e08fa2f3,trusted_train
gold_p8_batch4_topup_00271,pdf-0bce8e9a86e9d7337bf3,trusted_train
gold_p8_batch4_topup_00272,pdf-0bce8e9a86e9d7337bf3,trusted_train
gold_p8_batch4_topup_00273,pdf-0bce8e9a86e9d7337bf3,trusted_train
gold_p8_batch4_topup_00274,pdf-0bce8e9a86e9d7337bf3,trusted_train
gold_p8_batch4_topup_00275,pdf-0bce8e9a86e9d7337bf3,trusted_train
gold_p8_batch4_topup_00279,pdf-0bf2ce2102327883dcce,trusted_train
gold_p8_batch4_topup_00290,pdf-0c75764056eae9d2fb16,trusted_train
gold_p8_batch4_topup_00291,pdf-0c75764056eae9d2fb16,trusted_train
gold_p8_batch4_topup_00292,pdf-0c75764056eae9d2fb16,trusted_train
gold_p8_batch4_topup_00293,pdf-0c75764056eae9d2fb16,trusted_train
gold_p8_batch4_topup_00294,pdf-0c75764056eae9d2fb16,trusted_train
gold_p8_batch4_topup_00306,pdf-0cdc7373995bad9994be,trusted_train
gold_p8_batch4_topup_00307,pdf-0cdc7373995bad9994be,trusted_train
gold_p8_batch4_topup_00308,pdf-0cdc7373995bad9994be,trusted_train
gold_p8_batch4_topup_00309,pdf-0cdc7373995bad9994be,trusted_train
gold_p8_batch4_topup_00310,pdf-0d1c004f653bf1108073,trusted_train
gold_p8_batch4_topup_00311,pdf-0d1c004f653bf1108073,trusted_train
gold_p8_batch4_topup_00319,pdf-0d6e011465c1ce73f310,trusted_train
gold_p8_batch4_topup_00329,pdf-0e0406d39113f8549f62,trusted_train
gold_p8_batch4_topup_00330,pdf-0e0406d39113f8549f62,trusted_train
gold_p8_batch4_topup_00331,pdf-0e0406d39113f8549f62,trusted_train
gold_p8_batch4_topup_00332,pdf-0e0406d39113f8549f62,trusted_train
gold_p8_batch4_topup_00333,pdf-0e0406d39113f8549f62,trusted_train
gold_p8_batch4_topup_00334,pdf-0e06df3bcf9a0123b02a,trusted_train
gold_p8_batch4_topup_00335,pdf-0e06df3bcf9a0123b02a,trusted_train
gold_p8_batch4_topup_00336,pdf-0e06df3bcf9a0123b02a,trusted_train
gold_p8_batch4_topup_00337,pdf-0e181a9155add04fc706,trusted_train
gold_p8_batch4_topup_00338,pdf-0e181a9155add04fc706,trusted_train
gold_p8_batch4_topup_00339,pdf-0e181a9155add04fc706,trusted_train
gold_p8_batch4_topup_00340,pdf-0e181a9155add04fc706,trusted_train
gold_p8_batch4_topup_00341,pdf-0e181a9155add04fc706,trusted_train
gold_p8_batch4_topup_00342,pdf-0e1e75fc084da252260f,trusted_train
gold_p8_batch4_topup_00343,pdf-0e1e75fc084da252260f,trusted_train
gold_p8_batch4_topup_00344,pdf-0e1e75fc084da252260f,trusted_train
gold_p8_batch4_topup_00348,pdf-0e40c70540b68caccc67,trusted_train
gold_p8_batch4_topup_00349,pdf-0e93125c5c45f10d8038,trusted_train
gold_p8_batch4_topup_00354,pdf-0ea8fda04f0ad60d4959,trusted_train
gold_p8_batch4_topup_00358,pdf-0f12749f4a638b9530e7,trusted_train
gold_p8_batch4_topup_00359,pdf-0f12749f4a638b9530e7,trusted_train
gold_p8_batch4_topup_00360,pdf-0f12749f4a638b9530e7,trusted_train
gold_p8_batch4_topup_00361,pdf-0f12749f4a638b9530e7,trusted_train
gold_p8_batch4_topup_00366,pdf-0f33da398141ae51d829,trusted_train
gold_p8_batch4_topup_00367,pdf-0f33da398141ae51d829,trusted_train
gold_p8_batch4_topup_00368,pdf-0f33da398141ae51d829,trusted_train
gold_p8_batch4_topup_00369,pdf-0f33da398141ae51d829,trusted_train
gold_p8_batch4_topup_00370,pdf-0f881674452c0f67a494,trusted_train
gold_p8_batch4_topup_00371,pdf-0f881674452c0f67a494,trusted_train
gold_p8_batch4_topup_00372,pdf-0f881674452c0f67a494,trusted_train
gold_p8_batch4_topup_00373,pdf-0f881674452c0f67a494,trusted_train
gold_p8_batch4_topup_00374,pdf-0f881674452c0f67a494,trusted_train
gold_p8_batch4_topup_00376,pdf-0fab7237755e85fa8372,trusted_train
gold_p8_batch4_topup_00377,pdf-0fab7237755e85fa8372,trusted_train
gold_p8_batch4_topup_00378,pdf-0fab7237755e85fa8372,trusted_train
gold_p8_batch4_topup_00382,pdf-0fd8acb9a025b339149a,trusted_train
gold_p8_batch4_topup_00383,pdf-0fd8acb9a025b339149a,trusted_train
gold_p8_batch4_topup_00384,pdf-0fd8acb9a025b339149a,trusted_train
gold_p8_batch4_topup_00385,pdf-0fd8acb9a025b339149a,trusted_train
gold_p8_batch4_topup_00386,pdf-0fd8acb9a025b339149a,trusted_train
gold_p8_batch4_topup_00400,pdf-109aaa7be0dee9c2f187,trusted_train
gold_p8_batch4_topup_00401,pdf-109aaa7be0dee9c2f187,trusted_train
gold_p8_batch4_topup_00408,pdf-110317260ca0925ee3a0,trusted_train
gold_p8_batch4_topup_00409,pdf-1111d46c2211b730b9d5,trusted_train
gold_p8_batch4_topup_00418,pdf-115e0134c1ccf0ff827a,trusted_train
gold_p8_batch4_topup_00419,pdf-116032770fe7cdeb67ab,trusted_train
gold_p8_batch4_topup_00420,pdf-116032770fe7cdeb67ab,trusted_train
gold_p8_batch4_topup_00421,pdf-116032770fe7cdeb67ab,trusted_train
gold_p8_batch4_topup_00422,pdf-116032770fe7cdeb67ab,trusted_train
gold_p8_batch4_topup_00430,pdf-1182bc4f95b2cb2e9d63,trusted_train
gold_p8_batch4_topup_00431,pdf-1182bc4f95b2cb2e9d63,trusted_train
gold_p8_batch4_topup_00440,pdf-11f810367fbc924c0bca,trusted_train
gold_p8_batch4_topup_00444,pdf-1263780ae11f9979775f,trusted_train
gold_p8_batch4_topup_00445,pdf-1263780ae11f9979775f,trusted_train
gold_p8_batch4_topup_00446,pdf-1263780ae11f9979775f,trusted_train
gold_p8_batch4_topup_00447,pdf-1263780ae11f9979775f,trusted_train
gold_p8_batch4_topup_00448,pdf-1263780ae11f9979775f,trusted_train
gold_p8_batch4_topup_00449,pdf-126703cb25f8ec372790,trusted_train
gold_p8_batch4_topup_00452,pdf-12aa998bf46b2065cae4,trusted_train
gold_p8_batch4_topup_00453,pdf-12aa998bf46b2065cae4,trusted_train
gold_p8_batch4_topup_00454,pdf-12aa998bf46b2065cae4,trusted_train
gold_p8_batch4_topup_00455,pdf-12aa998bf46b2065cae4,trusted_train
gold_p8_batch4_topup_00456,pdf-12aa998bf46b2065cae4,trusted_train
gold_p8_batch4_topup_00464,pdf-12e8739c64a003bf347c,trusted_train
gold_p8_batch4_topup_00466,pdf-133590ad5c3f4ebd4e93,trusted_train
gold_p8_batch4_topup_00467,pdf-133590ad5c3f4ebd4e93,trusted_train
gold_p8_batch4_topup_00468,pdf-133590ad5c3f4ebd4e93,trusted_train
gold_p8_batch4_topup_00469,pdf-133590ad5c3f4ebd4e93,trusted_train
gold_p8_batch4_topup_00470,pdf-133590ad5c3f4ebd4e93,trusted_train
gold_p8_batch4_topup_00474,pdf-1394b4fd139f9106fbd2,trusted_train
gold_p8_batch4_topup_00475,pdf-1394b4fd139f9106fbd2,trusted_train
gold_p8_batch4_topup_00476,pdf-1394b4fd139f9106fbd2,trusted_train
gold_p8_batch4_topup_00477,pdf-1394b4fd139f9106fbd2,trusted_train
gold_p8_batch4_topup_00478,pdf-1394b4fd139f9106fbd2,trusted_train
gold_p8_batch4_topup_00493,pdf-1459c44c34b93a6b9403,trusted_train
gold_p8_batch4_topup_00494,pdf-1459c44c34b93a6b9403,trusted_train
gold_p8_batch4_topup_00495,pdf-1459c44c34b93a6b9403,trusted_train
gold_p8_batch4_topup_00496,pdf-1459c44c34b93a6b9403,trusted_train
gold_p8_batch4_topup_00497,pdf-1459c44c34b93a6b9403,trusted_train
gold_p8_batch4_topup_00522,pdf-159906ad901b65a3cc3d,trusted_train
gold_p8_batch4_topup_00523,pdf-159906ad901b65a3cc3d,trusted_train
gold_p8_batch4_topup_00524,pdf-159906ad901b65a3cc3d,trusted_train
gold_p8_batch4_topup_00525,pdf-159906ad901b65a3cc3d,trusted_train
gold_p8_batch4_topup_00526,pdf-159906ad901b65a3cc3d,trusted_train
gold_p8_batch4_topup_00536,pdf-165759cce17270359bc7,trusted_train
gold_p8_batch4_topup_00537,pdf-165759cce17270359bc7,trusted_train
gold_p8_batch4_topup_00538,pdf-165759cce17270359bc7,trusted_train
gold_p8_batch4_topup_00539,pdf-165759cce17270359bc7,trusted_train
gold_p8_batch4_topup_00540,pdf-165759cce17270359bc7,trusted_train
gold_p8_batch4_topup_00551,pdf-16e0925d299fd0916ebb,trusted_train
gold_p8_batch4_topup_00552,pdf-16e0925d299fd0916ebb,trusted_train
gold_p8_batch4_topup_00553,pdf-16e0925d299fd0916ebb,trusted_train
gold_p8_batch4_topup_00554,pdf-16e0925d299fd0916ebb,trusted_train
gold_p8_batch4_topup_00555,pdf-16e0925d299fd0916ebb,trusted_train
gold_p8_batch4_topup_00560,pdf-170bbd903687c9cc230c,trusted_train
gold_p8_batch4_topup_00561,pdf-170bbd903687c9cc230c,trusted_train
gold_p8_batch4_topup_00562,pdf-170bbd903687c9cc230c,trusted_train
gold_p8_batch4_topup_00577,pdf-18386cef727c920d1d62,trusted_train
gold_p8_batch4_topup_00578,pdf-18386cef727c920d1d62,trusted_train
gold_p8_batch4_topup_00579,pdf-18386cef727c920d1d62,trusted_train
gold_p8_batch4_topup_00580,pdf-18386cef727c920d1d62,trusted_train
gold_p8_batch4_topup_00583,pdf-185646b96e6de2207d72,trusted_train
gold_p8_batch4_topup_00584,pdf-185646b96e6de2207d72,trusted_train
gold_p8_batch4_topup_00585,pdf-185646b96e6de2207d72,trusted_train
gold_p8_batch4_topup_00586,pdf-185646b96e6de2207d72,trusted_train
gold_p8_batch4_topup_00587,pdf-185646b96e6de2207d72,trusted_train
gold_p8_batch4_topup_00601,pdf-1900c2bd70048519cfaf,trusted_train
gold_p8_batch4_topup_00602,pdf-1900c2bd70048519cfaf,trusted_train
gold_p8_batch4_topup_00603,pdf-1900c2bd70048519cfaf,trusted_train
gold_p8_batch4_topup_00608,pdf-199c7ffa065b8ce2ffbb,trusted_train
gold_p8_batch4_topup_00609,pdf-199c7ffa065b8ce2ffbb,trusted_train
gold_p8_batch4_topup_00610,pdf-199c7ffa065b8ce2ffbb,trusted_train
gold_p8_batch4_topup_00611,pdf-199c7ffa065b8ce2ffbb,trusted_train
gold_p8_batch4_topup_00612,pdf-199c7ffa065b8ce2ffbb,trusted_train
gold_p8_batch4_topup_00627,pdf-1a2dcc815b8774b24ced,trusted_train
gold_p8_batch4_topup_00628,pdf-1a2dcc815b8774b24ced,trusted_train
gold_p8_batch4_topup_00629,pdf-1a2dcc815b8774b24ced,trusted_train
gold_p8_batch4_topup_00630,pdf-1a2dcc815b8774b24ced,trusted_train
gold_p8_batch4_topup_00631,pdf-1a2dcc815b8774b24ced,trusted_train
gold_p8_batch4_topup_00632,pdf-1a3208963993ad385f0d,trusted_train
gold_p8_batch4_topup_00633,pdf-1a55eb7a3698ee77b82f,trusted_train
gold_p8_batch4_topup_00634,pdf-1a55eb7a3698ee77b82f,trusted_train
gold_p8_batch4_topup_00635,pdf-1a7fa6497b768e3f901e,trusted_train
gold_p8_batch4_topup_00636,pdf-1a7fa6497b768e3f901e,trusted_train
gold_p8_batch4_topup_00637,pdf-1a8e861a699e097b1b39,trusted_train
gold_p8_batch4_topup_00638,pdf-1a8e861a699e097b1b39,trusted_train
gold_p8_batch4_topup_00639,pdf-1a8e861a699e097b1b39,trusted_train
gold_p8_batch4_topup_00640,pdf-1a8e861a699e097b1b39,trusted_train
gold_p8_batch4_topup_00641,pdf-1a92442fa7b82a5beaa9,trusted_train
gold_p8_batch4_topup_00642,pdf-1a92442fa7b82a5beaa9,trusted_train
gold_p8_batch4_topup_00643,pdf-1a92442fa7b82a5beaa9,trusted_train
gold_p8_batch4_topup_00644,pdf-1a92442fa7b82a5beaa9,trusted_train
gold_p8_batch4_topup_00645,pdf-1a92442fa7b82a5beaa9,trusted_train
gold_p8_batch4_topup_00646,pdf-1a97497b132ba9aff9a9,trusted_train
gold_p8_batch4_topup_00647,pdf-1a97497b132ba9aff9a9,trusted_train
gold_p8_batch4_topup_00648,pdf-1a97497b132ba9aff9a9,trusted_train
gold_p8_batch4_topup_00649,pdf-1a97497b132ba9aff9a9,trusted_train
gold_p8_batch4_topup_00654,pdf-1ac203af0b40157473ae,trusted_train
gold_p8_batch4_topup_00655,pdf-1ac203af0b40157473ae,trusted_train
gold_p8_batch4_topup_00656,pdf-1ac203af0b40157473ae,trusted_train
gold_p8_batch4_topup_00657,pdf-1ac203af0b40157473ae,trusted_train
gold_p8_batch4_topup_00658,pdf-1ac203af0b40157473ae,trusted_train
gold_p8_batch4_topup_00659,pdf-1aca63df7e8f055f6d59,trusted_train
gold_p8_batch4_topup_00660,pdf-1ad69461ecc7aa59040a,trusted_train
gold_p8_batch4_topup_00661,pdf-1ad69461ecc7aa59040a,trusted_train
gold_p8_batch4_topup_00665,pdf-1b269743cb851c645e7a,trusted_train
gold_p8_batch4_topup_00666,pdf-1b269743cb851c645e7a,trusted_train
gold_p8_batch4_topup_00667,pdf-1b269743cb851c645e7a,trusted_train
gold_p8_batch4_topup_00668,pdf-1b269743cb851c645e7a,trusted_train
gold_p8_batch4_topup_00669,pdf-1b269743cb851c645e7a,trusted_train
gold_p8_batch4_topup_00672,pdf-1b51c778d1492a58d515,trusted_train
gold_p8_batch4_topup_00673,pdf-1b51c778d1492a58d515,trusted_train
gold_p8_batch4_topup_00674,pdf-1b51c778d1492a58d515,trusted_train
gold_p8_batch4_topup_00675,pdf-1b51c778d1492a58d515,trusted_train
gold_p8_batch4_topup_00680,pdf-1c3c5f0b42a75566ffc3,trusted_train
gold_p8_batch4_topup_00681,pdf-1c3c5f0b42a75566ffc3,trusted_train
gold_p8_batch4_topup_00682,pdf-1c3c5f0b42a75566ffc3,trusted_train
gold_p8_batch4_topup_00683,pdf-1c3c5f0b42a75566ffc3,trusted_train
gold_p8_batch4_topup_00684,pdf-1c3c5f0b42a75566ffc3,trusted_train
gold_p8_batch4_topup_00695,pdf-1ccae50c8ed0ec3c4607,trusted_train
gold_p8_batch4_topup_00696,pdf-1ccae50c8ed0ec3c4607,trusted_train
gold_p8_batch4_topup_00697,pdf-1ccae50c8ed0ec3c4607,trusted_train
gold_p8_batch4_topup_00698,pdf-1ccae50c8ed0ec3c4607,trusted_train
gold_p8_batch4_topup_00699,pdf-1ccae50c8ed0ec3c4607,trusted_train
gold_p8_batch4_topup_00704,pdf-1cf18da46258edebac45,trusted_train
gold_p8_batch4_topup_00705,pdf-1cf18da46258edebac45,trusted_train
gold_p8_batch4_topup_00706,pdf-1cf18da46258edebac45,trusted_train
gold_p8_batch4_topup_00707,pdf-1d01d187bb26b671bf66,trusted_train
gold_p8_batch4_topup_00708,pdf-1d3dc38ba26217e49a1a,trusted_train
gold_p8_batch4_topup_00709,pdf-1d3dc38ba26217e49a1a,trusted_train
gold_p8_batch4_topup_00710,pdf-1d3dc38ba26217e49a1a,trusted_train
gold_p8_batch4_topup_00711,pdf-1d3dc38ba26217e49a1a,trusted_train
gold_p8_batch4_topup_00712,pdf-1d3dc38ba26217e49a1a,trusted_train
gold_p8_batch4_topup_00713,pdf-1d4b84bb2573661ae52b,trusted_train
gold_p8_batch4_topup_00714,pdf-1d4b84bb2573661ae52b,trusted_train
gold_p8_batch4_topup_00715,pdf-1d4b84bb2573661ae52b,trusted_train
gold_p8_batch4_topup_00716,pdf-1d4b84bb2573661ae52b,trusted_train
gold_p8_batch4_topup_00717,pdf-1d4b84bb2573661ae52b,trusted_train
gold_p8_batch4_topup_00724,pdf-1d895d399e03f5e1ff21,trusted_train
gold_p8_batch4_topup_00725,pdf-1d895d399e03f5e1ff21,trusted_train
gold_p8_batch4_topup_00726,pdf-1d895d399e03f5e1ff21,trusted_train
gold_p8_batch4_topup_00727,pdf-1d895d399e03f5e1ff21,trusted_train
gold_p8_batch4_topup_00728,pdf-1d895d399e03f5e1ff21,trusted_train
gold_p8_batch4_topup_00729,pdf-1d8b29359b2a5deb678f,trusted_train
gold_p8_batch4_topup_00730,pdf-1d8b29359b2a5deb678f,trusted_train
gold_p8_batch4_topup_00731,pdf-1d8b29359b2a5deb678f,trusted_train
gold_p8_batch4_topup_00732,pdf-1d8b29359b2a5deb678f,trusted_train
gold_p8_batch4_topup_00733,pdf-1d8b29359b2a5deb678f,trusted_train
gold_p8_batch4_topup_00736,pdf-1e0e7ca8e9fc9f472d8f,trusted_train
gold_p8_batch4_topup_00737,pdf-1e0e7ca8e9fc9f472d8f,trusted_train
gold_p8_batch4_topup_00738,pdf-1e0e7ca8e9fc9f472d8f,trusted_train
gold_p8_batch4_topup_00739,pdf-1e0e7ca8e9fc9f472d8f,trusted_train
gold_p8_batch4_topup_00740,pdf-1e0e7ca8e9fc9f472d8f,trusted_train
gold_p8_batch4_topup_00742,pdf-1e1e6ef7bf04ad1c468d,trusted_train
gold_p8_batch4_topup_00743,pdf-1e1e6ef7bf04ad1c468d,trusted_train
gold_p8_batch4_topup_00746,pdf-1e3d5516f442bc61c58a,trusted_train
gold_p8_batch4_topup_00747,pdf-1e3d5516f442bc61c58a,trusted_train
gold_p8_batch4_topup_00748,pdf-1e3d5516f442bc61c58a,trusted_train
gold_p8_batch4_topup_00749,pdf-1e3d5516f442bc61c58a,trusted_train
gold_p8_batch4_topup_00750,pdf-1e3d5516f442bc61c58a,trusted_train
gold_p8_batch4_topup_00751,pdf-1e3f1eb20bab3e1cfd16,trusted_train
gold_p8_batch4_topup_00752,pdf-1e53f0a7a6155fce1807,trusted_train
gold_p8_batch4_topup_00753,pdf-1e53f0a7a6155fce1807,trusted_train
gold_p8_batch4_topup_00754,pdf-1e53f0a7a6155fce1807,trusted_train
gold_p8_batch4_topup_00755,pdf-1e53f0a7a6155fce1807,trusted_train
gold_p8_batch4_topup_00756,pdf-1e53f0a7a6155fce1807,trusted_train
gold_p8_batch4_topup_00757,pdf-1e6ba7d1750894a146a2,trusted_train
gold_p8_batch4_topup_00758,pdf-1e6ba7d1750894a146a2,trusted_train
gold_p8_batch4_topup_00759,pdf-1e6ba7d1750894a146a2,trusted_train
gold_p8_batch4_topup_00760,pdf-1e6ba7d1750894a146a2,trusted_train
gold_p8_batch4_topup_00761,pdf-1e6ba7d1750894a146a2,trusted_train
gold_p8_batch4_topup_00796,pdf-203b9fd3e88eba52f492,trusted_train
gold_p8_batch4_topup_00797,pdf-207bf07c006d82359607,trusted_train
gold_p8_batch4_topup_00798,pdf-207bf07c006d82359607,trusted_train
gold_p8_batch4_topup_00799,pdf-207bf07c006d82359607,trusted_train
gold_p8_batch4_topup_00800,pdf-207bf07c006d82359607,trusted_train
gold_p8_batch4_topup_00801,pdf-209353ed5f9b9598a6ea,trusted_train
gold_p8_batch4_topup_00802,pdf-209353ed5f9b9598a6ea,trusted_train
gold_p8_batch4_topup_00811,pdf-20ce13d1fe9c890ba3a1,trusted_train
gold_p8_batch4_topup_00812,pdf-2109bd5c6d8a33f44650,trusted_train
gold_p8_batch4_topup_00813,pdf-2109bd5c6d8a33f44650,trusted_train
gold_p8_batch4_topup_00814,pdf-210d11fd8cc1d9f44a30,trusted_train
gold_p8_batch4_topup_00821,pdf-210ff6b6699a5a77ce47,trusted_train
gold_p8_batch4_topup_00822,pdf-210ff6b6699a5a77ce47,trusted_train
gold_p8_batch4_topup_00823,pdf-210ff6b6699a5a77ce47,trusted_train
gold_p8_batch4_topup_00824,pdf-211020f04792fda0bc1f,trusted_train
gold_p8_batch4_topup_00825,pdf-211020f04792fda0bc1f,trusted_train
gold_p8_batch4_topup_00826,pdf-212c867c4fa73f76dac6,trusted_train
gold_p8_batch4_topup_00827,pdf-212c867c4fa73f76dac6,trusted_train
gold_p8_batch4_topup_00828,pdf-212c867c4fa73f76dac6,trusted_train
gold_p8_batch4_topup_00829,pdf-212c867c4fa73f76dac6,trusted_train
gold_p8_batch4_topup_00830,pdf-212c867c4fa73f76dac6,trusted_train
gold_p8_batch4_topup_00832,pdf-215ca6ace8a7ccb28d83,trusted_train
gold_p8_batch4_topup_00833,pdf-215ca6ace8a7ccb28d83,trusted_train
gold_p8_batch4_topup_00834,pdf-215ca6ace8a7ccb28d83,trusted_train
gold_p8_batch4_topup_00835,pdf-215ca6ace8a7ccb28d83,trusted_train
gold_p8_batch4_topup_00836,pdf-215ca6ace8a7ccb28d83,trusted_train
gold_p8_batch4_topup_00837,pdf-2162a1dd230e59f999e4,trusted_train
gold_p8_batch4_topup_00838,pdf-2162a1dd230e59f999e4,trusted_train
gold_p8_batch4_topup_00841,pdf-2195e8e4cc981acc50d0,trusted_train
gold_p8_batch4_topup_00852,pdf-22169e070792815875fc,trusted_train
gold_p8_batch4_topup_00853,pdf-22179282aec96ba1a6fb,trusted_train
gold_p8_batch4_topup_00854,pdf-22179282aec96ba1a6fb,trusted_train
gold_p8_batch4_topup_00855,pdf-22179282aec96ba1a6fb,trusted_train
gold_p8_batch4_topup_00856,pdf-22179282aec96ba1a6fb,trusted_train
gold_p8_batch4_topup_00857,pdf-22179282aec96ba1a6fb,trusted_train
gold_p8_batch4_topup_00860,pdf-2274c166f47d5e2ccf04,trusted_train
gold_p8_batch4_topup_00861,pdf-2274c166f47d5e2ccf04,trusted_train
gold_p8_batch4_topup_00862,pdf-228605e9fc7d4b7d1a5d,trusted_train
gold_p8_batch4_topup_00863,pdf-228605e9fc7d4b7d1a5d,trusted_train
gold_p8_batch4_topup_00864,pdf-228605e9fc7d4b7d1a5d,trusted_train
gold_p8_batch4_topup_00865,pdf-228605e9fc7d4b7d1a5d,trusted_train
gold_p8_batch4_topup_00866,pdf-228605e9fc7d4b7d1a5d,trusted_train
gold_p8_batch4_topup_00872,pdf-22b2778de99981b892ea,trusted_train
gold_p8_batch4_topup_00877,pdf-22c15d5a7e2833214b30,trusted_train
gold_p8_batch4_topup_00880,pdf-23621112723f4d967321,trusted_train
gold_p8_batch4_topup_00881,pdf-23621112723f4d967321,trusted_train
gold_p8_batch4_topup_00882,pdf-23621112723f4d967321,trusted_train
gold_p8_batch4_topup_00883,pdf-23621112723f4d967321,trusted_train
gold_p8_batch4_topup_00884,pdf-23621112723f4d967321,trusted_train
gold_p8_batch4_topup_00887,pdf-2397c7531291b432982e,trusted_train
gold_p8_batch4_topup_00888,pdf-2397c7531291b432982e,trusted_train
gold_p8_batch4_topup_00890,pdf-2397c7531291b432982e,trusted_train
gold_p8_batch4_topup_00891,pdf-23a0bffe7254c3fa0766,trusted_train
gold_p8_batch4_topup_00892,pdf-23a0bffe7254c3fa0766,trusted_train
gold_p8_batch4_topup_00893,pdf-23a0bffe7254c3fa0766,trusted_train
gold_p8_batch4_topup_00894,pdf-23a0bffe7254c3fa0766,trusted_train
gold_p8_batch4_topup_00895,pdf-23a0bffe7254c3fa0766,trusted_train
gold_p8_batch4_topup_00901,pdf-23cb0a32e47d81a99935,trusted_train
gold_p8_batch4_topup_00902,pdf-23cb0a32e47d81a99935,trusted_train
gold_p8_batch4_topup_00903,pdf-23cb0a32e47d81a99935,trusted_train
gold_p8_batch4_topup_00904,pdf-23cb0a32e47d81a99935,trusted_train
gold_p8_batch4_topup_00905,pdf-23cb0a32e47d81a99935,trusted_train
gold_p8_batch4_topup_00906,pdf-23ce59c3370660f0ce19,trusted_train
gold_p8_batch4_topup_00907,pdf-23d46ad642614d41d3fb,trusted_train
gold_p8_batch4_topup_00908,pdf-23ddab11213340e87667,trusted_train
gold_p8_batch4_topup_00909,pdf-23ddab11213340e87667,trusted_train
gold_p8_batch4_topup_00910,pdf-23ddab11213340e87667,trusted_train
gold_p8_batch4_topup_00911,pdf-23ddab11213340e87667,trusted_train
gold_p8_batch4_topup_00912,pdf-24178fbb00b3f3463bd9,trusted_train
gold_p8_batch4_topup_00913,pdf-24178fbb00b3f3463bd9,trusted_train
gold_p8_batch4_topup_00914,pdf-24178fbb00b3f3463bd9,trusted_train
gold_p8_batch4_topup_00915,pdf-24178fbb00b3f3463bd9,trusted_train
gold_p8_batch4_topup_00916,pdf-24178fbb00b3f3463bd9,trusted_train
gold_p8_batch4_topup_00917,pdf-244debf8feaac44df485,trusted_train
gold_p8_batch4_topup_00918,pdf-244debf8feaac44df485,trusted_train
gold_p8_batch4_topup_00919,pdf-244debf8feaac44df485,trusted_train
gold_p8_batch4_topup_00920,pdf-244debf8feaac44df485,trusted_train
gold_p8_batch4_topup_00921,pdf-244debf8feaac44df485,trusted_train
gold_p8_batch4_topup_00924,pdf-246eb98204d422d070fe,trusted_train
gold_p8_batch4_topup_00925,pdf-246eb98204d422d070fe,trusted_train
gold_p8_batch4_topup_00926,pdf-246eb98204d422d070fe,trusted_train
gold_p8_batch4_topup_00927,pdf-246eb98204d422d070fe,trusted_train
gold_p8_batch4_topup_00928,pdf-246eb98204d422d070fe,trusted_train
gold_p8_batch4_topup_00935,pdf-248918c082dd5ca0534c,trusted_train
gold_p8_batch4_topup_00936,pdf-248918c082dd5ca0534c,trusted_train
gold_p8_batch4_topup_00937,pdf-248918c082dd5ca0534c,trusted_train
gold_p8_batch4_topup_00938,pdf-248918c082dd5ca0534c,trusted_train
gold_p8_batch4_topup_00939,pdf-248918c082dd5ca0534c,trusted_train
gold_p8_batch4_topup_00940,pdf-2497e885e23d5fed0596,trusted_train
gold_p8_batch4_topup_00941,pdf-2497e885e23d5fed0596,trusted_train
gold_p8_batch4_topup_00942,pdf-2497e885e23d5fed0596,trusted_train
gold_p8_batch4_topup_00943,pdf-2497e885e23d5fed0596,trusted_train
gold_p8_batch4_topup_00944,pdf-2497e885e23d5fed0596,trusted_train
gold_p8_batch4_topup_00945,pdf-249ea69c42067d11f779,trusted_train
gold_p8_batch4_topup_00946,pdf-249ea69c42067d11f779,trusted_train
gold_p8_batch4_topup_00947,pdf-249ea69c42067d11f779,trusted_train
gold_p8_batch4_topup_00948,pdf-249ea69c42067d11f779,trusted_train
gold_p8_batch4_topup_00954,pdf-24ed8b4aea8980cc7485,trusted_train
gold_p8_batch4_topup_00955,pdf-24ed8b4aea8980cc7485,trusted_train
gold_p8_batch4_topup_00956,pdf-24ed8b4aea8980cc7485,trusted_train
gold_p8_batch4_topup_00976,pdf-25a286ba869db9abd69d,trusted_train
gold_p8_batch4_topup_00977,pdf-25ac9d167e9472fe113c,trusted_train
gold_p8_batch4_topup_00978,pdf-25ac9d167e9472fe113c,trusted_train
gold_p8_batch4_topup_00979,pdf-25ac9d167e9472fe113c,trusted_train
gold_p8_batch4_topup_00980,pdf-25ac9d167e9472fe113c,trusted_train
gold_p8_batch4_topup_00981,pdf-25ac9d167e9472fe113c,trusted_train
gold_p8_batch4_topup_00982,pdf-25b164e40c98af290ac5,trusted_train
gold_p8_batch4_topup_00983,pdf-25b164e40c98af290ac5,trusted_train
gold_p8_batch4_topup_00984,pdf-25b164e40c98af290ac5,trusted_train
gold_p8_batch4_topup_00985,pdf-25b164e40c98af290ac5,trusted_train
gold_p8_batch4_topup_00986,pdf-25d75ba159966df92dac,trusted_train
gold_p8_batch4_topup_00987,pdf-25d75ba159966df92dac,trusted_train
gold_p8_batch4_topup_00988,pdf-26002c52b4a1136a0305,trusted_train
gold_p8_batch4_topup_00989,pdf-26002c52b4a1136a0305,trusted_train
gold_p8_batch4_topup_00990,pdf-26002c52b4a1136a0305,trusted_train
gold_p8_batch4_topup_00991,pdf-26002c52b4a1136a0305,trusted_train
gold_p8_batch4_topup_00992,pdf-26002c52b4a1136a0305,trusted_train
gold_p8_batch4_topup_00997,pdf-264bf8d0b29d3a6a8ded,trusted_train
gold_p8_batch4_topup_00998,pdf-264bf8d0b29d3a6a8ded,trusted_train
gold_p8_batch4_topup_00999,pdf-264bf8d0b29d3a6a8ded,trusted_train
gold_p8_batch4_topup_01000,pdf-264bf8d0b29d3a6a8ded,trusted_train
gold_p8_batch4_topup_01001,pdf-264bf8d0b29d3a6a8ded,trusted_train
gold_p8_batch4_topup_01002,pdf-269d0ef925b0fcfbda78,trusted_train
gold_p8_batch4_topup_01003,pdf-269d0ef925b0fcfbda78,trusted_train
gold_p8_batch4_topup_01004,pdf-269d0ef925b0fcfbda78,trusted_train
gold_p8_batch4_topup_01014,pdf-26e45679593ed2863e27,trusted_train
gold_p8_batch4_topup_01015,pdf-26e45679593ed2863e27,trusted_train
gold_p8_batch4_topup_01016,pdf-26e45679593ed2863e27,trusted_train
gold_p8_batch4_topup_01017,pdf-26e45679593ed2863e27,trusted_train
gold_p8_batch4_topup_01018,pdf-26e45679593ed2863e27,trusted_train
gold_p8_batch4_topup_01020,pdf-270ef1677ed471a96ea7,trusted_train
gold_p8_batch4_topup_01021,pdf-270ef1677ed471a96ea7,trusted_train
gold_p8_batch4_topup_01022,pdf-270ef1677ed471a96ea7,trusted_train
gold_p8_batch4_topup_01023,pdf-270ef1677ed471a96ea7,trusted_train
gold_p8_batch4_topup_01024,pdf-270ef1677ed471a96ea7,trusted_train
gold_p8_batch4_topup_01025,pdf-277461526a6b77c7a65d,trusted_train
gold_p8_batch4_topup_01026,pdf-277461526a6b77c7a65d,trusted_train
gold_p8_batch4_topup_01027,pdf-27837161783cf0e84ead,trusted_train
gold_p8_batch4_topup_01028,pdf-27b45b5ed290b6297426,trusted_train
gold_p8_batch4_topup_01029,pdf-27b45b5ed290b6297426,trusted_train
gold_p8_batch4_topup_01045,pdf-285c8addca0c55b6b2ac,trusted_train
gold_p8_batch4_topup_01046,pdf-285c8addca0c55b6b2ac,trusted_train
gold_p8_batch4_topup_01047,pdf-285c8addca0c55b6b2ac,trusted_train
gold_p8_batch4_topup_01048,pdf-285c8addca0c55b6b2ac,trusted_train
gold_p8_batch4_topup_01049,pdf-285c8addca0c55b6b2ac,trusted_train
gold_p8_batch4_topup_01050,pdf-2862db53e3a47fe083d2,trusted_train
gold_p8_batch4_topup_01055,pdf-28c83028f38e90f64cf0,trusted_train
gold_p8_batch4_topup_01056,pdf-28c83028f38e90f64cf0,trusted_train
gold_p8_batch4_topup_01057,pdf-28c83028f38e90f64cf0,trusted_train
gold_p8_batch4_topup_01058,pdf-28c83028f38e90f64cf0,trusted_train
gold_p8_batch4_topup_01059,pdf-28c83028f38e90f64cf0,trusted_train
gold_p8_batch4_topup_01063,pdf-28dfc90f81effb5e8987,trusted_train
gold_p8_batch4_topup_01064,pdf-28dfc90f81effb5e8987,trusted_train
gold_p8_batch4_topup_01065,pdf-28dfc90f81effb5e8987,trusted_train
gold_p8_batch4_topup_01066,pdf-28dfc90f81effb5e8987,trusted_train
gold_p8_batch4_topup_01067,pdf-296d2d6cd1cbefc94a4a,trusted_train
gold_p8_batch4_topup_01068,pdf-296d2d6cd1cbefc94a4a,trusted_train
gold_p8_batch4_topup_01069,pdf-296d2d6cd1cbefc94a4a,trusted_train
gold_p8_batch4_topup_01070,pdf-296d2d6cd1cbefc94a4a,trusted_train
gold_p8_batch4_topup_01071,pdf-296d2d6cd1cbefc94a4a,trusted_train
gold_p8_batch4_topup_01078,pdf-29f0dc9fec120f888265,trusted_train
gold_p8_batch4_topup_01079,pdf-29f0dc9fec120f888265,trusted_train
gold_p8_batch4_topup_01084,pdf-2a0feba0ab4e487210b8,trusted_train
gold_p8_batch4_topup_01086,pdf-2a2c4bce89ad9efa69c1,trusted_train
gold_p8_batch4_topup_01087,pdf-2a7cd96131c61784b41c,trusted_train
gold_p8_batch4_topup_01092,pdf-2a8c563aefd10910e8f9,trusted_train
gold_p8_batch4_topup_01093,pdf-2ab1139a1372aaf1b6e9,trusted_train
gold_p8_batch4_topup_01094,pdf-2ab1139a1372aaf1b6e9,trusted_train
gold_p8_batch4_topup_01095,pdf-2ab362ac71fc4dd9118a,trusted_train
gold_p8_batch4_topup_01096,pdf-2ab362ac71fc4dd9118a,trusted_train
gold_p8_batch4_topup_01097,pdf-2ab362ac71fc4dd9118a,trusted_train
gold_p8_batch4_topup_01098,pdf-2ab362ac71fc4dd9118a,trusted_train
gold_p8_batch4_topup_01099,pdf-2ab362ac71fc4dd9118a,trusted_train
gold_p8_batch4_topup_01104,pdf-2ac5fc3e262116b2882c,trusted_train
gold_p8_batch4_topup_01105,pdf-2ac5fc3e262116b2882c,trusted_train
gold_p8_batch4_topup_01106,pdf-2ac5fc3e262116b2882c,trusted_train
gold_p8_batch4_topup_01107,pdf-2ac5fc3e262116b2882c,trusted_train
gold_p8_batch4_topup_01108,pdf-2ac5fc3e262116b2882c,trusted_train
gold_p8_batch4_topup_01109,pdf-2acc45fa7494828f128e,trusted_train
gold_p8_batch4_topup_01110,pdf-2acc45fa7494828f128e,trusted_train
gold_p8_batch4_topup_01112,pdf-2acc45fa7494828f128e,trusted_train
gold_p8_batch4_topup_01113,pdf-2acc45fa7494828f128e,trusted_train
gold_p8_batch4_topup_01120,pdf-2af96aad1dbe396296c8,trusted_train
gold_p8_batch4_topup_01121,pdf-2af96aad1dbe396296c8,trusted_train
gold_p8_batch4_topup_01122,pdf-2af96aad1dbe396296c8,trusted_train
gold_p8_batch4_topup_01123,pdf-2b2de7b5904a52385696,trusted_train
gold_p8_batch4_topup_01124,pdf-2b2de7b5904a52385696,trusted_train
gold_p8_batch4_topup_01125,pdf-2b2de7b5904a52385696,trusted_train
gold_p8_batch4_topup_01126,pdf-2b2de7b5904a52385696,trusted_train
gold_p8_batch4_topup_01127,pdf-2b2de7b5904a52385696,trusted_train
gold_p8_batch4_topup_01148,pdf-2c65e3d06b25cf56e767,trusted_train
gold_p8_batch4_topup_01149,pdf-2c65e3d06b25cf56e767,trusted_train
gold_p8_batch4_topup_01154,pdf-2cad026ad22e25590a7a,trusted_train
gold_p8_batch4_topup_01155,pdf-2cad026ad22e25590a7a,trusted_train
gold_p8_batch4_topup_01156,pdf-2cad026ad22e25590a7a,trusted_train
gold_p8_batch4_topup_01157,pdf-2cc7e95bafb3220c0b6a,trusted_train
gold_p8_batch4_topup_01158,pdf-2cc7e95bafb3220c0b6a,trusted_train
gold_p8_batch4_topup_01159,pdf-2cc7e95bafb3220c0b6a,trusted_train
gold_p8_batch4_topup_01160,pdf-2cc7e95bafb3220c0b6a,trusted_train
gold_p8_batch4_topup_01161,pdf-2cc7e95bafb3220c0b6a,trusted_train
gold_p8_batch4_topup_01165,pdf-2d3ed07bb54f2061ab65,trusted_train
gold_p8_batch4_topup_01166,pdf-2d3ed07bb54f2061ab65,trusted_train
gold_p8_batch4_topup_01167,pdf-2d3ed07bb54f2061ab65,trusted_train
gold_p8_batch4_topup_01168,pdf-2d3ed07bb54f2061ab65,trusted_train
gold_p8_batch4_topup_01169,pdf-2d3ed07bb54f2061ab65,trusted_train
gold_p8_batch4_topup_01170,pdf-2d4d1b96f71e8e977736,trusted_train
gold_p8_batch4_topup_01171,pdf-2d4d1b96f71e8e977736,trusted_train
gold_p8_batch4_topup_01172,pdf-2d4d1b96f71e8e977736,trusted_train
gold_p8_batch4_topup_01173,pdf-2d4d1b96f71e8e977736,trusted_train
gold_p8_batch4_topup_01174,pdf-2d4d1b96f71e8e977736,trusted_train
gold_p8_batch4_topup_01178,pdf-2dd7f171b521f1f1e0c4,trusted_train
gold_p8_batch4_topup_01179,pdf-2dd7f171b521f1f1e0c4,trusted_train
gold_p8_batch4_topup_01180,pdf-2dd7f171b521f1f1e0c4,trusted_train
gold_p8_batch4_topup_01181,pdf-2de3acbad13ac8c05b93,trusted_train
gold_p8_batch4_topup_01197,pdf-2ecdc861bf73da53093f,trusted_train
gold_p8_batch4_topup_01198,pdf-2ecdc861bf73da53093f,trusted_train
gold_p8_batch4_topup_01199,pdf-2ecdc861bf73da53093f,trusted_train
gold_p8_batch4_topup_01200,pdf-2ecdc861bf73da53093f,trusted_train
gold_p8_batch4_topup_01201,pdf-2ef2b28c7e832dd4e59a,trusted_train
gold_p8_batch4_topup_01202,pdf-2ef2b28c7e832dd4e59a,trusted_train
gold_p8_batch4_topup_01206,pdf-2f5b1b6b6bd04d5010fb,trusted_train
gold_p8_batch4_topup_01207,pdf-2f5b1b6b6bd04d5010fb,trusted_train
gold_p8_batch4_topup_01208,pdf-2f67ba6632360995cb6d,trusted_train
gold_p8_batch4_topup_01209,pdf-2f67ba6632360995cb6d,trusted_train
gold_p8_batch4_topup_01215,pdf-2fc608442190c6c7fc77,trusted_train
gold_p8_batch4_topup_01216,pdf-2fc608442190c6c7fc77,trusted_train
gold_p8_batch4_topup_01217,pdf-2fd66ff52682d4583d01,trusted_train
gold_p8_batch4_topup_01218,pdf-2fddc771b9f89a6412cd,trusted_train
gold_p8_batch4_topup_01219,pdf-2fddc771b9f89a6412cd,trusted_train
gold_p8_batch4_topup_01220,pdf-2ff298ced2c02db2343a,trusted_train
gold_p8_batch4_topup_01221,pdf-2ff298ced2c02db2343a,trusted_train
gold_p8_batch4_topup_01222,pdf-2ff298ced2c02db2343a,trusted_train
gold_p8_batch4_topup_01223,pdf-2ff298ced2c02db2343a,trusted_train
gold_p8_batch4_topup_01224,pdf-2ff298ced2c02db2343a,trusted_train
gold_p8_batch4_topup_01229,pdf-300ecbee35dadcdb94e3,trusted_train
gold_p8_batch4_topup_01230,pdf-300ecbee35dadcdb94e3,trusted_train
gold_p8_batch4_topup_01235,pdf-3054bae129ed258f0154,trusted_train
gold_p8_batch4_topup_01236,pdf-3054bae129ed258f0154,trusted_train
gold_p8_batch4_topup_01237,pdf-3054bae129ed258f0154,trusted_train
gold_p8_batch4_topup_01239,pdf-3072b6a5fa7c3ec43962,trusted_train
gold_p8_batch4_topup_01240,pdf-3072b6a5fa7c3ec43962,trusted_train
gold_p8_batch4_topup_01241,pdf-3072b6a5fa7c3ec43962,trusted_train
gold_p8_batch4_topup_01242,pdf-3072b6a5fa7c3ec43962,trusted_train
gold_p8_batch4_topup_01243,pdf-3072b6a5fa7c3ec43962,trusted_train
gold_p8_batch4_topup_01245,pdf-308504cd6efc3884f5e9,trusted_train
gold_p8_batch4_topup_01246,pdf-308504cd6efc3884f5e9,trusted_train
gold_p8_batch4_topup_01247,pdf-308504cd6efc3884f5e9,trusted_train
gold_p8_batch4_topup_01248,pdf-308504cd6efc3884f5e9,trusted_train
gold_p8_batch4_topup_01249,pdf-308504cd6efc3884f5e9,trusted_train
gold_p8_batch4_topup_01250,pdf-30aa34882262c818596c,trusted_train
gold_p8_batch4_topup_01251,pdf-30aa34882262c818596c,trusted_train
gold_p8_batch4_topup_01252,pdf-30aa34882262c818596c,trusted_train
gold_p8_batch4_topup_01253,pdf-30aa34882262c818596c,trusted_train
gold_p8_batch4_topup_01254,pdf-30aa34882262c818596c,trusted_train
gold_p8_batch4_topup_01255,pdf-30af4a00075a30c842fb,trusted_train
gold_p8_batch4_topup_01257,pdf-30af4a00075a30c842fb,trusted_train
gold_p8_batch4_topup_01258,pdf-30af4a00075a30c842fb,trusted_train
gold_p8_batch4_topup_01259,pdf-30af4a00075a30c842fb,trusted_train
gold_p8_batch4_topup_01262,pdf-30fb85f07db373358a9d,trusted_train
gold_p8_batch4_topup_01263,pdf-30fb85f07db373358a9d,trusted_train
gold_p8_batch4_topup_01264,pdf-30fb85f07db373358a9d,trusted_train
gold_p8_batch4_topup_01265,pdf-30fb85f07db373358a9d,trusted_train
gold_p8_batch4_topup_01266,pdf-30fb85f07db373358a9d,trusted_train
gold_p8_batch4_topup_01270,pdf-3164e4ab3fd7b5502c4d,trusted_train
gold_p8_batch4_topup_01271,pdf-3164e4ab3fd7b5502c4d,trusted_train
gold_p8_batch4_topup_01272,pdf-3164e4ab3fd7b5502c4d,trusted_train
gold_p8_batch4_topup_01273,pdf-3164e4ab3fd7b5502c4d,trusted_train
gold_p8_batch4_topup_01274,pdf-3164e4ab3fd7b5502c4d,trusted_train
gold_p8_batch4_topup_01280,pdf-31a6e80f4cbc680c17ff,trusted_train
gold_p8_batch4_topup_01281,pdf-31a6e80f4cbc680c17ff,trusted_train
gold_p8_batch4_topup_01282,pdf-31a6e80f4cbc680c17ff,trusted_train
gold_p8_batch4_topup_01283,pdf-31a6e80f4cbc680c17ff,trusted_train
gold_p8_batch4_topup_01284,pdf-31abeaafc3c73bd776c6,trusted_train
gold_p8_batch4_topup_01285,pdf-31abeaafc3c73bd776c6,trusted_train
gold_p8_batch4_topup_01286,pdf-31abeaafc3c73bd776c6,trusted_train
gold_p8_batch4_topup_01287,pdf-31abeaafc3c73bd776c6,trusted_train
gold_p8_batch4_topup_01288,pdf-31abeaafc3c73bd776c6,trusted_train
gold_p8_batch4_topup_01289,pdf-31b8be03348d0b62948a,trusted_train
gold_p8_batch4_topup_01290,pdf-31d12697bd5f6edfd71c,trusted_train
gold_p8_batch4_topup_01291,pdf-31d12697bd5f6edfd71c,trusted_train
gold_p8_batch4_topup_01292,pdf-31d12697bd5f6edfd71c,trusted_train
gold_p8_batch4_topup_01293,pdf-31d12697bd5f6edfd71c,trusted_train
gold_p8_batch4_topup_01294,pdf-31d12697bd5f6edfd71c,trusted_train
gold_p8_batch4_topup_01295,pdf-31ebc0dabc3d2497693a,trusted_train
gold_p8_batch4_topup_01296,pdf-31f616df328110c43ee5,trusted_train
gold_p8_batch4_topup_01297,pdf-31f616df328110c43ee5,trusted_train
gold_p8_batch4_topup_01302,pdf-32a82fdb50cdeec5491b,trusted_train
gold_p8_batch4_topup_01303,pdf-32a82fdb50cdeec5491b,trusted_train
gold_p8_batch4_topup_01304,pdf-32a82fdb50cdeec5491b,trusted_train
gold_p8_batch4_topup_01305,pdf-32a82fdb50cdeec5491b,trusted_train
gold_p8_batch4_topup_01311,pdf-32d4cb43dee3f8e0e4a4,trusted_train
gold_p8_batch4_topup_01312,pdf-32d4cb43dee3f8e0e4a4,trusted_train
gold_p8_batch4_topup_01313,pdf-32d4cb43dee3f8e0e4a4,trusted_train
gold_p8_batch4_topup_01314,pdf-32d4cb43dee3f8e0e4a4,trusted_train
gold_p8_batch4_topup_01315,pdf-32d4cb43dee3f8e0e4a4,trusted_train
gold_p8_batch4_topup_01318,pdf-33086c9bb0e8aa49cfd3,trusted_train
gold_p8_batch4_topup_01319,pdf-33086c9bb0e8aa49cfd3,trusted_train
gold_p8_batch4_topup_01320,pdf-33086c9bb0e8aa49cfd3,trusted_train
gold_p8_batch4_topup_01321,pdf-33086c9bb0e8aa49cfd3,trusted_train
gold_p8_batch4_topup_01322,pdf-33086c9bb0e8aa49cfd3,trusted_train
gold_p8_batch4_topup_01327,pdf-330974cdaf6052d40fd4,trusted_train
gold_p8_batch4_topup_01328,pdf-330974cdaf6052d40fd4,trusted_train
gold_p8_batch4_topup_01329,pdf-330974cdaf6052d40fd4,trusted_train
gold_p8_batch4_topup_01330,pdf-330974cdaf6052d40fd4,trusted_train
gold_p8_batch4_topup_01346,pdf-33a6a209e6b370fbc835,trusted_train
gold_p8_batch4_topup_01352,pdf-34070af5752d68c5bc7b,trusted_train
gold_p8_batch4_topup_01353,pdf-34070af5752d68c5bc7b,trusted_train
gold_p8_batch4_topup_01354,pdf-34070af5752d68c5bc7b,trusted_train
gold_p8_batch4_topup_01355,pdf-34070af5752d68c5bc7b,trusted_train
gold_p8_batch4_topup_01358,pdf-344fe519e5dbe3e6e36e,trusted_train
gold_p8_batch4_topup_01359,pdf-344fe519e5dbe3e6e36e,trusted_train
gold_p8_batch4_topup_01360,pdf-344fe519e5dbe3e6e36e,trusted_train
gold_p8_batch4_topup_01361,pdf-344fe519e5dbe3e6e36e,trusted_train
gold_p8_batch4_topup_01362,pdf-344fe519e5dbe3e6e36e,trusted_train
gold_p8_batch4_topup_01363,pdf-347f4af4a121611ac4a6,trusted_train
gold_p8_batch4_topup_01364,pdf-347f4af4a121611ac4a6,trusted_train
gold_p8_batch4_topup_01365,pdf-347f4af4a121611ac4a6,trusted_train
gold_p8_batch4_topup_01366,pdf-347f4af4a121611ac4a6,trusted_train
gold_p8_batch4_topup_01367,pdf-347f4af4a121611ac4a6,trusted_train
gold_p8_batch4_topup_01372,pdf-34a49af14239dbb9afe6,trusted_train
gold_p8_batch4_topup_01373,pdf-34a49af14239dbb9afe6,trusted_train
gold_p8_batch4_topup_01374,pdf-34a49af14239dbb9afe6,trusted_train
gold_p8_batch4_topup_01375,pdf-34a49af14239dbb9afe6,trusted_train
gold_p8_batch4_topup_01376,pdf-34a49af14239dbb9afe6,trusted_train
gold_p8_batch4_topup_01377,pdf-356ea1027ca621ae13eb,trusted_train
gold_p8_batch4_topup_01378,pdf-356ea1027ca621ae13eb,trusted_train
gold_p8_batch4_topup_01379,pdf-356ea1027ca621ae13eb,trusted_train
gold_p8_batch4_topup_01380,pdf-356ea1027ca621ae13eb,trusted_train
gold_p8_batch4_topup_01381,pdf-356ea1027ca621ae13eb,trusted_train
gold_p8_batch4_topup_01382,pdf-3584bbc9d0f62e8f308a,trusted_train
gold_p8_batch4_topup_01383,pdf-3584bbc9d0f62e8f308a,trusted_train
gold_p8_batch4_topup_01384,pdf-3584bbc9d0f62e8f308a,trusted_train
gold_p8_batch4_topup_01385,pdf-3584bbc9d0f62e8f308a,trusted_train
gold_p8_batch4_topup_01386,pdf-3584bbc9d0f62e8f308a,trusted_train
gold_p8_batch4_topup_01387,pdf-3585d9513ef6de57905c,trusted_train
gold_p8_batch4_topup_01388,pdf-35cab757eddf4364c399,trusted_train
gold_p8_batch4_topup_01389,pdf-35cab757eddf4364c399,trusted_train
gold_p8_batch4_topup_01392,pdf-35f5674cf19e0dff4535,trusted_train
gold_p8_batch4_topup_01393,pdf-35f5674cf19e0dff4535,trusted_train
gold_p8_batch4_topup_01394,pdf-35f5674cf19e0dff4535,trusted_train
gold_p8_batch4_topup_01395,pdf-35f5674cf19e0dff4535,trusted_train
gold_p8_batch4_topup_01404,pdf-365b72f54739ddea841b,trusted_train
gold_p8_batch4_topup_01405,pdf-365b72f54739ddea841b,trusted_train
gold_p8_batch4_topup_01406,pdf-365b72f54739ddea841b,trusted_train
gold_p8_batch4_topup_01407,pdf-365b72f54739ddea841b,trusted_train
gold_p8_batch4_topup_01408,pdf-365b72f54739ddea841b,trusted_train
gold_p8_batch4_topup_01417,pdf-3672ffff54b2f7913cc1,trusted_train
gold_p8_batch4_topup_01418,pdf-3672ffff54b2f7913cc1,trusted_train
gold_p8_batch4_topup_01419,pdf-36811dd3daebbeed2966,trusted_train
gold_p8_batch4_topup_01420,pdf-36811dd3daebbeed2966,trusted_train
gold_p8_batch4_topup_01421,pdf-36811dd3daebbeed2966,trusted_train
gold_p8_batch4_topup_01422,pdf-36811dd3daebbeed2966,trusted_train
gold_p8_batch4_topup_01423,pdf-36811dd3daebbeed2966,trusted_train
gold_p8_batch4_topup_01428,pdf-36eb90ec4eff676eb376,trusted_train
gold_p8_batch4_topup_01429,pdf-36eb90ec4eff676eb376,trusted_train
gold_p8_batch4_topup_01430,pdf-370a2fa0b17af26099c8,trusted_train
gold_p8_batch4_topup_01431,pdf-370a2fa0b17af26099c8,trusted_train
gold_p8_batch4_topup_01432,pdf-370a2fa0b17af26099c8,trusted_train
gold_p8_batch4_topup_01433,pdf-370a2fa0b17af26099c8,trusted_train
gold_p8_batch4_topup_01434,pdf-370a2fa0b17af26099c8,trusted_train
gold_p8_batch4_topup_01435,pdf-3719c8af323055959396,trusted_train
gold_p8_batch4_topup_01436,pdf-3719c8af323055959396,trusted_train
gold_p8_batch4_topup_01439,pdf-37704e9582165d43186b,trusted_train
gold_p8_batch4_topup_01440,pdf-37704e9582165d43186b,trusted_train
gold_p8_batch4_topup_01441,pdf-37704e9582165d43186b,trusted_train
gold_p8_batch4_topup_01442,pdf-37704e9582165d43186b,trusted_train
gold_p8_batch4_topup_01443,pdf-37704e9582165d43186b,trusted_train
gold_p8_batch4_topup_01455,pdf-37bced3bd72df6e11cae,trusted_train
gold_p8_batch4_topup_01456,pdf-37bced3bd72df6e11cae,trusted_train
gold_p8_batch4_topup_01457,pdf-37bced3bd72df6e11cae,trusted_train
gold_p8_batch4_topup_01458,pdf-37bced3bd72df6e11cae,trusted_train
gold_p8_batch4_topup_01462,pdf-3829df8bdba3a19efecb,trusted_train
gold_p8_batch4_topup_01463,pdf-3829df8bdba3a19efecb,trusted_train
gold_p8_batch4_topup_01464,pdf-3829df8bdba3a19efecb,trusted_train
gold_p8_batch4_topup_01465,pdf-38482cb9fecd793cc4b5,trusted_train
gold_p8_batch4_topup_01466,pdf-38482cb9fecd793cc4b5,trusted_train
gold_p8_batch4_topup_01467,pdf-38482cb9fecd793cc4b5,trusted_train
gold_p8_batch4_topup_01468,pdf-38482cb9fecd793cc4b5,trusted_train
gold_p8_batch4_topup_01469,pdf-38482cb9fecd793cc4b5,trusted_train
gold_p8_batch4_topup_01472,pdf-385b99673309508c46de,trusted_train
gold_p8_batch4_topup_01473,pdf-385b99673309508c46de,trusted_train
gold_p8_batch4_topup_01474,pdf-385b99673309508c46de,trusted_train
gold_p8_batch4_topup_01475,pdf-385b99673309508c46de,trusted_train
gold_p8_batch4_topup_01476,pdf-385b99673309508c46de,trusted_train
gold_p8_batch4_topup_01477,pdf-386271c0b5c894bc251c,trusted_train
gold_p8_batch4_topup_01478,pdf-386271c0b5c894bc251c,trusted_train
gold_p8_batch4_topup_01479,pdf-386271c0b5c894bc251c,trusted_train
gold_p8_batch4_topup_01480,pdf-386271c0b5c894bc251c,trusted_train
gold_p8_batch4_topup_01481,pdf-386271c0b5c894bc251c,trusted_train
gold_p8_batch4_topup_01482,pdf-38658eb788eb30bde7db,trusted_train
gold_p8_batch4_topup_01483,pdf-38658eb788eb30bde7db,trusted_train
gold_p8_batch4_topup_01484,pdf-38658eb788eb30bde7db,trusted_train
gold_p8_batch4_topup_01485,pdf-38658eb788eb30bde7db,trusted_train
gold_p8_batch4_topup_01487,pdf-386b858db44b9a4ce189,trusted_train
gold_p8_batch4_topup_01488,pdf-386b858db44b9a4ce189,trusted_train
gold_p8_batch4_topup_01489,pdf-386b858db44b9a4ce189,trusted_train
gold_p8_batch4_topup_01490,pdf-386b858db44b9a4ce189,trusted_train
gold_p8_batch4_topup_01491,pdf-386b858db44b9a4ce189,trusted_train
gold_p8_batch4_topup_01492,pdf-38dc87da3cd7f558f372,trusted_train
gold_p8_batch4_topup_01493,pdf-38dc87da3cd7f558f372,trusted_train
gold_p8_batch4_topup_01494,pdf-38dc87da3cd7f558f372,trusted_train
gold_p8_batch4_topup_01495,pdf-38dc87da3cd7f558f372,trusted_train
gold_p8_batch4_topup_01496,pdf-38dc87da3cd7f558f372,trusted_train
gold_p8_batch4_topup_01508,pdf-3912781dc3a0800fe872,trusted_train
gold_p8_batch4_topup_01516,pdf-39627f13f636a8a91917,trusted_train
gold_p8_batch4_topup_01517,pdf-39627f13f636a8a91917,trusted_train
gold_p8_batch4_topup_01518,pdf-39627f13f636a8a91917,trusted_train
gold_p8_batch4_topup_01519,pdf-39627f13f636a8a91917,trusted_train
gold_p8_batch4_topup_01526,pdf-39d93879ddf7c2cbddfa,trusted_train
gold_p8_batch4_topup_01527,pdf-39d93879ddf7c2cbddfa,trusted_train
gold_p8_batch4_topup_01528,pdf-39d93879ddf7c2cbddfa,trusted_train
gold_p8_batch4_topup_01529,pdf-39d93879ddf7c2cbddfa,trusted_train
gold_p8_batch4_topup_01530,pdf-39d93879ddf7c2cbddfa,trusted_train
gold_p8_batch4_topup_01531,pdf-39e908a97a2f3faad607,trusted_train
gold_p8_batch4_topup_01532,pdf-39e908a97a2f3faad607,trusted_train
gold_p8_batch4_topup_01533,pdf-39e908a97a2f3faad607,trusted_train
gold_p8_batch4_topup_01534,pdf-39e908a97a2f3faad607,trusted_train
gold_p8_batch4_topup_01535,pdf-39f4ddf1f84404e45c2c,trusted_train
gold_p8_batch4_topup_01536,pdf-39f4ddf1f84404e45c2c,trusted_train
gold_p8_batch4_topup_01537,pdf-39f4ddf1f84404e45c2c,trusted_train
gold_p8_batch4_topup_01542,pdf-3a1ee48db86970ab6f4f,trusted_train
gold_p8_batch4_topup_01547,pdf-3a6a6d7c9a0c4b4ced4e,trusted_train
gold_p8_batch4_topup_01548,pdf-3a6a6d7c9a0c4b4ced4e,trusted_train
gold_p8_batch4_topup_01549,pdf-3a6a6d7c9a0c4b4ced4e,trusted_train
gold_p8_batch4_topup_01550,pdf-3a6a6d7c9a0c4b4ced4e,trusted_train
gold_p8_batch4_topup_01551,pdf-3a6a6d7c9a0c4b4ced4e,trusted_train
gold_p8_batch4_topup_01556,pdf-3a8b4809dca6e01f460a,trusted_train
gold_p8_batch4_topup_01557,pdf-3a8b4809dca6e01f460a,trusted_train
gold_p8_batch4_topup_01561,pdf-3b1e73de3a9c7bc63f94,trusted_train
gold_p8_batch4_topup_01562,pdf-3b1e73de3a9c7bc63f94,trusted_train
gold_p8_batch4_topup_01563,pdf-3b1e73de3a9c7bc63f94,trusted_train
gold_p8_batch4_topup_01564,pdf-3b1e73de3a9c7bc63f94,trusted_train
gold_p8_batch4_topup_01565,pdf-3b1e73de3a9c7bc63f94,trusted_train
gold_p8_batch4_topup_01572,pdf-3b9acf31f896a19974ad,trusted_train
gold_p8_batch4_topup_01573,pdf-3b9acf31f896a19974ad,trusted_train
gold_p8_batch4_topup_01574,pdf-3b9acf31f896a19974ad,trusted_train
gold_p8_batch4_topup_01575,pdf-3b9acf31f896a19974ad,trusted_train
gold_p8_batch4_topup_01576,pdf-3b9acf31f896a19974ad,trusted_train
gold_p8_batch4_topup_01581,pdf-3bf577806a30d9f9d697,trusted_train
gold_p8_batch4_topup_01582,pdf-3bf577806a30d9f9d697,trusted_train
gold_p8_batch4_topup_01583,pdf-3bf577806a30d9f9d697,trusted_train
gold_p8_batch4_topup_01584,pdf-3bf577806a30d9f9d697,trusted_train
gold_p8_batch4_topup_01585,pdf-3bf577806a30d9f9d697,trusted_train
gold_p8_batch4_topup_01592,pdf-3c6e807d56431eb2a1a6,trusted_train
gold_p8_batch4_topup_01593,pdf-3c6e807d56431eb2a1a6,trusted_train
gold_p8_batch4_topup_01594,pdf-3c6e807d56431eb2a1a6,trusted_train
gold_p8_batch4_topup_01595,pdf-3c6e807d56431eb2a1a6,trusted_train
gold_p8_batch4_topup_01596,pdf-3c6e807d56431eb2a1a6,trusted_train
gold_p8_batch4_topup_01600,pdf-3cb27ad84f8a9c0f0d19,trusted_train
gold_p8_batch4_topup_01601,pdf-3cb27ad84f8a9c0f0d19,trusted_train
gold_p8_batch4_topup_01602,pdf-3cb27ad84f8a9c0f0d19,trusted_train
gold_p8_batch4_topup_01603,pdf-3cb27ad84f8a9c0f0d19,trusted_train
gold_p8_batch4_topup_01604,pdf-3cb27ad84f8a9c0f0d19,trusted_train
gold_p8_batch4_topup_01605,pdf-3cb9f9553ac4360995fa,trusted_train
gold_p8_batch4_topup_01606,pdf-3cb9f9553ac4360995fa,trusted_train
gold_p8_batch4_topup_01607,pdf-3cb9f9553ac4360995fa,trusted_train
gold_p8_batch4_topup_01608,pdf-3cb9f9553ac4360995fa,trusted_train
gold_p8_batch4_topup_01609,pdf-3cb9f9553ac4360995fa,trusted_train
gold_p8_batch4_topup_01612,pdf-3d4a9f79b7ad22081b3f,trusted_train
gold_p8_batch4_topup_01613,pdf-3d4a9f79b7ad22081b3f,trusted_train
gold_p8_batch4_topup_01614,pdf-3d4a9f79b7ad22081b3f,trusted_train
gold_p8_batch4_topup_01615,pdf-3d4a9f79b7ad22081b3f,trusted_train
gold_p8_batch4_topup_01616,pdf-3d4a9f79b7ad22081b3f,trusted_train
gold_p8_batch4_topup_01619,pdf-3d5d140ae74369c35ec6,trusted_train
gold_p8_batch4_topup_01620,pdf-3d64a6f70a01664ee78d,trusted_train
gold_p8_batch4_topup_01621,pdf-3d64a6f70a01664ee78d,trusted_train
gold_p8_batch4_topup_01622,pdf-3d64a6f70a01664ee78d,trusted_train
gold_p8_batch4_topup_01623,pdf-3d64a6f70a01664ee78d,trusted_train
gold_p8_batch4_topup_01624,pdf-3d64a6f70a01664ee78d,trusted_train
gold_p8_batch4_topup_01630,pdf-3d8ee0efded5da0f65c2,trusted_train
gold_p8_batch4_topup_01631,pdf-3d9b0c363161d1a5801c,trusted_train
gold_p8_batch4_topup_01632,pdf-3d9b0c363161d1a5801c,trusted_train
gold_p8_batch4_topup_01633,pdf-3d9b0c363161d1a5801c,trusted_train
gold_p8_batch4_topup_01634,pdf-3d9b0c363161d1a5801c,trusted_train
gold_p8_batch4_topup_01635,pdf-3da27e5523a70ff7d1e7,trusted_train
gold_p8_batch4_topup_01636,pdf-3da27e5523a70ff7d1e7,trusted_train
gold_p8_batch4_topup_01637,pdf-3da27e5523a70ff7d1e7,trusted_train
gold_p8_batch4_topup_01638,pdf-3da27e5523a70ff7d1e7,trusted_train
gold_p8_batch4_topup_01639,pdf-3da27e5523a70ff7d1e7,trusted_train
gold_p8_batch4_topup_01647,pdf-3e67b6ac0642e002652f,trusted_train
gold_p8_batch4_topup_01648,pdf-3e67b6ac0642e002652f,trusted_train
gold_p8_batch4_topup_01649,pdf-3e67b6ac0642e002652f,trusted_train
gold_p8_batch4_topup_01650,pdf-3e67b6ac0642e002652f,trusted_train
gold_p8_batch4_topup_01651,pdf-3e6cdef2af47de443f56,trusted_train
gold_p8_batch4_topup_01652,pdf-3e6cdef2af47de443f56,trusted_train
gold_p8_batch4_topup_01653,pdf-3e6cdef2af47de443f56,trusted_train
gold_p8_batch4_topup_01654,pdf-3e6cdef2af47de443f56,trusted_train
gold_p8_batch4_topup_01655,pdf-3e6cdef2af47de443f56,trusted_train
gold_p8_batch4_topup_01658,pdf-3e8be0f83835d4d75912,trusted_train
gold_p8_batch4_topup_01659,pdf-3ea5a80fb5a04ddae342,trusted_train
gold_p8_batch4_topup_01663,pdf-3ecc780a867896705625,trusted_train
gold_p8_batch4_topup_01664,pdf-3ecc780a867896705625,trusted_train
gold_p8_batch4_topup_01677,pdf-3f4f11611fdf1cac477f,trusted_train
gold_p8_batch4_topup_01678,pdf-3f4f11611fdf1cac477f,trusted_train
gold_p8_batch4_topup_01682,pdf-3fc941eda146996e2522,trusted_train
gold_p8_batch4_topup_01683,pdf-3fc941eda146996e2522,trusted_train
gold_p8_batch4_topup_01684,pdf-3fc941eda146996e2522,trusted_train
gold_p8_batch4_topup_01685,pdf-3fc941eda146996e2522,trusted_train
gold_p8_batch4_topup_01686,pdf-3fc941eda146996e2522,trusted_train
gold_p8_batch4_topup_01689,pdf-4025d136ce3aed8a770c,trusted_train
gold_p8_batch4_topup_01690,pdf-4025d136ce3aed8a770c,trusted_train
gold_p8_batch4_topup_01691,pdf-402b983dff6611007ae7,trusted_train
gold_p8_batch4_topup_01694,pdf-403968b0fa0f60d2a514,trusted_train
gold_p8_batch4_topup_01695,pdf-4046d7556aa7a6be1d6a,trusted_train
gold_p8_batch4_topup_01696,pdf-40483476e79b2a8c9dde,trusted_train
gold_p8_batch4_topup_01697,pdf-40483476e79b2a8c9dde,trusted_train
gold_p8_batch4_topup_01698,pdf-40483476e79b2a8c9dde,trusted_train
gold_p8_batch4_topup_01699,pdf-40483476e79b2a8c9dde,trusted_train
gold_p8_batch4_topup_01700,pdf-40483476e79b2a8c9dde,trusted_train
gold_p8_batch4_topup_01701,pdf-4051fd4121c73cdfa3a4,trusted_train
gold_p8_batch4_topup_01702,pdf-4051fd4121c73cdfa3a4,trusted_train
gold_p8_batch4_topup_01703,pdf-4051fd4121c73cdfa3a4,trusted_train
gold_p8_batch4_topup_01706,pdf-4071662e787a429e212d,trusted_train
gold_p8_batch4_topup_01707,pdf-4071662e787a429e212d,trusted_train
gold_p8_batch4_topup_01708,pdf-4071662e787a429e212d,trusted_train
gold_p8_batch4_topup_01709,pdf-4071662e787a429e212d,trusted_train
gold_p8_batch4_topup_01710,pdf-4071662e787a429e212d,trusted_train
gold_p8_batch4_topup_01711,pdf-4073b39dc366393941b6,trusted_train
gold_p8_batch4_topup_01712,pdf-4073b39dc366393941b6,trusted_train
gold_p8_batch4_topup_01713,pdf-4073b39dc366393941b6,trusted_train
gold_p8_batch4_topup_01722,pdf-40c7b3c7326618f9dee2,trusted_train
gold_p8_batch4_topup_01723,pdf-40c7b3c7326618f9dee2,trusted_train
gold_p8_batch4_topup_01724,pdf-40c7b3c7326618f9dee2,trusted_train
gold_p8_batch4_topup_01725,pdf-40c7b3c7326618f9dee2,trusted_train
gold_p8_batch4_topup_01726,pdf-40f3bed303763ed77331,trusted_train
gold_p8_batch4_topup_01727,pdf-40f3bed303763ed77331,trusted_train
gold_p8_batch4_topup_01728,pdf-40f3bed303763ed77331,trusted_train
gold_p8_batch4_topup_01729,pdf-40f3bed303763ed77331,trusted_train
gold_p8_batch4_topup_01730,pdf-40f3bed303763ed77331,trusted_train
gold_p8_batch4_topup_01740,pdf-415a80d46f5c74e1381d,trusted_train
gold_p8_batch4_topup_01747,pdf-41871aed039fecb2f2ac,trusted_train
gold_p8_batch4_topup_01748,pdf-41a2413c457df423b6a8,trusted_train
gold_p8_batch4_topup_01749,pdf-41b94bbaa7732c9ecfdc,trusted_train
gold_p8_batch4_topup_01750,pdf-41b94bbaa7732c9ecfdc,trusted_train
gold_p8_batch4_topup_01751,pdf-41b94bbaa7732c9ecfdc,trusted_train
gold_p8_batch4_topup_01752,pdf-41b94bbaa7732c9ecfdc,trusted_train
gold_p8_batch4_topup_01753,pdf-41b94bbaa7732c9ecfdc,trusted_train
gold_p8_batch4_topup_01754,pdf-41ca7a68bfa0294593f9,trusted_train
gold_p8_batch4_topup_01755,pdf-41ca7a68bfa0294593f9,trusted_train
gold_p8_batch4_topup_01756,pdf-41ca7a68bfa0294593f9,trusted_train
gold_p8_batch4_topup_01757,pdf-41ca7a68bfa0294593f9,trusted_train
gold_p8_batch4_topup_01758,pdf-41ca7a68bfa0294593f9,trusted_train
gold_p8_batch4_topup_01759,pdf-41e809bcb6b0969d2cbc,trusted_train
gold_p8_batch4_topup_01760,pdf-41e809bcb6b0969d2cbc,trusted_train
gold_p8_batch4_topup_01761,pdf-41e809bcb6b0969d2cbc,trusted_train
gold_p8_batch4_topup_01762,pdf-41e809bcb6b0969d2cbc,trusted_train
gold_p8_batch4_topup_01763,pdf-41e809bcb6b0969d2cbc,trusted_train
gold_p8_batch4_topup_01764,pdf-41f2e0888caad94d565c,trusted_train
gold_p8_batch4_topup_01765,pdf-41f2e0888caad94d565c,trusted_train
gold_p8_batch4_topup_01766,pdf-41f2e0888caad94d565c,trusted_train
gold_p8_batch4_topup_01767,pdf-41f2e0888caad94d565c,trusted_train
gold_p8_batch4_topup_01772,pdf-42111ee99d5e8b20c71a,trusted_train
gold_p8_batch4_topup_01773,pdf-42111ee99d5e8b20c71a,trusted_train
gold_p8_batch4_topup_01774,pdf-42111ee99d5e8b20c71a,trusted_train
gold_p8_batch4_topup_01775,pdf-42111ee99d5e8b20c71a,trusted_train
gold_p8_batch4_topup_01776,pdf-42111ee99d5e8b20c71a,trusted_train
gold_p8_batch4_topup_01777,pdf-422887110f478917bcfc,trusted_train
gold_p8_batch4_topup_01778,pdf-422887110f478917bcfc,trusted_train
gold_p8_batch4_topup_01779,pdf-423d9ff6c5439ab824bc,trusted_train
gold_p8_batch4_topup_01780,pdf-423d9ff6c5439ab824bc,trusted_train
gold_p8_batch4_topup_01781,pdf-423d9ff6c5439ab824bc,trusted_train
gold_p8_batch4_topup_01789,pdf-42dbb10c86cc791ea8ed,trusted_train
gold_p8_batch4_topup_01790,pdf-42dbb10c86cc791ea8ed,trusted_train
gold_p8_batch4_topup_01791,pdf-42dbb10c86cc791ea8ed,trusted_train
gold_p8_batch4_topup_01792,pdf-42dbb10c86cc791ea8ed,trusted_train
gold_p8_batch4_topup_01800,pdf-42fb691e05e61de2b254,trusted_train
gold_p8_batch4_topup_01801,pdf-430d74ae102da7a9d9ae,trusted_train
gold_p8_batch4_topup_01802,pdf-430d74ae102da7a9d9ae,trusted_train
gold_p8_batch4_topup_01803,pdf-430d74ae102da7a9d9ae,trusted_train
gold_p8_batch4_topup_01804,pdf-430d74ae102da7a9d9ae,trusted_train
gold_p8_batch4_topup_01805,pdf-430d74ae102da7a9d9ae,trusted_train
gold_p8_batch4_topup_01810,pdf-43912fd143e756775a4f,trusted_train
gold_p8_batch4_topup_01811,pdf-43912fd143e756775a4f,trusted_train
gold_p8_batch4_topup_01813,pdf-43dd7825ddcc2b043a1b,trusted_train
gold_p8_batch4_topup_01814,pdf-43dd7825ddcc2b043a1b,trusted_train
gold_p8_batch4_topup_01815,pdf-43de2e3be4162e36d33f,trusted_train
gold_p8_batch4_topup_01816,pdf-43de2e3be4162e36d33f,trusted_train
gold_p8_batch4_topup_01817,pdf-43de2e3be4162e36d33f,trusted_train
gold_p8_batch4_topup_01818,pdf-43f0f25ec01b05cd65ff,trusted_train
gold_p8_batch4_topup_01819,pdf-43f0f25ec01b05cd65ff,trusted_train
gold_p8_batch4_topup_01820,pdf-43f0f25ec01b05cd65ff,trusted_train
gold_p8_batch4_topup_01821,pdf-43f0f25ec01b05cd65ff,trusted_train
gold_p8_batch4_topup_01822,pdf-43f0f25ec01b05cd65ff,trusted_train
gold_p8_batch4_topup_01827,pdf-441813cc5e0275622c1c,trusted_train
gold_p8_batch4_topup_01828,pdf-441813cc5e0275622c1c,trusted_train
gold_p8_batch4_topup_01829,pdf-441813cc5e0275622c1c,trusted_train
gold_p8_batch4_topup_01830,pdf-441813cc5e0275622c1c,trusted_train
gold_p8_batch4_topup_01831,pdf-441813cc5e0275622c1c,trusted_train
gold_p8_batch4_topup_01836,pdf-443c7e4f3eaad85c6e2b,trusted_train
gold_p8_batch4_topup_01837,pdf-443c7e4f3eaad85c6e2b,trusted_train
gold_p8_batch4_topup_01844,pdf-4485935c9145ed50c182,trusted_train
gold_p8_batch4_topup_01845,pdf-4485935c9145ed50c182,trusted_train
gold_p8_batch4_topup_01846,pdf-4485935c9145ed50c182,trusted_train
gold_p8_batch4_topup_01847,pdf-4485935c9145ed50c182,trusted_train
gold_p8_batch4_topup_01848,pdf-4485935c9145ed50c182,trusted_train
gold_p8_batch4_topup_01853,pdf-44f331170f3d9e79ad21,trusted_train
gold_p8_batch4_topup_01854,pdf-44f331170f3d9e79ad21,trusted_train
gold_p8_batch4_topup_01855,pdf-44f331170f3d9e79ad21,trusted_train
gold_p8_batch4_topup_01856,pdf-44f331170f3d9e79ad21,trusted_train
gold_p8_batch4_topup_01857,pdf-44f331170f3d9e79ad21,trusted_train
gold_p8_batch4_topup_01858,pdf-45171650dc652ab4c1b5,trusted_train
gold_p8_batch4_topup_01859,pdf-45171650dc652ab4c1b5,trusted_train
gold_p8_batch4_topup_01860,pdf-452a400aea06233d3997,trusted_train
gold_p8_batch4_topup_01861,pdf-452a400aea06233d3997,trusted_train
gold_p8_batch4_topup_01862,pdf-452a400aea06233d3997,trusted_train
gold_p8_batch4_topup_01863,pdf-452a400aea06233d3997,trusted_train
gold_p8_batch4_topup_01864,pdf-455d7acb858ef77ff994,trusted_train
gold_p8_batch4_topup_01874,pdf-45a7450f4b9c4a1f216f,trusted_train
gold_p8_batch4_topup_01875,pdf-45a7450f4b9c4a1f216f,trusted_train
gold_p8_batch4_topup_01876,pdf-45b0a8e72878557978b9,trusted_train
gold_p8_batch4_topup_01877,pdf-45b0a8e72878557978b9,trusted_train
gold_p8_batch4_topup_01878,pdf-45b0a8e72878557978b9,trusted_train
gold_p8_batch4_topup_01879,pdf-45b0a8e72878557978b9,trusted_train
gold_p8_batch4_topup_01881,pdf-45e95ae6e57e71f6b5bb,trusted_train
gold_p8_batch4_topup_01882,pdf-45e95ae6e57e71f6b5bb,trusted_train
gold_p8_batch4_topup_01885,pdf-465844c8f8fa3f4328da,trusted_train
gold_p8_batch4_topup_01886,pdf-465844c8f8fa3f4328da,trusted_train
gold_p8_batch4_topup_01887,pdf-465844c8f8fa3f4328da,trusted_train
gold_p8_batch4_topup_01888,pdf-465844c8f8fa3f4328da,trusted_train
gold_p8_batch4_topup_01889,pdf-465844c8f8fa3f4328da,trusted_train
gold_p8_batch4_topup_01897,pdf-46e99854e43d8b3a91b8,trusted_train
gold_p8_batch4_topup_01898,pdf-46e99854e43d8b3a91b8,trusted_train
gold_p8_batch4_topup_01899,pdf-46e99854e43d8b3a91b8,trusted_train
gold_p8_batch4_topup_01900,pdf-46e99854e43d8b3a91b8,trusted_train
gold_p8_batch4_topup_01901,pdf-47822647d3bb0f124cf9,trusted_train
gold_p8_batch4_topup_01902,pdf-47822647d3bb0f124cf9,trusted_train
gold_p8_batch4_topup_01903,pdf-47822647d3bb0f124cf9,trusted_train
gold_p8_batch4_topup_01904,pdf-4787d9a34a75d31bbbb3,trusted_train
gold_p8_batch4_topup_01905,pdf-4787d9a34a75d31bbbb3,trusted_train
gold_p8_batch4_topup_01906,pdf-4787d9a34a75d31bbbb3,trusted_train
gold_p8_batch4_topup_01907,pdf-4787d9a34a75d31bbbb3,trusted_train
gold_p8_batch4_topup_01908,pdf-4787d9a34a75d31bbbb3,trusted_train
gold_p8_batch4_topup_01911,pdf-478dc9a14f98f9203f04,trusted_train
gold_p8_batch4_topup_01912,pdf-478dc9a14f98f9203f04,trusted_train
gold_p8_batch4_topup_01913,pdf-478dc9a14f98f9203f04,trusted_train
gold_p8_batch4_topup_01914,pdf-478dc9a14f98f9203f04,trusted_train
gold_p8_batch4_topup_01915,pdf-478dc9a14f98f9203f04,trusted_train
gold_p8_batch4_topup_01921,pdf-47d2c5e3a6025b267827,trusted_train
gold_p8_batch4_topup_01922,pdf-47d2c5e3a6025b267827,trusted_train
gold_p8_batch4_topup_01923,pdf-47d2c5e3a6025b267827,trusted_train
gold_p8_batch4_topup_01924,pdf-47d2c5e3a6025b267827,trusted_train
gold_p8_batch4_topup_01925,pdf-47d2c5e3a6025b267827,trusted_train
gold_p8_batch4_topup_01926,pdf-47ee4ca2bf8dd3087b24,trusted_train
gold_p8_batch4_topup_01927,pdf-47ee4ca2bf8dd3087b24,trusted_train
gold_p8_batch4_topup_01928,pdf-47ee4ca2bf8dd3087b24,trusted_train
gold_p8_batch4_topup_01929,pdf-47ee4ca2bf8dd3087b24,trusted_train
gold_p8_batch4_topup_01930,pdf-47ee4ca2bf8dd3087b24,trusted_train
gold_p8_batch4_topup_01933,pdf-480e77294538bf866026,trusted_train
gold_p8_batch4_topup_01934,pdf-480e77294538bf866026,trusted_train
gold_p8_batch4_topup_01935,pdf-480e77294538bf866026,trusted_train
gold_p8_batch4_topup_01936,pdf-480e77294538bf866026,trusted_train
gold_p8_batch4_topup_01937,pdf-480e77294538bf866026,trusted_train
gold_p8_batch4_topup_01950,pdf-488ba39502afe1741f0d,trusted_train
gold_p8_batch4_topup_01951,pdf-488ba39502afe1741f0d,trusted_train
gold_p8_batch4_topup_01952,pdf-488cff36908c5947189d,trusted_train
gold_p8_batch4_topup_01953,pdf-488cff36908c5947189d,trusted_train
gold_p8_batch4_topup_01954,pdf-488cff36908c5947189d,trusted_train
gold_p8_batch4_topup_01955,pdf-488cff36908c5947189d,trusted_train
gold_p8_batch4_topup_01956,pdf-488cff36908c5947189d,trusted_train
gold_p8_batch4_topup_01957,pdf-48c912ed0c700965624d,trusted_train
gold_p8_batch4_topup_01958,pdf-48c912ed0c700965624d,trusted_train
gold_p8_batch4_topup_01959,pdf-48c912ed0c700965624d,trusted_train
gold_p8_batch4_topup_01960,pdf-48c912ed0c700965624d,trusted_train
gold_p8_batch4_topup_01961,pdf-48c912ed0c700965624d,trusted_train
gold_p8_batch4_topup_01962,pdf-48eaa6c4527786ac1b20,trusted_train
gold_p8_batch4_topup_01963,pdf-48eaa6c4527786ac1b20,trusted_train
gold_p8_batch4_topup_01964,pdf-48f2d1f5ef6c223700ab,trusted_train
gold_p8_batch4_topup_01974,pdf-495973c523648fa6b2de,trusted_train
gold_p8_batch4_topup_01975,pdf-495973c523648fa6b2de,trusted_train
gold_p8_batch4_topup_01976,pdf-496470ae6e4567bf3c6c,trusted_train
gold_p8_batch4_topup_01977,pdf-496470ae6e4567bf3c6c,trusted_train
gold_p8_batch4_topup_01978,pdf-496470ae6e4567bf3c6c,trusted_train
gold_p8_batch4_topup_01979,pdf-496470ae6e4567bf3c6c,trusted_train
gold_p8_batch4_topup_01980,pdf-496470ae6e4567bf3c6c,trusted_train
gold_p8_batch4_topup_01981,pdf-49975ad2d5521fbc6265,trusted_train
gold_p8_batch4_topup_01982,pdf-49975ad2d5521fbc6265,trusted_train
gold_p8_batch4_topup_01983,pdf-49975ad2d5521fbc6265,trusted_train
gold_p8_batch4_topup_01984,pdf-49975ad2d5521fbc6265,trusted_train
gold_p8_batch4_topup_01985,pdf-49975ad2d5521fbc6265,trusted_train
gold_p8_batch4_topup_01989,pdf-49c35445cb2f320a782b,trusted_train
gold_p8_batch4_topup_01990,pdf-49c35445cb2f320a782b,trusted_train
gold_p8_batch4_topup_01991,pdf-49c35445cb2f320a782b,trusted_train
gold_p8_batch4_topup_01992,pdf-49c35445cb2f320a782b,trusted_train
gold_p8_batch4_topup_01993,pdf-49c35445cb2f320a782b,trusted_train
gold_p8_batch4_topup_02000,pdf-49d2c17b78bcc9f026c5,trusted_train
gold_p8_batch4_topup_02001,pdf-49d2c17b78bcc9f026c5,trusted_train
gold_p8_batch4_topup_02006,pdf-49da19926db1b390da06,trusted_train
gold_p8_batch4_topup_02007,pdf-49da19926db1b390da06,trusted_train
gold_p8_batch4_topup_02008,pdf-49da19926db1b390da06,trusted_train
gold_p8_batch4_topup_02009,pdf-49da19926db1b390da06,trusted_train
gold_p8_batch4_topup_02010,pdf-49da19926db1b390da06,trusted_train
gold_p8_batch4_topup_02013,pdf-4a3cfa184770567fabf8,trusted_train
gold_p8_batch4_topup_02014,pdf-4a3cfa184770567fabf8,trusted_train
gold_p8_batch4_topup_02015,pdf-4a448cf9d7327da6d392,trusted_train
gold_p8_batch4_topup_02016,pdf-4a448cf9d7327da6d392,trusted_train
gold_p8_batch4_topup_02017,pdf-4a448cf9d7327da6d392,trusted_train
gold_p8_batch4_topup_02018,pdf-4a448cf9d7327da6d392,trusted_train
gold_p8_batch4_topup_02019,pdf-4a448cf9d7327da6d392,trusted_train
gold_p8_batch4_topup_02027,pdf-4a991ce943a6a00c79b4,trusted_train
gold_p8_batch4_topup_02028,pdf-4a991ce943a6a00c79b4,trusted_train
gold_p8_batch4_topup_02029,pdf-4a991ce943a6a00c79b4,trusted_train
gold_p8_batch4_topup_02030,pdf-4a991ce943a6a00c79b4,trusted_train
gold_p8_batch4_topup_02031,pdf-4a991ce943a6a00c79b4,trusted_train
gold_p8_batch4_topup_02038,pdf-4aca9e1f0bede2f80362,trusted_train
gold_p8_batch4_topup_02056,pdf-4b69d79185714155597a,trusted_train
gold_p8_batch4_topup_02057,pdf-4b69d79185714155597a,trusted_train
gold_p8_batch4_topup_02058,pdf-4b69d79185714155597a,trusted_train
gold_p8_batch4_topup_02059,pdf-4b69d79185714155597a,trusted_train
gold_p8_batch4_topup_02060,pdf-4b69d79185714155597a,trusted_train
gold_p8_batch4_topup_02061,pdf-4b73cb95c8f99fced79c,trusted_train
gold_p8_batch4_topup_02062,pdf-4b73cb95c8f99fced79c,trusted_train
gold_p8_batch4_topup_02063,pdf-4b73cb95c8f99fced79c,trusted_train
gold_p8_batch4_topup_02064,pdf-4b73cb95c8f99fced79c,trusted_train
gold_p8_batch4_topup_02065,pdf-4b73cb95c8f99fced79c,trusted_train
gold_p8_batch4_topup_02075,pdf-4c117c44ba2a4469d097,trusted_train
gold_p8_batch4_topup_02076,pdf-4c117c44ba2a4469d097,trusted_train
gold_p8_batch4_topup_02077,pdf-4c117c44ba2a4469d097,trusted_train
gold_p8_batch4_topup_02078,pdf-4c15bde4eecc44d1bb1d,trusted_train
gold_p8_batch4_topup_02079,pdf-4c15bde4eecc44d1bb1d,trusted_train
gold_p8_batch4_topup_02080,pdf-4c15bde4eecc44d1bb1d,trusted_train
gold_p8_batch4_topup_02081,pdf-4c15bde4eecc44d1bb1d,trusted_train
gold_p8_batch4_topup_02082,pdf-4c15bde4eecc44d1bb1d,trusted_train
gold_p8_batch4_topup_02102,pdf-4cb49dcb2dfb6be67b84,trusted_train
gold_p8_batch4_topup_02103,pdf-4cb49dcb2dfb6be67b84,trusted_train
gold_p8_batch4_topup_02104,pdf-4cf397084d0b760e8835,trusted_train
gold_p8_batch4_topup_02105,pdf-4cf397084d0b760e8835,trusted_train
gold_p8_batch4_topup_02106,pdf-4cf397084d0b760e8835,trusted_train
gold_p8_batch4_topup_02107,pdf-4cf397084d0b760e8835,trusted_train
gold_p8_batch4_topup_02108,pdf-4cf397084d0b760e8835,trusted_train
gold_p8_batch4_topup_02115,pdf-4d0b7d4866a4969607c6,trusted_train
gold_p8_batch4_topup_02116,pdf-4d0b7d4866a4969607c6,trusted_train
gold_p8_batch4_topup_02117,pdf-4d0b7d4866a4969607c6,trusted_train
gold_p8_batch4_topup_02118,pdf-4d0b7d4866a4969607c6,trusted_train
gold_p8_batch4_topup_02119,pdf-4d0b7d4866a4969607c6,trusted_train
gold_p8_batch4_topup_02123,pdf-4d27f25e7139f4b9f6dc,trusted_train
gold_p8_batch4_topup_02124,pdf-4d27f25e7139f4b9f6dc,trusted_train
gold_p8_batch4_topup_02125,pdf-4d27f25e7139f4b9f6dc,trusted_train
gold_p8_batch4_topup_02126,pdf-4d27f25e7139f4b9f6dc,trusted_train
gold_p8_batch4_topup_02127,pdf-4d27f25e7139f4b9f6dc,trusted_train
gold_p8_batch4_topup_02128,pdf-4d49eccc31204f953ee2,trusted_train
gold_p8_batch4_topup_02137,pdf-4dc86dc5e77fdae48b09,trusted_train
gold_p8_batch4_topup_02138,pdf-4dc86dc5e77fdae48b09,trusted_train
gold_p8_batch4_topup_02139,pdf-4dc86dc5e77fdae48b09,trusted_train
gold_p8_batch4_topup_02143,pdf-4def8c897cb8eca98395,trusted_train
gold_p8_batch4_topup_02153,pdf-4e90b9a103d2f4f278ee,trusted_train
gold_p8_batch4_topup_02154,pdf-4ebc779b32e289377122,trusted_train
gold_p8_batch4_topup_02163,pdf-4f56a2844edaf70fd795,trusted_train
gold_p8_batch4_topup_02164,pdf-4f56a2844edaf70fd795,trusted_train
gold_p8_batch4_topup_02165,pdf-4f56a2844edaf70fd795,trusted_train
gold_p8_batch4_topup_02166,pdf-4f56a2844edaf70fd795,trusted_train
gold_p8_batch4_topup_02167,pdf-4f56a2844edaf70fd795,trusted_train
gold_p8_batch4_topup_02172,pdf-4f6d2aa97e22928fcdb4,trusted_train
gold_p8_batch4_topup_02173,pdf-4f6d2aa97e22928fcdb4,trusted_train
gold_p8_batch4_topup_02184,pdf-5021ee579aac03bec2b9,trusted_train
gold_p8_batch4_topup_02185,pdf-503dd6ad6e241e76030a,trusted_train
gold_p8_batch4_topup_02186,pdf-503dd6ad6e241e76030a,trusted_train
gold_p8_batch4_topup_02187,pdf-503dd6ad6e241e76030a,trusted_train
gold_p8_batch4_topup_02188,pdf-503dd6ad6e241e76030a,trusted_train
gold_p8_batch4_topup_02189,pdf-503dd6ad6e241e76030a,trusted_train
gold_p8_batch4_topup_02194,pdf-5058e7bceb655cb5a4f8,trusted_train
gold_p8_batch4_topup_02195,pdf-5058e7bceb655cb5a4f8,trusted_train
gold_p8_batch4_topup_02196,pdf-5058e7bceb655cb5a4f8,trusted_train
gold_p8_batch4_topup_02197,pdf-5058e7bceb655cb5a4f8,trusted_train
gold_p8_batch4_topup_02198,pdf-5058e7bceb655cb5a4f8,trusted_train
gold_p8_batch4_topup_02202,pdf-5063103ea515ed234d18,trusted_train
gold_p8_batch4_topup_02203,pdf-5063103ea515ed234d18,trusted_train
gold_p8_batch4_topup_02204,pdf-5063103ea515ed234d18,trusted_train
gold_p8_batch4_topup_02205,pdf-5063103ea515ed234d18,trusted_train
gold_p8_batch4_topup_02206,pdf-5063103ea515ed234d18,trusted_train
gold_p8_batch4_topup_02211,pdf-508b0c192fa586d4dc3d,trusted_train
gold_p8_batch4_topup_02212,pdf-508b0c192fa586d4dc3d,trusted_train
gold_p8_batch4_topup_02213,pdf-508b0c192fa586d4dc3d,trusted_train
gold_p8_batch4_topup_02214,pdf-508b0c192fa586d4dc3d,trusted_train
gold_p8_batch4_topup_02215,pdf-508b0c192fa586d4dc3d,trusted_train
gold_p8_batch4_topup_02226,pdf-51159f03132b1521e93c,trusted_train
gold_p8_batch4_topup_02227,pdf-51159f03132b1521e93c,trusted_train
gold_p8_batch4_topup_02228,pdf-51159f03132b1521e93c,trusted_train
gold_p8_batch4_topup_02229,pdf-51159f03132b1521e93c,trusted_train
gold_p8_batch4_topup_02230,pdf-51159f03132b1521e93c,trusted_train
gold_p8_batch4_topup_02242,pdf-5195211e4df18f9934f2,trusted_train
gold_p8_batch4_topup_02243,pdf-5195211e4df18f9934f2,trusted_train
gold_p8_batch4_topup_02244,pdf-51b0711c4adfe0c94921,trusted_train
gold_p8_batch4_topup_02245,pdf-51b0711c4adfe0c94921,trusted_train
gold_p8_batch4_topup_02246,pdf-51b0711c4adfe0c94921,trusted_train
gold_p8_batch4_topup_02247,pdf-51b0711c4adfe0c94921,trusted_train
gold_p8_batch4_topup_02248,pdf-51b0711c4adfe0c94921,trusted_train
gold_p8_batch4_topup_02249,pdf-521435da94e2746ec0d2,trusted_train
gold_p8_batch4_topup_02250,pdf-521435da94e2746ec0d2,trusted_train
gold_p8_batch4_topup_02251,pdf-521435da94e2746ec0d2,trusted_train
gold_p8_batch4_topup_02252,pdf-521435da94e2746ec0d2,trusted_train
gold_p8_batch4_topup_02253,pdf-521435da94e2746ec0d2,trusted_train
gold_p8_batch4_topup_02254,pdf-524078de6cb2dedf1de1,trusted_train
gold_p8_batch4_topup_02255,pdf-524078de6cb2dedf1de1,trusted_train
gold_p8_batch4_topup_02256,pdf-524078de6cb2dedf1de1,trusted_train
gold_p8_batch4_topup_02257,pdf-524078de6cb2dedf1de1,trusted_train
gold_p8_batch4_topup_02258,pdf-524078de6cb2dedf1de1,trusted_train
gold_p8_batch4_topup_02261,pdf-52539f2d62faea2ea834,trusted_train
gold_p8_batch4_topup_02262,pdf-52539f2d62faea2ea834,trusted_train
gold_p8_batch4_topup_02263,pdf-52539f2d62faea2ea834,trusted_train
gold_p8_batch4_topup_02267,pdf-528967ad839bb9cb3df2,trusted_train
gold_p8_batch4_topup_02268,pdf-528967ad839bb9cb3df2,trusted_train
gold_p8_batch4_topup_02269,pdf-528967ad839bb9cb3df2,trusted_train
gold_p8_batch4_topup_02270,pdf-528967ad839bb9cb3df2,trusted_train
gold_p8_batch4_topup_02271,pdf-528967ad839bb9cb3df2,trusted_train
gold_p8_batch4_topup_02278,pdf-52cb5bbf0b24ecc331c5,trusted_train
gold_p8_batch4_topup_02285,pdf-52ebf6484fbed058ebf0,trusted_train
gold_p8_batch4_topup_02286,pdf-52ebf6484fbed058ebf0,trusted_train
gold_p8_batch4_topup_02287,pdf-52ebf6484fbed058ebf0,trusted_train
gold_p8_batch4_topup_02288,pdf-52ebf6484fbed058ebf0,trusted_train
gold_p8_batch4_topup_02289,pdf-52ebf6484fbed058ebf0,trusted_train
gold_p8_batch4_topup_02290,pdf-5316d334eb7f7fbb4267,trusted_train
gold_p8_batch4_topup_02291,pdf-5316d334eb7f7fbb4267,trusted_train
gold_p8_batch4_topup_02292,pdf-5316d334eb7f7fbb4267,trusted_train
gold_p8_batch4_topup_02293,pdf-5316d334eb7f7fbb4267,trusted_train
gold_p8_batch4_topup_02294,pdf-5316d334eb7f7fbb4267,trusted_train
gold_p8_batch4_topup_02295,pdf-5322ac02045008c62553,trusted_train
gold_p8_batch4_topup_02296,pdf-5322ac02045008c62553,trusted_train
gold_p8_batch4_topup_02297,pdf-5322ac02045008c62553,trusted_train
gold_p8_batch4_topup_02298,pdf-5322ac02045008c62553,trusted_train
gold_p8_batch4_topup_02299,pdf-5322ac02045008c62553,trusted_train
gold_p8_batch4_topup_02300,pdf-5368f099de604eeae65a,trusted_train
gold_p8_batch4_topup_02301,pdf-5368f099de604eeae65a,trusted_train
gold_p8_batch4_topup_02302,pdf-5368f099de604eeae65a,trusted_train
gold_p8_batch4_topup_02317,pdf-53c4541e7462acfec70f,trusted_train
gold_p8_batch4_topup_02320,pdf-54204ae4548a9167f789,trusted_train
gold_p8_batch4_topup_02321,pdf-54204ae4548a9167f789,trusted_train
gold_p8_batch4_topup_02322,pdf-54204ae4548a9167f789,trusted_train
gold_p8_batch4_topup_02323,pdf-54204ae4548a9167f789,trusted_train
gold_p8_batch4_topup_02324,pdf-54204ae4548a9167f789,trusted_train
gold_p8_batch4_topup_02328,pdf-5477b249a6896f762a14,trusted_train
gold_p8_batch4_topup_02331,pdf-549a1a00006184b655fd,trusted_train
gold_p8_batch4_topup_02332,pdf-549a1a00006184b655fd,trusted_train
gold_p8_batch4_topup_02333,pdf-54a35572279bcec9543d,trusted_train
gold_p8_batch4_topup_02334,pdf-54a35572279bcec9543d,trusted_train
gold_p8_batch4_topup_02335,pdf-54a35572279bcec9543d,trusted_train
gold_p8_batch4_topup_02336,pdf-54a35572279bcec9543d,trusted_train
gold_p8_batch4_topup_02337,pdf-54a35572279bcec9543d,trusted_train
gold_p8_batch4_topup_02338,pdf-54e4b489d3fe3bd038b8,trusted_train
gold_p8_batch4_topup_02339,pdf-54e4b489d3fe3bd038b8,trusted_train
gold_p8_batch4_topup_02340,pdf-54e4b489d3fe3bd038b8,trusted_train
gold_p8_batch4_topup_02341,pdf-54e4b489d3fe3bd038b8,trusted_train
gold_p8_batch4_topup_02342,pdf-54e4b489d3fe3bd038b8,trusted_train
gold_p8_batch4_topup_02343,pdf-54e5f112b5fa5233b8c3,trusted_train
gold_p8_batch4_topup_02344,pdf-54e5f112b5fa5233b8c3,trusted_train
gold_p8_batch4_topup_02345,pdf-54e5f112b5fa5233b8c3,trusted_train
gold_p8_batch4_topup_02346,pdf-54e5f112b5fa5233b8c3,trusted_train
gold_p8_batch4_topup_02347,pdf-5533d5a099fd72fe0ad7,trusted_train
gold_p8_batch4_topup_02348,pdf-5533d5a099fd72fe0ad7,trusted_train
gold_p8_batch4_topup_02349,pdf-553fa9ab89f75ab22414,trusted_train
gold_p8_batch4_topup_02350,pdf-553fa9ab89f75ab22414,trusted_train
gold_p8_batch4_topup_02351,pdf-553fa9ab89f75ab22414,trusted_train
gold_p8_batch4_topup_02352,pdf-553fa9ab89f75ab22414,trusted_train
gold_p8_batch4_topup_02353,pdf-553fa9ab89f75ab22414,trusted_train
gold_p8_batch4_topup_02361,pdf-55da0e0a951777c2591b,trusted_train
gold_p8_batch4_topup_02362,pdf-55da0e0a951777c2591b,trusted_train
gold_p8_batch4_topup_02363,pdf-55da0e0a951777c2591b,trusted_train
gold_p8_batch4_topup_02364,pdf-55da0e0a951777c2591b,trusted_train
gold_p8_batch4_topup_02365,pdf-55da0e0a951777c2591b,trusted_train
gold_p8_batch4_topup_02366,pdf-55e379e71b246620c622,trusted_train
gold_p8_batch4_topup_02367,pdf-55e379e71b246620c622,trusted_train
gold_p8_batch4_topup_02368,pdf-55e379e71b246620c622,trusted_train
gold_p8_batch4_topup_02369,pdf-55e379e71b246620c622,trusted_train
gold_p8_batch4_topup_02370,pdf-55e379e71b246620c622,trusted_train
gold_p8_batch4_topup_02371,pdf-55e49bfa6f855b187751,trusted_train
gold_p8_batch4_topup_02373,pdf-55e49bfa6f855b187751,trusted_train
gold_p8_batch4_topup_02374,pdf-55e49bfa6f855b187751,trusted_train
gold_p8_batch4_topup_02375,pdf-55e49bfa6f855b187751,trusted_train
gold_p8_batch4_topup_02376,pdf-55f7c32a34f2eb289e82,trusted_train
gold_p8_batch4_topup_02377,pdf-55f7c32a34f2eb289e82,trusted_train
gold_p8_batch4_topup_02378,pdf-55f7c32a34f2eb289e82,trusted_train
gold_p8_batch4_topup_02380,pdf-56200e13c7c68fdf2711,trusted_train
gold_p8_batch4_topup_02381,pdf-56200e13c7c68fdf2711,trusted_train
gold_p8_batch4_topup_02382,pdf-56200e13c7c68fdf2711,trusted_train
gold_p8_batch4_topup_02383,pdf-56200e13c7c68fdf2711,trusted_train
gold_p8_batch4_topup_02385,pdf-56306f6b46a34ec6ce61,trusted_train
gold_p8_batch4_topup_02386,pdf-56306f6b46a34ec6ce61,trusted_train
gold_p8_batch4_topup_02397,pdf-56653731b7d78e29a92d,trusted_train
gold_p8_batch4_topup_02398,pdf-56653731b7d78e29a92d,trusted_train
gold_p8_batch4_topup_02399,pdf-56653731b7d78e29a92d,trusted_train
gold_p8_batch4_topup_02400,pdf-56653731b7d78e29a92d,trusted_train
gold_p8_batch4_topup_02401,pdf-56653731b7d78e29a92d,trusted_train
gold_p8_batch4_topup_02404,pdf-5680a7879cf069f648c4,trusted_train
gold_p8_batch4_topup_02417,pdf-570807552a9896b69bd6,trusted_train
gold_p8_batch4_topup_02418,pdf-570807552a9896b69bd6,trusted_train
gold_p8_batch4_topup_02419,pdf-570807552a9896b69bd6,trusted_train
gold_p8_batch4_topup_02420,pdf-570835abd3c8b6b1b273,trusted_train
gold_p8_batch4_topup_02421,pdf-570b18e8a43060267cd1,trusted_train
gold_p8_batch4_topup_02422,pdf-570b18e8a43060267cd1,trusted_train
gold_p8_batch4_topup_02423,pdf-570b18e8a43060267cd1,trusted_train
gold_p8_batch4_topup_02424,pdf-570b18e8a43060267cd1,trusted_train
gold_p8_batch4_topup_02425,pdf-570b18e8a43060267cd1,trusted_train
gold_p8_batch4_topup_02430,pdf-575e8ddde18cb8c9f15e,trusted_train
gold_p8_batch4_topup_02431,pdf-575e8ddde18cb8c9f15e,trusted_train
gold_p8_batch4_topup_02432,pdf-575e8ddde18cb8c9f15e,trusted_train
gold_p8_batch4_topup_02433,pdf-575e8ddde18cb8c9f15e,trusted_train
gold_p8_batch4_topup_02434,pdf-575e8ddde18cb8c9f15e,trusted_train
gold_p8_batch4_topup_02442,pdf-577eb13eae21091a5e2f,trusted_train
gold_p8_batch4_topup_02443,pdf-57d96491c99f958f09ea,trusted_train
gold_p8_batch4_topup_02444,pdf-57d96491c99f958f09ea,trusted_train
gold_p8_batch4_topup_02450,pdf-5817cfeae7767512d453,trusted_train
gold_p8_batch4_topup_02451,pdf-5817cfeae7767512d453,trusted_train
gold_p8_batch4_topup_02452,pdf-5817cfeae7767512d453,trusted_train
gold_p8_batch4_topup_02453,pdf-5817cfeae7767512d453,trusted_train
gold_p8_batch4_topup_02454,pdf-5817cfeae7767512d453,trusted_train
gold_p8_batch4_topup_02458,pdf-583eab4b97e412db0b6c,trusted_train
gold_p8_batch4_topup_02459,pdf-583eab4b97e412db0b6c,trusted_train
gold_p8_batch4_topup_02460,pdf-583eab4b97e412db0b6c,trusted_train
gold_p8_batch4_topup_02461,pdf-583eab4b97e412db0b6c,trusted_train
gold_p8_batch4_topup_02462,pdf-583eab4b97e412db0b6c,trusted_train
gold_p8_batch4_topup_02471,pdf-58980f96b81724c36ec7,trusted_train
gold_p8_batch4_topup_02472,pdf-58980f96b81724c36ec7,trusted_train
gold_p8_batch4_topup_02473,pdf-58980f96b81724c36ec7,trusted_train
gold_p8_batch4_topup_02474,pdf-58980f96b81724c36ec7,trusted_train
gold_p8_batch4_topup_02475,pdf-58980f96b81724c36ec7,trusted_train
gold_p8_batch4_topup_02476,pdf-58db9bd3d5bdc4277c23,trusted_train
gold_p8_batch4_topup_02477,pdf-58db9bd3d5bdc4277c23,trusted_train
gold_p8_batch4_topup_02478,pdf-58db9bd3d5bdc4277c23,trusted_train
gold_p8_batch4_topup_02479,pdf-58db9bd3d5bdc4277c23,trusted_train
gold_p8_batch4_topup_02482,pdf-59057ab2e03257e483c9,trusted_train
gold_p8_batch4_topup_02483,pdf-59057ab2e03257e483c9,trusted_train
gold_p8_batch4_topup_02488,pdf-593319e58d9a90b1b579,trusted_train
gold_p8_batch4_topup_02489,pdf-593319e58d9a90b1b579,trusted_train
gold_p8_batch4_topup_02490,pdf-593319e58d9a90b1b579,trusted_train
gold_p8_batch4_topup_02491,pdf-593319e58d9a90b1b579,trusted_train
gold_p8_batch4_topup_02492,pdf-593319e58d9a90b1b579,trusted_train
gold_p8_batch4_topup_02501,pdf-59957dca2c9c510c7967,trusted_train
gold_p8_batch4_topup_02502,pdf-59957dca2c9c510c7967,trusted_train
gold_p8_batch4_topup_02503,pdf-59957dca2c9c510c7967,trusted_train
gold_p8_batch4_topup_02504,pdf-59957dca2c9c510c7967,trusted_train
gold_p8_batch4_topup_02505,pdf-59957dca2c9c510c7967,trusted_train
gold_p8_batch4_topup_02507,pdf-59b0b5a42fa78e388182,trusted_train
gold_p8_batch4_topup_02508,pdf-59b0b5a42fa78e388182,trusted_train
gold_p8_batch4_topup_02509,pdf-59b0b5a42fa78e388182,trusted_train
gold_p8_batch4_topup_02510,pdf-59b0b5a42fa78e388182,trusted_train
gold_p8_batch4_topup_02511,pdf-59b0b5a42fa78e388182,trusted_train
gold_p8_batch4_topup_02512,pdf-59ba10e65eac284e774b,trusted_train
gold_p8_batch4_topup_02513,pdf-59ba10e65eac284e774b,trusted_train
gold_p8_batch4_topup_02514,pdf-59e3a2175718aa3d011b,trusted_train
gold_p8_batch4_topup_02515,pdf-59e3a2175718aa3d011b,trusted_train
gold_p8_batch4_topup_02518,pdf-59fc7cb3660a106cfa60,trusted_train
gold_p8_batch4_topup_02522,pdf-5a3f0fe16b6d9f07ed3a,trusted_train
gold_p8_batch4_topup_02523,pdf-5a3f0fe16b6d9f07ed3a,trusted_train
gold_p8_batch4_topup_02524,pdf-5a3f0fe16b6d9f07ed3a,trusted_train
gold_p8_batch4_topup_02525,pdf-5a667a81fbf313bd61cd,trusted_train
gold_p8_batch4_topup_02526,pdf-5a667a81fbf313bd61cd,trusted_train
gold_p8_batch4_topup_02527,pdf-5a667a81fbf313bd61cd,trusted_train
gold_p8_batch4_topup_02528,pdf-5a667a81fbf313bd61cd,trusted_train
gold_p8_batch4_topup_02529,pdf-5a667a81fbf313bd61cd,trusted_train
gold_p8_batch4_topup_02530,pdf-5a8024c2fb1ac1b00911,trusted_train
gold_p8_batch4_topup_02531,pdf-5a8024c2fb1ac1b00911,trusted_train
gold_p8_batch4_topup_02532,pdf-5a94cc671e1190899a0a,trusted_train
gold_p8_batch4_topup_02533,pdf-5a94cc671e1190899a0a,trusted_train
gold_p8_batch4_topup_02534,pdf-5aa5a7940cd7af25034d,trusted_train
gold_p8_batch4_topup_02535,pdf-5aa5a7940cd7af25034d,trusted_train
gold_p8_batch4_topup_02536,pdf-5aa5a7940cd7af25034d,trusted_train
gold_p8_batch4_topup_02537,pdf-5aa5a7940cd7af25034d,trusted_train
gold_p8_batch4_topup_02538,pdf-5aa5a7940cd7af25034d,trusted_train
gold_p8_batch4_topup_02542,pdf-5acd34e5b2957c22093a,trusted_train
gold_p8_batch4_topup_02543,pdf-5acd34e5b2957c22093a,trusted_train
gold_p8_batch4_topup_02544,pdf-5ae7deb5a4c3e3e79b15,trusted_train
gold_p8_batch4_topup_02545,pdf-5ae7deb5a4c3e3e79b15,trusted_train
gold_p8_batch4_topup_02546,pdf-5ae7deb5a4c3e3e79b15,trusted_train
gold_p8_batch4_topup_02547,pdf-5ae7deb5a4c3e3e79b15,trusted_train
gold_p8_batch4_topup_02548,pdf-5ae7deb5a4c3e3e79b15,trusted_train
gold_p8_batch4_topup_02549,pdf-5b04a81e4818784f544f,trusted_train
gold_p8_batch4_topup_02550,pdf-5b04a81e4818784f544f,trusted_train
gold_p8_batch4_topup_02551,pdf-5b04a81e4818784f544f,trusted_train
gold_p8_batch4_topup_02552,pdf-5b04a81e4818784f544f,trusted_train
gold_p8_batch4_topup_02553,pdf-5b04a81e4818784f544f,trusted_train
gold_p8_batch4_topup_02557,pdf-5b5b1fb37759c42b7632,trusted_train
gold_p8_batch4_topup_02558,pdf-5b5b1fb37759c42b7632,trusted_train
gold_p8_batch4_topup_02559,pdf-5b5b1fb37759c42b7632,trusted_train
gold_p8_batch4_topup_02560,pdf-5b5b1fb37759c42b7632,trusted_train
gold_p8_batch4_topup_02561,pdf-5b5b1fb37759c42b7632,trusted_train
gold_p8_batch4_topup_02568,pdf-5c001b4cee8a1e5b2c8d,trusted_train
gold_p8_batch4_topup_02569,pdf-5c001b4cee8a1e5b2c8d,trusted_train
gold_p8_batch4_topup_02570,pdf-5c001b4cee8a1e5b2c8d,trusted_train
gold_p8_batch4_topup_02571,pdf-5c001b4cee8a1e5b2c8d,trusted_train
gold_p8_batch4_topup_02572,pdf-5c001b4cee8a1e5b2c8d,trusted_train
gold_p8_batch4_topup_02578,pdf-5c1a965954f65ee43010,trusted_train
gold_p8_batch4_topup_02579,pdf-5c1a965954f65ee43010,trusted_train
gold_p8_batch4_topup_02580,pdf-5c1a965954f65ee43010,trusted_train
gold_p8_batch4_topup_02581,pdf-5c1a965954f65ee43010,trusted_train
gold_p8_batch4_topup_02582,pdf-5c1a965954f65ee43010,trusted_train
gold_p8_batch4_topup_02587,pdf-5c23e74b1f8ff878a0b7,trusted_train
gold_p8_batch4_topup_02588,pdf-5c23e74b1f8ff878a0b7,trusted_train
gold_p8_batch4_topup_02589,pdf-5c23e74b1f8ff878a0b7,trusted_train
gold_p8_batch4_topup_02590,pdf-5c23e74b1f8ff878a0b7,trusted_train
gold_p8_batch4_topup_02591,pdf-5c23e74b1f8ff878a0b7,trusted_train
gold_p8_batch4_topup_02593,pdf-5c54742c64cf8e20909c,trusted_train
gold_p8_batch4_topup_02594,pdf-5c54742c64cf8e20909c,trusted_train
gold_p8_batch4_topup_02595,pdf-5c54742c64cf8e20909c,trusted_train
gold_p8_batch4_topup_02596,pdf-5c54742c64cf8e20909c,trusted_train
gold_p8_batch4_topup_02597,pdf-5c54742c64cf8e20909c,trusted_train
gold_p8_batch4_topup_02603,pdf-5d0b6518f1ac5fc67d65,trusted_train
gold_p8_batch4_topup_02604,pdf-5d0b6518f1ac5fc67d65,trusted_train
gold_p8_batch4_topup_02605,pdf-5d0b6518f1ac5fc67d65,trusted_train
gold_p8_batch4_topup_02606,pdf-5d0b6518f1ac5fc67d65,trusted_train
gold_p8_batch4_topup_02607,pdf-5d0b6518f1ac5fc67d65,trusted_train
gold_p8_batch4_topup_02608,pdf-5d2e789ec4fa715a759f,trusted_train
gold_p8_batch4_topup_02609,pdf-5d2e789ec4fa715a759f,trusted_train
gold_p8_batch4_topup_02610,pdf-5d2e789ec4fa715a759f,trusted_train
gold_p8_batch4_topup_02611,pdf-5d2e789ec4fa715a759f,trusted_train
gold_p8_batch4_topup_02612,pdf-5d2e789ec4fa715a759f,trusted_train
gold_p8_batch4_topup_02613,pdf-5d4014b6fe6c78f9aab2,trusted_train
gold_p8_batch4_topup_02614,pdf-5d4014b6fe6c78f9aab2,trusted_train
gold_p8_batch4_topup_02615,pdf-5d4014b6fe6c78f9aab2,trusted_train
gold_p8_batch4_topup_02616,pdf-5d4014b6fe6c78f9aab2,trusted_train
gold_p8_batch4_topup_02617,pdf-5d4014b6fe6c78f9aab2,trusted_train
gold_p8_batch4_topup_02629,pdf-5d67bda7655c4debe3a2,trusted_train
gold_p8_batch4_topup_02631,pdf-5d791c0eb6039a34a15b,trusted_train
gold_p8_batch4_topup_02632,pdf-5d791c0eb6039a34a15b,trusted_train
gold_p8_batch4_topup_02633,pdf-5d791c0eb6039a34a15b,trusted_train
gold_p8_batch4_topup_02634,pdf-5d791c0eb6039a34a15b,trusted_train
gold_p8_batch4_topup_02635,pdf-5d791c0eb6039a34a15b,trusted_train
gold_p8_batch4_topup_02647,pdf-5dcdb49d5e3020e4d777,trusted_train
gold_p8_batch4_topup_02648,pdf-5dcdb49d5e3020e4d777,trusted_train
gold_p8_batch4_topup_02649,pdf-5dcdb49d5e3020e4d777,trusted_train
gold_p8_batch4_topup_02650,pdf-5dcdb49d5e3020e4d777,trusted_train
gold_p8_batch4_topup_02651,pdf-5dcdb49d5e3020e4d777,trusted_train
gold_p8_batch4_topup_02652,pdf-5ddfbd98d8c8d4d4c3e6,trusted_train
gold_p8_batch4_topup_02653,pdf-5ddfbd98d8c8d4d4c3e6,trusted_train
gold_p8_batch4_topup_02654,pdf-5ddfbd98d8c8d4d4c3e6,trusted_train
gold_p8_batch4_topup_02655,pdf-5ddfbd98d8c8d4d4c3e6,trusted_train
gold_p8_batch4_topup_02656,pdf-5ddfbd98d8c8d4d4c3e6,trusted_train
gold_p8_batch4_topup_02657,pdf-5e00a32ecdf3a0abac89,trusted_train
gold_p8_batch4_topup_02658,pdf-5e00a32ecdf3a0abac89,trusted_train
gold_p8_batch4_topup_02659,pdf-5e00a32ecdf3a0abac89,trusted_train
gold_p8_batch4_topup_02664,pdf-5e5f87603f9cd91254d2,trusted_train
gold_p8_batch4_topup_02665,pdf-5e5f87603f9cd91254d2,trusted_train
gold_p8_batch4_topup_02666,pdf-5e5f87603f9cd91254d2,trusted_train
gold_p8_batch4_topup_02667,pdf-5e728b7077c5e4eeabc7,trusted_train
gold_p8_batch4_topup_02668,pdf-5e753f896854cf36bc93,trusted_train
gold_p8_batch4_topup_02669,pdf-5e753f896854cf36bc93,trusted_train
gold_p8_batch4_topup_02670,pdf-5e8c9221f48624b2f705,trusted_train
gold_p8_batch4_topup_02678,pdf-5efcb6c68d926a15b3e9,trusted_train
gold_p8_batch4_topup_02679,pdf-5f4299bad2bb11f2fd2d,trusted_train
gold_p8_batch4_topup_02680,pdf-5f4299bad2bb11f2fd2d,trusted_train
gold_p8_batch4_topup_02681,pdf-5f4299bad2bb11f2fd2d,trusted_train
gold_p8_batch4_topup_02682,pdf-5f4299bad2bb11f2fd2d,trusted_train
gold_p8_batch4_topup_02683,pdf-5f4299bad2bb11f2fd2d,trusted_train
gold_p8_batch4_topup_02684,pdf-5f57f6113b2a788c681b,trusted_train
gold_p8_batch4_topup_02685,pdf-5f57f6113b2a788c681b,trusted_train
gold_p8_batch4_topup_02686,pdf-5f57f6113b2a788c681b,trusted_train
gold_p8_batch4_topup_02692,pdf-6011bb6d7a4543fa7416,trusted_train
gold_p8_batch4_topup_02693,pdf-6011bb6d7a4543fa7416,trusted_train
gold_p8_batch4_topup_02694,pdf-6011bb6d7a4543fa7416,trusted_train
gold_p8_batch4_topup_02695,pdf-6011bb6d7a4543fa7416,trusted_train
gold_p8_batch4_topup_02696,pdf-6011bb6d7a4543fa7416,trusted_train
gold_p8_batch4_topup_02699,pdf-6049b9c4a93ac1694fad,trusted_train
gold_p8_batch4_topup_02700,pdf-6049b9c4a93ac1694fad,trusted_train
gold_p8_batch4_topup_02701,pdf-6049b9c4a93ac1694fad,trusted_train
gold_p8_batch4_topup_02702,pdf-605ad8c569a6f8d023ee,trusted_train
gold_p8_batch4_topup_02703,pdf-605ad8c569a6f8d023ee,trusted_train
gold_p8_batch4_topup_02704,pdf-605ad8c569a6f8d023ee,trusted_train
gold_p8_batch4_topup_02705,pdf-605ad8c569a6f8d023ee,trusted_train
gold_p8_batch4_topup_02706,pdf-605ad8c569a6f8d023ee,trusted_train
gold_p8_batch4_topup_02709,pdf-6078030df3fce42e5ac0,trusted_train
gold_p8_batch4_topup_02711,pdf-60c785eaf3e2bcbf290f,trusted_train
gold_p8_batch4_topup_02715,pdf-617dabc645c118f93326,trusted_train
gold_p8_batch4_topup_02716,pdf-617dabc645c118f93326,trusted_train
gold_p8_batch4_topup_02717,pdf-617dabc645c118f93326,trusted_train
gold_p8_batch4_topup_02718,pdf-61a142e44aace6118750,trusted_train
gold_p8_batch4_topup_02719,pdf-61a142e44aace6118750,trusted_train
gold_p8_batch4_topup_02720,pdf-61a142e44aace6118750,trusted_train
gold_p8_batch4_topup_02721,pdf-61a142e44aace6118750,trusted_train
gold_p8_batch4_topup_02722,pdf-61a142e44aace6118750,trusted_train
gold_p8_batch4_topup_02725,pdf-61cad371408582b9b132,trusted_train
gold_p8_batch4_topup_02726,pdf-61cad371408582b9b132,trusted_train
gold_p8_batch4_topup_02727,pdf-61d86d40da925c021add,trusted_train
gold_p8_batch4_topup_02728,pdf-61d86d40da925c021add,trusted_train
gold_p8_batch4_topup_02729,pdf-61d86d40da925c021add,trusted_train
gold_p8_batch4_topup_02741,pdf-6280ccca9716ffd4aae6,trusted_train
gold_p8_batch4_topup_02742,pdf-6280ccca9716ffd4aae6,trusted_train
gold_p8_batch4_topup_02743,pdf-6280ccca9716ffd4aae6,trusted_train
gold_p8_batch4_topup_02744,pdf-6280ccca9716ffd4aae6,trusted_train
gold_p8_batch4_topup_02745,pdf-6280ccca9716ffd4aae6,trusted_train
gold_p8_batch4_topup_02752,pdf-629fff38c77c3f3d3a39,trusted_train
gold_p8_batch4_topup_02753,pdf-629fff38c77c3f3d3a39,trusted_train
gold_p8_batch4_topup_02754,pdf-629fff38c77c3f3d3a39,trusted_train
gold_p8_batch4_topup_02755,pdf-629fff38c77c3f3d3a39,trusted_train
gold_p8_batch4_topup_02756,pdf-629fff38c77c3f3d3a39,trusted_train
gold_p8_batch4_topup_02757,pdf-630972546eedf1415d0b,trusted_train
gold_p8_batch4_topup_02758,pdf-630972546eedf1415d0b,trusted_train
gold_p8_batch4_topup_02759,pdf-630972546eedf1415d0b,trusted_train
gold_p8_batch4_topup_02762,pdf-632ab725d634cf4d36f1,trusted_train
gold_p8_batch4_topup_02763,pdf-632ab725d634cf4d36f1,trusted_train
gold_p8_batch4_topup_02764,pdf-632ab725d634cf4d36f1,trusted_train
gold_p8_batch4_topup_02765,pdf-632ab725d634cf4d36f1,trusted_train
gold_p8_batch4_topup_02766,pdf-632ab725d634cf4d36f1,trusted_train
gold_p8_batch4_topup_02773,pdf-636e899a41530414eacd,trusted_train
gold_p8_batch4_topup_02774,pdf-636e899a41530414eacd,trusted_train
gold_p8_batch4_topup_02775,pdf-636e899a41530414eacd,trusted_train
gold_p8_batch4_topup_02776,pdf-636e899a41530414eacd,trusted_train
gold_p8_batch4_topup_02779,pdf-6385378ee31d0cb5b294,trusted_train
gold_p8_batch4_topup_02780,pdf-6385378ee31d0cb5b294,trusted_train
gold_p8_batch4_topup_02781,pdf-6385378ee31d0cb5b294,trusted_train
gold_p8_batch4_topup_02782,pdf-6385378ee31d0cb5b294,trusted_train
gold_p8_batch4_topup_02783,pdf-6385378ee31d0cb5b294,trusted_train
gold_p8_batch4_topup_02787,pdf-64320b8a22f2b7ebdbe4,trusted_train
gold_p8_batch4_topup_02788,pdf-64320b8a22f2b7ebdbe4,trusted_train
gold_p8_batch4_topup_02793,pdf-644af97645e85a144df4,trusted_train
gold_p8_batch4_topup_02794,pdf-644af97645e85a144df4,trusted_train
gold_p8_batch4_topup_02795,pdf-644af97645e85a144df4,trusted_train
gold_p8_batch4_topup_02796,pdf-644af97645e85a144df4,trusted_train
gold_p8_batch4_topup_02797,pdf-644af97645e85a144df4,trusted_train
gold_p8_batch4_topup_02818,pdf-647a50d0646debb743a2,trusted_train
gold_p8_batch4_topup_02819,pdf-647a50d0646debb743a2,trusted_train
gold_p8_batch4_topup_02820,pdf-647a50d0646debb743a2,trusted_train
gold_p8_batch4_topup_02821,pdf-647a50d0646debb743a2,trusted_train
gold_p8_batch4_topup_02822,pdf-647a50d0646debb743a2,trusted_train
gold_p8_batch4_topup_02827,pdf-64acd549c22649aff18f,trusted_train
gold_p8_batch4_topup_02833,pdf-6531456f9bcd25b3bb90,trusted_train
gold_p8_batch4_topup_02834,pdf-6531456f9bcd25b3bb90,trusted_train
gold_p8_batch4_topup_02835,pdf-6531456f9bcd25b3bb90,trusted_train
gold_p8_batch4_topup_02838,pdf-6538b73e3672d921df1f,trusted_train
gold_p8_batch4_topup_02839,pdf-6538b73e3672d921df1f,trusted_train
gold_p8_batch4_topup_02840,pdf-6538b73e3672d921df1f,trusted_train
gold_p8_batch4_topup_02841,pdf-6538b73e3672d921df1f,trusted_train
gold_p8_batch4_topup_02842,pdf-6538b73e3672d921df1f,trusted_train
gold_p8_batch4_topup_02843,pdf-653a3c08b417d0e22294,trusted_train
gold_p8_batch4_topup_02858,pdf-65a02155d06d44be955b,trusted_train
gold_p8_batch4_topup_02859,pdf-65a02155d06d44be955b,trusted_train
gold_p8_batch4_topup_02860,pdf-65a02155d06d44be955b,trusted_train
gold_p8_batch4_topup_02861,pdf-65a02155d06d44be955b,trusted_train
gold_p8_batch4_topup_02862,pdf-65a02155d06d44be955b,trusted_train
gold_p8_batch4_topup_02865,pdf-65b19391baca11c9f83e,trusted_train
gold_p8_batch4_topup_02866,pdf-65b19391baca11c9f83e,trusted_train
gold_p8_batch4_topup_02867,pdf-65b19391baca11c9f83e,trusted_train
gold_p8_batch4_topup_02875,pdf-6613c35099fb548744d8,trusted_train
gold_p8_batch4_topup_02876,pdf-6613c35099fb548744d8,trusted_train
gold_p8_batch4_topup_02877,pdf-6613c35099fb548744d8,trusted_train
gold_p8_batch4_topup_02878,pdf-6613c35099fb548744d8,trusted_train
gold_p8_batch4_topup_02879,pdf-6613c35099fb548744d8,trusted_train
gold_p8_batch4_topup_02880,pdf-664969099d3ca7798a3e,trusted_train
gold_p8_batch4_topup_02881,pdf-664969099d3ca7798a3e,trusted_train
gold_p8_batch4_topup_02882,pdf-664969099d3ca7798a3e,trusted_train
gold_p8_batch4_topup_02883,pdf-664969099d3ca7798a3e,trusted_train
gold_p8_batch4_topup_02884,pdf-664969099d3ca7798a3e,trusted_train
gold_p8_batch4_topup_02887,pdf-666b939a8fa5132b457e,trusted_train
gold_p8_batch4_topup_02888,pdf-666b939a8fa5132b457e,trusted_train
gold_p8_batch4_topup_02889,pdf-666b939a8fa5132b457e,trusted_train
gold_p8_batch4_topup_02890,pdf-666b939a8fa5132b457e,trusted_train
gold_p8_batch4_topup_02891,pdf-666b939a8fa5132b457e,trusted_train
gold_p8_batch4_topup_02892,pdf-66c931ee12e439fc19d7,trusted_train
gold_p8_batch4_topup_02893,pdf-66c931ee12e439fc19d7,trusted_train
gold_p8_batch4_topup_02894,pdf-66c931ee12e439fc19d7,trusted_train
gold_p8_batch4_topup_02895,pdf-66c931ee12e439fc19d7,trusted_train
gold_p8_batch4_topup_02896,pdf-66c931ee12e439fc19d7,trusted_train
gold_p8_batch4_topup_02897,pdf-66db8163d165342dd40e,trusted_train
gold_p8_batch4_topup_02898,pdf-66db8163d165342dd40e,trusted_train
gold_p8_batch4_topup_02899,pdf-66db8163d165342dd40e,trusted_train
gold_p8_batch4_topup_02900,pdf-66db8163d165342dd40e,trusted_train
gold_p8_batch4_topup_02901,pdf-66db8163d165342dd40e,trusted_train
gold_p8_batch4_topup_02906,pdf-671c52686b963fea8a96,trusted_train
gold_p8_batch4_topup_02907,pdf-671c52686b963fea8a96,trusted_train
gold_p8_batch4_topup_02908,pdf-671c52686b963fea8a96,trusted_train
gold_p8_batch4_topup_02909,pdf-671c52686b963fea8a96,trusted_train
gold_p8_batch4_topup_02910,pdf-671c52686b963fea8a96,trusted_train
gold_p8_batch4_topup_02922,pdf-677cc123419137a4345f,trusted_train
gold_p8_batch4_topup_02923,pdf-677cc123419137a4345f,trusted_train
gold_p8_batch4_topup_02924,pdf-677cc123419137a4345f,trusted_train
gold_p8_batch4_topup_02925,pdf-677cc123419137a4345f,trusted_train
gold_p8_batch4_topup_02926,pdf-677cc123419137a4345f,trusted_train
gold_p8_batch4_topup_02927,pdf-67a6dff2c3e3b0f8927c,trusted_train
gold_p8_batch4_topup_02928,pdf-67a6dff2c3e3b0f8927c,trusted_train
gold_p8_batch4_topup_02929,pdf-67a6dff2c3e3b0f8927c,trusted_train
gold_p8_batch4_topup_02930,pdf-67a6dff2c3e3b0f8927c,trusted_train
gold_p8_batch4_topup_02931,pdf-67a6dff2c3e3b0f8927c,trusted_train
gold_p8_batch4_topup_02938,pdf-6839cd3f9d5e5453c695,trusted_train
gold_p8_batch4_topup_02939,pdf-6839cd3f9d5e5453c695,trusted_train
gold_p8_batch4_topup_02940,pdf-6839cd3f9d5e5453c695,trusted_train
gold_p8_batch4_topup_02941,pdf-6839cd3f9d5e5453c695,trusted_train
gold_p8_batch4_topup_02942,pdf-6839cd3f9d5e5453c695,trusted_train
gold_p8_batch4_topup_02946,pdf-687627edbabc8e84a218,trusted_train
gold_p8_batch4_topup_02947,pdf-687627edbabc8e84a218,trusted_train
gold_p8_batch4_topup_02948,pdf-687627edbabc8e84a218,trusted_train
gold_p8_batch4_topup_02949,pdf-68b4aedbfca38d41465e,trusted_train
gold_p8_batch4_topup_02950,pdf-68b4aedbfca38d41465e,trusted_train
gold_p8_batch4_topup_02951,pdf-68b4aedbfca38d41465e,trusted_train
gold_p8_batch4_topup_02952,pdf-68b4aedbfca38d41465e,trusted_train
gold_p8_batch4_topup_02953,pdf-68b4aedbfca38d41465e,trusted_train
gold_p8_batch4_topup_02967,pdf-694c872fca59625b7caf,trusted_train
gold_p8_batch4_topup_02968,pdf-694c872fca59625b7caf,trusted_train
gold_p8_batch4_topup_02969,pdf-694c872fca59625b7caf,trusted_train
gold_p8_batch4_topup_02970,pdf-694c872fca59625b7caf,trusted_train
gold_p8_batch4_topup_02971,pdf-694c872fca59625b7caf,trusted_train
gold_p8_batch4_topup_02996,pdf-6a90cbb4d93e6ad0f31e,trusted_train
gold_p8_batch4_topup_02997,pdf-6aadf83e33a0c9227c2c,trusted_train
gold_p8_batch4_topup_02998,pdf-6aadf83e33a0c9227c2c,trusted_train
gold_p8_batch4_topup_03005,pdf-6aef580bfb2a8df31a99,trusted_train
gold_p8_batch4_topup_03006,pdf-6aef580bfb2a8df31a99,trusted_train
gold_p8_batch4_topup_03007,pdf-6aef580bfb2a8df31a99,trusted_train
gold_p8_batch4_topup_03008,pdf-6aef580bfb2a8df31a99,trusted_train
gold_p8_batch4_topup_03009,pdf-6aef580bfb2a8df31a99,trusted_train
gold_p8_batch4_topup_03010,pdf-6af8bc87af636cea82a2,trusted_train
gold_p8_batch4_topup_03011,pdf-6aff4373124d3dca7bbc,trusted_train
gold_p8_batch4_topup_03012,pdf-6aff4373124d3dca7bbc,trusted_train
gold_p8_batch4_topup_03013,pdf-6aff4373124d3dca7bbc,trusted_train
gold_p8_batch4_topup_03014,pdf-6aff4373124d3dca7bbc,trusted_train
gold_p8_batch4_topup_03015,pdf-6aff4373124d3dca7bbc,trusted_train
gold_p8_batch4_topup_03016,pdf-6b0d262e0ccfaf2dfe2a,trusted_train
gold_p8_batch4_topup_03017,pdf-6b0d262e0ccfaf2dfe2a,trusted_train
gold_p8_batch4_topup_03018,pdf-6b0d262e0ccfaf2dfe2a,trusted_train
gold_p8_batch4_topup_03019,pdf-6b16a86116aa657d9c74,trusted_train
gold_p8_batch4_topup_03020,pdf-6b16a86116aa657d9c74,trusted_train
gold_p8_batch4_topup_03021,pdf-6b16a86116aa657d9c74,trusted_train
gold_p8_batch4_topup_03022,pdf-6b16a86116aa657d9c74,trusted_train
gold_p8_batch4_topup_03023,pdf-6b1931ad19bc3369fe40,trusted_train
gold_p8_batch4_topup_03024,pdf-6b32f94a318cd8eda3e1,trusted_train
gold_p8_batch4_topup_03025,pdf-6b32f94a318cd8eda3e1,trusted_train
gold_p8_batch4_topup_03026,pdf-6b32f94a318cd8eda3e1,trusted_train
gold_p8_batch4_topup_03027,pdf-6b32f94a318cd8eda3e1,trusted_train
gold_p8_batch4_topup_03028,pdf-6b32f94a318cd8eda3e1,trusted_train
gold_p8_batch4_topup_03029,pdf-6b4d4b9f646c8c76f54f,trusted_train
gold_p8_batch4_topup_03030,pdf-6b4d4b9f646c8c76f54f,trusted_train
gold_p8_batch4_topup_03031,pdf-6b4d4b9f646c8c76f54f,trusted_train
gold_p8_batch4_topup_03032,pdf-6b4d4b9f646c8c76f54f,trusted_train
gold_p8_batch4_topup_03033,pdf-6b4d4b9f646c8c76f54f,trusted_train
gold_p8_batch4_topup_03034,pdf-6b6e78baa9f259d0f6eb,trusted_train
gold_p8_batch4_topup_03035,pdf-6b6e78baa9f259d0f6eb,trusted_train
gold_p8_batch4_topup_03036,pdf-6b6e78baa9f259d0f6eb,trusted_train
gold_p8_batch4_topup_03037,pdf-6b6e78baa9f259d0f6eb,trusted_train
gold_p8_batch4_topup_03039,pdf-6b96aa059b95994a7ffc,trusted_train
gold_p8_batch4_topup_03040,pdf-6b96aa059b95994a7ffc,trusted_train
gold_p8_batch4_topup_03041,pdf-6b96aa059b95994a7ffc,trusted_train
gold_p8_batch4_topup_03042,pdf-6b96aa059b95994a7ffc,trusted_train
gold_p8_batch4_topup_03043,pdf-6bab47645c9c346b06ac,trusted_train
gold_p8_batch4_topup_03044,pdf-6bab47645c9c346b06ac,trusted_train
gold_p8_batch4_topup_03045,pdf-6bab47645c9c346b06ac,trusted_train
gold_p8_batch4_topup_03046,pdf-6bab47645c9c346b06ac,trusted_train
gold_p8_batch4_topup_03047,pdf-6bab47645c9c346b06ac,trusted_train
gold_p8_batch4_topup_03050,pdf-6bfe48a5deb1622bfae5,trusted_train
gold_p8_batch4_topup_03051,pdf-6bfe48a5deb1622bfae5,trusted_train
gold_p8_batch4_topup_03052,pdf-6bfe48a5deb1622bfae5,trusted_train
gold_p8_batch4_topup_03053,pdf-6bfe48a5deb1622bfae5,trusted_train
gold_p8_batch4_topup_03058,pdf-6c159dc8a137637dc829,trusted_train
gold_p8_batch4_topup_03059,pdf-6c159dc8a137637dc829,trusted_train
gold_p8_batch4_topup_03060,pdf-6c159dc8a137637dc829,trusted_train
gold_p8_batch4_topup_03061,pdf-6c159dc8a137637dc829,trusted_train
gold_p8_batch4_topup_03066,pdf-6c2ebe985c101ebd2c54,trusted_train
gold_p8_batch4_topup_03067,pdf-6c2ebe985c101ebd2c54,trusted_train
gold_p8_batch4_topup_03068,pdf-6c2ebe985c101ebd2c54,trusted_train
gold_p8_batch4_topup_03069,pdf-6c2ebe985c101ebd2c54,trusted_train
gold_p8_batch4_topup_03070,pdf-6c2ebe985c101ebd2c54,trusted_train
gold_p8_batch4_topup_03084,pdf-6cc8e598a5485b28e2d5,trusted_train
gold_p8_batch4_topup_03085,pdf-6cc8e598a5485b28e2d5,trusted_train
gold_p8_batch4_topup_03086,pdf-6cc8e598a5485b28e2d5,trusted_train
gold_p8_batch4_topup_03087,pdf-6cc8e598a5485b28e2d5,trusted_train
gold_p8_batch4_topup_03100,pdf-6d1299602043bf50fc21,trusted_train
gold_p8_batch4_topup_03101,pdf-6d1fc35445df7ea63618,trusted_train
gold_p8_batch4_topup_03102,pdf-6d1fc35445df7ea63618,trusted_train
gold_p8_batch4_topup_03103,pdf-6d1fc35445df7ea63618,trusted_train
gold_p8_batch4_topup_03104,pdf-6d1fc35445df7ea63618,trusted_train
gold_p8_batch4_topup_03105,pdf-6d1fc35445df7ea63618,trusted_train
gold_p8_batch4_topup_03110,pdf-6d6310089916de4dc91c,trusted_train
gold_p8_batch4_topup_03111,pdf-6d6310089916de4dc91c,trusted_train
gold_p8_batch4_topup_03112,pdf-6d6310089916de4dc91c,trusted_train
gold_p8_batch4_topup_03113,pdf-6d8a1e1da20718eb5fb0,trusted_train
gold_p8_batch4_topup_03114,pdf-6d8a1e1da20718eb5fb0,trusted_train
gold_p8_batch4_topup_03115,pdf-6d8a1e1da20718eb5fb0,trusted_train
gold_p8_batch4_topup_03116,pdf-6d8a1e1da20718eb5fb0,trusted_train
gold_p8_batch4_topup_03117,pdf-6d8a1e1da20718eb5fb0,trusted_train
gold_p8_batch4_topup_03118,pdf-6da18a2722badb9c22a9,trusted_train
gold_p8_batch4_topup_03119,pdf-6da18a2722badb9c22a9,trusted_train
gold_p8_batch4_topup_03120,pdf-6da18a2722badb9c22a9,trusted_train
gold_p8_batch4_topup_03121,pdf-6da18a2722badb9c22a9,trusted_train
gold_p8_batch4_topup_03122,pdf-6da18a2722badb9c22a9,trusted_train
gold_p8_batch4_topup_03124,pdf-6dda0907333f8e3cf87d,trusted_train
gold_p8_batch4_topup_03125,pdf-6de43c25ae375a0d655b,trusted_train
gold_p8_batch4_topup_03133,pdf-6e430e7b5b6cdb57c804,trusted_train
gold_p8_batch4_topup_03134,pdf-6e430e7b5b6cdb57c804,trusted_train
gold_p8_batch4_topup_03135,pdf-6e430e7b5b6cdb57c804,trusted_train
gold_p8_batch4_topup_03136,pdf-6e430e7b5b6cdb57c804,trusted_train
gold_p8_batch4_topup_03137,pdf-6e430e7b5b6cdb57c804,trusted_train
gold_p8_batch4_topup_03149,pdf-6e68df83203d1767cd97,trusted_train
gold_p8_batch4_topup_03150,pdf-6e68df83203d1767cd97,trusted_train
gold_p8_batch4_topup_03151,pdf-6e68df83203d1767cd97,trusted_train
gold_p8_batch4_topup_03168,pdf-6f4794541fcf302b2bc7,trusted_train
gold_p8_batch4_topup_03184,pdf-6fb53ab4733ceab43db0,trusted_train
gold_p8_batch4_topup_03185,pdf-6fb53ab4733ceab43db0,trusted_train
gold_p8_batch4_topup_03186,pdf-6fb53ab4733ceab43db0,trusted_train
gold_p8_batch4_topup_03187,pdf-6fb53ab4733ceab43db0,trusted_train
gold_p8_batch4_topup_03188,pdf-6fb53ab4733ceab43db0,trusted_train
gold_p8_batch4_topup_03189,pdf-6fc4f9e7eea96628095c,trusted_train
gold_p8_batch4_topup_03190,pdf-6fc4f9e7eea96628095c,trusted_train
gold_p8_batch4_topup_03191,pdf-6fc6eee31656ffd3a119,trusted_train
gold_p8_batch4_topup_03192,pdf-6fc6eee31656ffd3a119,trusted_train
gold_p8_batch4_topup_03193,pdf-6fc6eee31656ffd3a119,trusted_train
gold_p8_batch4_topup_03194,pdf-6fc6eee31656ffd3a119,trusted_train
gold_p8_batch4_topup_03195,pdf-6fc6eee31656ffd3a119,trusted_train
gold_p8_batch4_topup_03198,pdf-6fd0773b2effc2f21867,trusted_train
gold_p8_batch4_topup_03199,pdf-6fd0773b2effc2f21867,trusted_train
gold_p8_batch4_topup_03200,pdf-6fd0773b2effc2f21867,trusted_train
gold_p8_batch4_topup_03201,pdf-6fde50483724d5ee9bff,trusted_train
gold_p8_batch4_topup_03202,pdf-6fde50483724d5ee9bff,trusted_train
gold_p8_batch4_topup_03203,pdf-6fde50483724d5ee9bff,trusted_train
gold_p8_batch4_topup_03204,pdf-6fde50483724d5ee9bff,trusted_train
gold_p8_batch4_topup_03205,pdf-6fde50483724d5ee9bff,trusted_train
gold_p8_batch4_topup_03208,pdf-702512481c7bc8a7e2aa,trusted_train
gold_p8_batch4_topup_03209,pdf-702512481c7bc8a7e2aa,trusted_train
gold_p8_batch4_topup_03210,pdf-702512481c7bc8a7e2aa,trusted_train
gold_p8_batch4_topup_03211,pdf-702512481c7bc8a7e2aa,trusted_train
gold_p8_batch4_topup_03212,pdf-702512481c7bc8a7e2aa,trusted_train
gold_p8_batch4_topup_03213,pdf-7038d8149fc1a59be5e6,trusted_train
gold_p8_batch4_topup_03214,pdf-7038d8149fc1a59be5e6,trusted_train
gold_p8_batch4_topup_03215,pdf-7038d8149fc1a59be5e6,trusted_train
gold_p8_batch4_topup_03216,pdf-7038d8149fc1a59be5e6,trusted_train
gold_p8_batch4_topup_03217,pdf-7038d8149fc1a59be5e6,trusted_train
gold_p8_batch4_topup_03226,pdf-707d10579aa11da3408c,trusted_train
gold_p8_batch4_topup_03227,pdf-707d10579aa11da3408c,trusted_train
gold_p8_batch4_topup_03228,pdf-707d10579aa11da3408c,trusted_train
gold_p8_batch4_topup_03229,pdf-707d10579aa11da3408c,trusted_train
gold_p8_batch4_topup_03230,pdf-707d10579aa11da3408c,trusted_train
gold_p8_batch4_topup_03235,pdf-70c086208551be78095a,trusted_train
gold_p8_batch4_topup_03240,pdf-70c2d8be9c72512f8726,trusted_train
gold_p8_batch4_topup_03241,pdf-70c2d8be9c72512f8726,trusted_train
gold_p8_batch4_topup_03242,pdf-70c2d8be9c72512f8726,trusted_train
gold_p8_batch4_topup_03243,pdf-70c2d8be9c72512f8726,trusted_train
gold_p8_batch4_topup_03244,pdf-70c2d8be9c72512f8726,trusted_train
gold_p8_batch4_topup_03247,pdf-70e504f4a3b624511a65,trusted_train
gold_p8_batch4_topup_03248,pdf-70e504f4a3b624511a65,trusted_train
gold_p8_batch4_topup_03249,pdf-70e504f4a3b624511a65,trusted_train
gold_p8_batch4_topup_03250,pdf-70e504f4a3b624511a65,trusted_train
gold_p8_batch4_topup_03251,pdf-70e504f4a3b624511a65,trusted_train
gold_p8_batch4_topup_03257,pdf-71cda8c824a3b8e9a971,trusted_train
gold_p8_batch4_topup_03258,pdf-71cda8c824a3b8e9a971,trusted_train
gold_p8_batch4_topup_03259,pdf-71cda8c824a3b8e9a971,trusted_train
gold_p8_batch4_topup_03260,pdf-71cda8c824a3b8e9a971,trusted_train
gold_p8_batch4_topup_03261,pdf-71cda8c824a3b8e9a971,trusted_train
gold_p8_batch4_topup_03262,pdf-71cea22544339521ab50,trusted_train
gold_p8_batch4_topup_03263,pdf-71eb5fa207ff1c5206a9,trusted_train
gold_p8_batch4_topup_03264,pdf-71eb5fa207ff1c5206a9,trusted_train
gold_p8_batch4_topup_03265,pdf-71eb5fa207ff1c5206a9,trusted_train
gold_p8_batch4_topup_03266,pdf-71eb5fa207ff1c5206a9,trusted_train
gold_p8_batch4_topup_03267,pdf-71eb5fa207ff1c5206a9,trusted_train
gold_p8_batch4_topup_03268,pdf-71eeea2fe753ad5b822a,trusted_train
gold_p8_batch4_topup_03269,pdf-72080e1b6dece67c7c44,trusted_train
gold_p8_batch4_topup_03270,pdf-721c0c46925a26618384,trusted_train
gold_p8_batch4_topup_03271,pdf-721c0c46925a26618384,trusted_train
gold_p8_batch4_topup_03272,pdf-721c0c46925a26618384,trusted_train
gold_p8_batch4_topup_03273,pdf-721c0c46925a26618384,trusted_train
gold_p8_batch4_topup_03274,pdf-721c0c46925a26618384,trusted_train
gold_p8_batch4_topup_03277,pdf-723fc300bd916ba01996,trusted_train
gold_p8_batch4_topup_03300,pdf-72e4df4708bfa922d8b4,trusted_train
gold_p8_batch4_topup_03306,pdf-73139a0d5cac0a001de6,trusted_train
gold_p8_batch4_topup_03307,pdf-73139a0d5cac0a001de6,trusted_train
gold_p8_batch4_topup_03308,pdf-73139a0d5cac0a001de6,trusted_train
gold_p8_batch4_topup_03309,pdf-73139a0d5cac0a001de6,trusted_train
gold_p8_batch4_topup_03320,pdf-738ad58863629eef50ac,trusted_train
gold_p8_batch4_topup_03321,pdf-738ad58863629eef50ac,trusted_train
gold_p8_batch4_topup_03322,pdf-73a0835bf5a18488d3e5,trusted_train
gold_p8_batch4_topup_03323,pdf-73a0835bf5a18488d3e5,trusted_train
gold_p8_batch4_topup_03324,pdf-73ad04880d1ef7dcfc2d,trusted_train
gold_p8_batch4_topup_03325,pdf-73ad04880d1ef7dcfc2d,trusted_train
gold_p8_batch4_topup_03326,pdf-73ad04880d1ef7dcfc2d,trusted_train
gold_p8_batch4_topup_03327,pdf-73ad04880d1ef7dcfc2d,trusted_train
gold_p8_batch4_topup_03328,pdf-73ad04880d1ef7dcfc2d,trusted_train
gold_p8_batch4_topup_03329,pdf-73b5a3a6d27005563553,trusted_train
gold_p8_batch4_topup_03330,pdf-73b5a3a6d27005563553,trusted_train
gold_p8_batch4_topup_03331,pdf-73b5a3a6d27005563553,trusted_train
gold_p8_batch4_topup_03333,pdf-73b5a3a6d27005563553,trusted_train
gold_p8_batch4_topup_03334,pdf-73bce42b36aaa28ec855,trusted_train
gold_p8_batch4_topup_03335,pdf-73bce42b36aaa28ec855,trusted_train
gold_p8_batch4_topup_03336,pdf-73bce42b36aaa28ec855,trusted_train
gold_p8_batch4_topup_03337,pdf-73bce42b36aaa28ec855,trusted_train
gold_p8_batch4_topup_03338,pdf-73bce42b36aaa28ec855,trusted_train
gold_p8_batch4_topup_03346,pdf-743a29594973f0502fd3,trusted_train
gold_p8_batch4_topup_03347,pdf-743a29594973f0502fd3,trusted_train
gold_p8_batch4_topup_03348,pdf-743a29594973f0502fd3,trusted_train
gold_p8_batch4_topup_03349,pdf-743a29594973f0502fd3,trusted_train
gold_p8_batch4_topup_03355,pdf-74cf85f84bbc37361946,trusted_train
gold_p8_batch4_topup_03356,pdf-74cf85f84bbc37361946,trusted_train
gold_p8_batch4_topup_03357,pdf-74cf85f84bbc37361946,trusted_train
gold_p8_batch4_topup_03358,pdf-74cf85f84bbc37361946,trusted_train
gold_p8_batch4_topup_03359,pdf-74cf85f84bbc37361946,trusted_train
gold_p8_batch4_topup_03360,pdf-74f4c1a319ef1217dfac,trusted_train
gold_p8_batch4_topup_03361,pdf-74f4c1a319ef1217dfac,trusted_train
gold_p8_batch4_topup_03362,pdf-74f4c1a319ef1217dfac,trusted_train
gold_p8_batch4_topup_03363,pdf-752a1a3ec6b045a0ff39,trusted_train
gold_p8_batch4_topup_03364,pdf-752a1a3ec6b045a0ff39,trusted_train
gold_p8_batch4_topup_03365,pdf-752a1a3ec6b045a0ff39,trusted_train
gold_p8_batch4_topup_03366,pdf-752a1a3ec6b045a0ff39,trusted_train
gold_p8_batch4_topup_03367,pdf-752a1a3ec6b045a0ff39,trusted_train
gold_p8_batch4_topup_03368,pdf-758b4f422f9a33146781,trusted_train
gold_p8_batch4_topup_03375,pdf-75b50deab9dc29156784,trusted_train
gold_p8_batch4_topup_03376,pdf-75b50deab9dc29156784,trusted_train
gold_p8_batch4_topup_03377,pdf-75b50deab9dc29156784,trusted_train
gold_p8_batch4_topup_03378,pdf-75b50deab9dc29156784,trusted_train
gold_p8_batch4_topup_03379,pdf-75bfe6f237e6132d4145,trusted_train
gold_p8_batch4_topup_03389,pdf-76889225c932d11ed14b,trusted_train
gold_p8_batch4_topup_03390,pdf-76889225c932d11ed14b,trusted_train
gold_p8_batch4_topup_03391,pdf-76889225c932d11ed14b,trusted_train
gold_p8_batch4_topup_03392,pdf-76889225c932d11ed14b,trusted_train
gold_p8_batch4_topup_03398,pdf-77088a4330462c0222ab,trusted_train
gold_p8_batch4_topup_03399,pdf-77088a4330462c0222ab,trusted_train
gold_p8_batch4_topup_03400,pdf-77088a4330462c0222ab,trusted_train
gold_p8_batch4_topup_03401,pdf-77088a4330462c0222ab,trusted_train
gold_p8_batch4_topup_03402,pdf-77088a4330462c0222ab,trusted_train
gold_p8_batch4_topup_03403,pdf-7738a58f19d63fdda6b5,trusted_train
gold_p8_batch4_topup_03404,pdf-7738a58f19d63fdda6b5,trusted_train
gold_p8_batch4_topup_03405,pdf-7738a58f19d63fdda6b5,trusted_train
gold_p8_batch4_topup_03406,pdf-7738a58f19d63fdda6b5,trusted_train
gold_p8_batch4_topup_03407,pdf-7738a58f19d63fdda6b5,trusted_train
gold_p8_batch4_topup_03416,pdf-779de59ad1c5ca149fe2,trusted_train
gold_p8_batch4_topup_03417,pdf-779de59ad1c5ca149fe2,trusted_train
gold_p8_batch4_topup_03418,pdf-779de59ad1c5ca149fe2,trusted_train
gold_p8_batch4_topup_03419,pdf-779de59ad1c5ca149fe2,trusted_train
gold_p8_batch4_topup_03420,pdf-779de59ad1c5ca149fe2,trusted_train
gold_p8_batch4_topup_03421,pdf-77a477ccd8b952291535,trusted_train
gold_p8_batch4_topup_03422,pdf-77a477ccd8b952291535,trusted_train
gold_p8_batch4_topup_03434,pdf-78741beaee0a148ebc8f,trusted_train
gold_p8_batch4_topup_03435,pdf-78741beaee0a148ebc8f,trusted_train
gold_p8_batch4_topup_03451,pdf-794ae528e5f88abfd488,trusted_train
gold_p8_batch4_topup_03452,pdf-794ae528e5f88abfd488,trusted_train
gold_p8_batch4_topup_03453,pdf-794ae528e5f88abfd488,trusted_train
gold_p8_batch4_topup_03456,pdf-79593c7c0201b6f15040,trusted_train
gold_p8_batch4_topup_03457,pdf-79593c7c0201b6f15040,trusted_train
gold_p8_batch4_topup_03458,pdf-79593c7c0201b6f15040,trusted_train
gold_p8_batch4_topup_03459,pdf-79593c7c0201b6f15040,trusted_train
gold_p8_batch4_topup_03460,pdf-7977b29aee4b2be31ef6,trusted_train
gold_p8_batch4_topup_03461,pdf-7977b29aee4b2be31ef6,trusted_train
gold_p8_batch4_topup_03464,pdf-79bfb3340e2b68670d71,trusted_train
gold_p8_batch4_topup_03465,pdf-79dc387039301a00959a,trusted_train
gold_p8_batch4_topup_03466,pdf-79dc387039301a00959a,trusted_train
gold_p8_batch4_topup_03467,pdf-79dc387039301a00959a,trusted_train
gold_p8_batch4_topup_03468,pdf-79dc387039301a00959a,trusted_train
gold_p8_batch4_topup_03469,pdf-79dc387039301a00959a,trusted_train
gold_p8_batch4_topup_03470,pdf-79dd0378a8a050e2f548,trusted_train
gold_p8_batch4_topup_03471,pdf-79dd0378a8a050e2f548,trusted_train
gold_p8_batch4_topup_03472,pdf-79dd0378a8a050e2f548,trusted_train
gold_p8_batch4_topup_03473,pdf-79dd0378a8a050e2f548,trusted_train
gold_p8_batch4_topup_03474,pdf-79dd0378a8a050e2f548,trusted_train
gold_p8_batch4_topup_03475,pdf-7a05db4694133497ffad,trusted_train
gold_p8_batch4_topup_03476,pdf-7a05db4694133497ffad,trusted_train
gold_p8_batch4_topup_03477,pdf-7a05db4694133497ffad,trusted_train
gold_p8_batch4_topup_03478,pdf-7a05db4694133497ffad,trusted_train
gold_p8_batch4_topup_03479,pdf-7a05db4694133497ffad,trusted_train
gold_p8_batch4_topup_03480,pdf-7a23c8e5f3b7f7fb4fec,trusted_train
gold_p8_batch4_topup_03481,pdf-7a23c8e5f3b7f7fb4fec,trusted_train
gold_p8_batch4_topup_03482,pdf-7a23c8e5f3b7f7fb4fec,trusted_train
gold_p8_batch4_topup_03483,pdf-7a23c8e5f3b7f7fb4fec,trusted_train
gold_p8_batch4_topup_03487,pdf-7a7149f6442723849aaa,trusted_train
gold_p8_batch4_topup_03488,pdf-7a7149f6442723849aaa,trusted_train
gold_p8_batch4_topup_03494,pdf-7ab958a101c25c37c56b,trusted_train
gold_p8_batch4_topup_03495,pdf-7ab958a101c25c37c56b,trusted_train
gold_p8_batch4_topup_03496,pdf-7ab958a101c25c37c56b,trusted_train
gold_p8_batch4_topup_03497,pdf-7ab958a101c25c37c56b,trusted_train
gold_p8_batch4_topup_03498,pdf-7ab958a101c25c37c56b,trusted_train
gold_p8_batch4_topup_03502,pdf-7ad6497af0a26004260f,trusted_train
gold_p8_batch4_topup_03503,pdf-7ad6497af0a26004260f,trusted_train
gold_p8_batch4_topup_03504,pdf-7ad6497af0a26004260f,trusted_train
gold_p8_batch4_topup_03505,pdf-7ad6497af0a26004260f,trusted_train
gold_p8_batch4_topup_03506,pdf-7ad6497af0a26004260f,trusted_train
gold_p8_batch4_topup_03509,pdf-7aface3ae9de1cad6877,trusted_train
gold_p8_batch4_topup_03510,pdf-7aface3ae9de1cad6877,trusted_train
gold_p8_batch4_topup_03511,pdf-7aface3ae9de1cad6877,trusted_train
gold_p8_batch4_topup_03521,pdf-7b2bf47fa0781dec1c4c,trusted_train
gold_p8_batch4_topup_03522,pdf-7b2bf47fa0781dec1c4c,trusted_train
gold_p8_batch4_topup_03523,pdf-7b2bf47fa0781dec1c4c,trusted_train
gold_p8_batch4_topup_03524,pdf-7b2bf47fa0781dec1c4c,trusted_train
gold_p8_batch4_topup_03525,pdf-7b2bf47fa0781dec1c4c,trusted_train
gold_p8_batch4_topup_03535,pdf-7b4cd78a2d860a968861,trusted_train
gold_p8_batch4_topup_03536,pdf-7b4cd78a2d860a968861,trusted_train
gold_p8_batch4_topup_03537,pdf-7b4cd78a2d860a968861,trusted_train
gold_p8_batch4_topup_03538,pdf-7b4cd78a2d860a968861,trusted_train
gold_p8_batch4_topup_03539,pdf-7b4cd78a2d860a968861,trusted_train
gold_p8_batch4_topup_03548,pdf-7b890e69304816d3f288,trusted_train
gold_p8_batch4_topup_03549,pdf-7b890e69304816d3f288,trusted_train
gold_p8_batch4_topup_03550,pdf-7b890e69304816d3f288,trusted_train
gold_p8_batch4_topup_03551,pdf-7b890e69304816d3f288,trusted_train
gold_p8_batch4_topup_03552,pdf-7b890e69304816d3f288,trusted_train
gold_p8_batch4_topup_03571,pdf-7c02a6a61d4d68583794,trusted_train
gold_p8_batch4_topup_03572,pdf-7c02a6a61d4d68583794,trusted_train
gold_p8_batch4_topup_03576,pdf-7c07a8711996cbd91f6a,trusted_train
gold_p8_batch4_topup_03577,pdf-7c07a8711996cbd91f6a,trusted_train
gold_p8_batch4_topup_03578,pdf-7c07a8711996cbd91f6a,trusted_train
gold_p8_batch4_topup_03579,pdf-7c07a8711996cbd91f6a,trusted_train
gold_p8_batch4_topup_03580,pdf-7c07a8711996cbd91f6a,trusted_train
gold_p8_batch4_topup_03585,pdf-7c2f40c8652bb7b86f20,trusted_train
gold_p8_batch4_topup_03586,pdf-7c2f40c8652bb7b86f20,trusted_train
gold_p8_batch4_topup_03587,pdf-7c2f40c8652bb7b86f20,trusted_train
gold_p8_batch4_topup_03588,pdf-7c2f40c8652bb7b86f20,trusted_train
gold_p8_batch4_topup_03589,pdf-7c2f40c8652bb7b86f20,trusted_train
gold_p8_batch4_topup_03591,pdf-7c413eff5bb13b6f14db,trusted_train
gold_p8_batch4_topup_03592,pdf-7c413eff5bb13b6f14db,trusted_train
gold_p8_batch4_topup_03593,pdf-7c413eff5bb13b6f14db,trusted_train
gold_p8_batch4_topup_03594,pdf-7c413eff5bb13b6f14db,trusted_train
gold_p8_batch4_topup_03597,pdf-7c4eb732ca05e90b0d33,trusted_train
gold_p8_batch4_topup_03598,pdf-7c4eb732ca05e90b0d33,trusted_train
gold_p8_batch4_topup_03603,pdf-7c9a92f9b09a38c6a1d5,trusted_train
gold_p8_batch4_topup_03604,pdf-7c9a92f9b09a38c6a1d5,trusted_train
gold_p8_batch4_topup_03605,pdf-7c9a92f9b09a38c6a1d5,trusted_train
gold_p8_batch4_topup_03606,pdf-7c9a92f9b09a38c6a1d5,trusted_train
gold_p8_batch4_topup_03607,pdf-7c9a92f9b09a38c6a1d5,trusted_train
gold_p8_batch4_topup_03612,pdf-7d21c31c4c904b190cf0,trusted_train
gold_p8_batch4_topup_03613,pdf-7d3946888fce711d19f9,trusted_train
gold_p8_batch4_topup_03614,pdf-7d3946888fce711d19f9,trusted_train
gold_p8_batch4_topup_03615,pdf-7d3946888fce711d19f9,trusted_train
gold_p8_batch4_topup_03616,pdf-7d3946888fce711d19f9,trusted_train
gold_p8_batch4_topup_03617,pdf-7d3946888fce711d19f9,trusted_train
gold_p8_batch4_topup_03618,pdf-7d4fa34cd8f1021e5bc3,trusted_train
gold_p8_batch4_topup_03619,pdf-7d4fa34cd8f1021e5bc3,trusted_train
gold_p8_batch4_topup_03620,pdf-7d7aa88afed50cb01abf,trusted_train
gold_p8_batch4_topup_03621,pdf-7d7aa88afed50cb01abf,trusted_train
gold_p8_batch4_topup_03622,pdf-7d7aa88afed50cb01abf,trusted_train
gold_p8_batch4_topup_03623,pdf-7d7aa88afed50cb01abf,trusted_train
gold_p8_batch4_topup_03624,pdf-7d7aa88afed50cb01abf,trusted_train
gold_p8_batch4_topup_03626,pdf-7db99ad37d262fd624fa,trusted_train
gold_p8_batch4_topup_03627,pdf-7db99ad37d262fd624fa,trusted_train
gold_p8_batch4_topup_03628,pdf-7def557ab06199b7e176,trusted_train
gold_p8_batch4_topup_03629,pdf-7def557ab06199b7e176,trusted_train
gold_p8_batch4_topup_03630,pdf-7def557ab06199b7e176,trusted_train
gold_p8_batch4_topup_03631,pdf-7def557ab06199b7e176,trusted_train
gold_p8_batch4_topup_03632,pdf-7def557ab06199b7e176,trusted_train
gold_p8_batch4_topup_03633,pdf-7e1793809091fac80ee1,trusted_train
gold_p8_batch4_topup_03634,pdf-7e1793809091fac80ee1,trusted_train
gold_p8_batch4_topup_03636,pdf-7e4e8b6559216d30da00,trusted_train
gold_p8_batch4_topup_03637,pdf-7e4e8b6559216d30da00,trusted_train
gold_p8_batch4_topup_03638,pdf-7e4e8b6559216d30da00,trusted_train
gold_p8_batch4_topup_03639,pdf-7e4e8b6559216d30da00,trusted_train
gold_p8_batch4_topup_03640,pdf-7e4e8b6559216d30da00,trusted_train
gold_p8_batch4_topup_03641,pdf-7e54634a5f723e7d1e60,trusted_train
gold_p8_batch4_topup_03642,pdf-7e54634a5f723e7d1e60,trusted_train
gold_p8_batch4_topup_03643,pdf-7e54634a5f723e7d1e60,trusted_train
gold_p8_batch4_topup_03646,pdf-7e7a2fb44877e6271a42,trusted_train
gold_p8_batch4_topup_03647,pdf-7e7a2fb44877e6271a42,trusted_train
gold_p8_batch4_topup_03648,pdf-7e7a2fb44877e6271a42,trusted_train
gold_p8_batch4_topup_03649,pdf-7e7a2fb44877e6271a42,trusted_train
gold_p8_batch4_topup_03663,pdf-7ecab3d5c47da43d6ad5,trusted_train
gold_p8_batch4_topup_03664,pdf-7ecab3d5c47da43d6ad5,trusted_train
gold_p8_batch4_topup_03665,pdf-7ecab3d5c47da43d6ad5,trusted_train
gold_p8_batch4_topup_03666,pdf-7ecab3d5c47da43d6ad5,trusted_train
gold_p8_batch4_topup_03667,pdf-7ecab3d5c47da43d6ad5,trusted_train
gold_p8_batch4_topup_03668,pdf-7ecac8b7c6a8aad111ea,trusted_train
gold_p8_batch4_topup_03669,pdf-7ecac8b7c6a8aad111ea,trusted_train
gold_p8_batch4_topup_03670,pdf-7ecac8b7c6a8aad111ea,trusted_train
gold_p8_batch4_topup_03671,pdf-7ecac8b7c6a8aad111ea,trusted_train
gold_p8_batch4_topup_03672,pdf-7ecac8b7c6a8aad111ea,trusted_train
gold_p8_batch4_topup_03674,pdf-7f0bc1cf490cbd43e438,trusted_train
gold_p8_batch4_topup_03675,pdf-7f0bc1cf490cbd43e438,trusted_train
gold_p8_batch4_topup_03676,pdf-7f685b4762349d682606,trusted_train
gold_p8_batch4_topup_03677,pdf-7f685b4762349d682606,trusted_train
gold_p8_batch4_topup_03678,pdf-7f685b4762349d682606,trusted_train
gold_p8_batch4_topup_03689,pdf-7fe92ecf97237882a8ad,trusted_train
gold_p8_batch4_topup_03690,pdf-7fe92ecf97237882a8ad,trusted_train
gold_p8_batch4_topup_03695,pdf-8076b869a3c92b838b81,trusted_train
gold_p8_batch4_topup_03696,pdf-8076b869a3c92b838b81,trusted_train
gold_p8_batch4_topup_03697,pdf-8076b869a3c92b838b81,trusted_train
gold_p8_batch4_topup_03698,pdf-8076b869a3c92b838b81,trusted_train
gold_p8_batch4_topup_03699,pdf-8076b869a3c92b838b81,trusted_train
gold_p8_batch4_topup_03701,pdf-807bb7c8e0c630e9be2c,trusted_train
gold_p8_batch4_topup_03702,pdf-807bb7c8e0c630e9be2c,trusted_train
gold_p8_batch4_topup_03703,pdf-807bb7c8e0c630e9be2c,trusted_train
gold_p8_batch4_topup_03704,pdf-807bb7c8e0c630e9be2c,trusted_train
gold_p8_batch4_topup_03705,pdf-8087569c2c57dbaba448,trusted_train
gold_p8_batch4_topup_03706,pdf-8087569c2c57dbaba448,trusted_train
gold_p8_batch4_topup_03707,pdf-8087569c2c57dbaba448,trusted_train
gold_p8_batch4_topup_03708,pdf-8087569c2c57dbaba448,trusted_train
gold_p8_batch4_topup_03709,pdf-8087569c2c57dbaba448,trusted_train
gold_p8_batch4_topup_03710,pdf-80a095562d8c2bcf9176,trusted_train
gold_p8_batch4_topup_03711,pdf-80a095562d8c2bcf9176,trusted_train
gold_p8_batch4_topup_03712,pdf-80a095562d8c2bcf9176,trusted_train
gold_p8_batch4_topup_03713,pdf-80a095562d8c2bcf9176,trusted_train
gold_p8_batch4_topup_03714,pdf-80a095562d8c2bcf9176,trusted_train
gold_p8_batch4_topup_03722,pdf-810d780306a4e12b74f0,trusted_train
gold_p8_batch4_topup_03723,pdf-810d780306a4e12b74f0,trusted_train
gold_p8_batch4_topup_03724,pdf-810d780306a4e12b74f0,trusted_train
gold_p8_batch4_topup_03725,pdf-810d780306a4e12b74f0,trusted_train
gold_p8_batch4_topup_03726,pdf-810d780306a4e12b74f0,trusted_train
gold_p8_batch4_topup_03727,pdf-810dfdca13deaea766ba,trusted_train
gold_p8_batch4_topup_03728,pdf-810dfdca13deaea766ba,trusted_train
gold_p8_batch4_topup_03729,pdf-810dfdca13deaea766ba,trusted_train
gold_p8_batch4_topup_03730,pdf-810dfdca13deaea766ba,trusted_train
gold_p8_batch4_topup_03731,pdf-810dfdca13deaea766ba,trusted_train
gold_p8_batch4_topup_03739,pdf-814c250d019910d05ab5,trusted_train
gold_p8_batch4_topup_03740,pdf-8153a92588b1448063c9,trusted_train
gold_p8_batch4_topup_03748,pdf-81acc3ae9f1ba61109a6,trusted_train
gold_p8_batch4_topup_03749,pdf-81e807a948032895c5ff,trusted_train
gold_p8_batch4_topup_03750,pdf-81e807a948032895c5ff,trusted_train
gold_p8_batch4_topup_03751,pdf-81e807a948032895c5ff,trusted_train
gold_p8_batch4_topup_03752,pdf-81e807a948032895c5ff,trusted_train
gold_p8_batch4_topup_03753,pdf-81e807a948032895c5ff,trusted_train
gold_p8_batch4_topup_03754,pdf-81f181fb0c2a97a0c121,trusted_train
gold_p8_batch4_topup_03755,pdf-81ff0fa4942ec2d220c5,trusted_train
gold_p8_batch4_topup_03756,pdf-81ff0fa4942ec2d220c5,trusted_train
gold_p8_batch4_topup_03758,pdf-82164e55594ed1166836,trusted_train
gold_p8_batch4_topup_03759,pdf-82164e55594ed1166836,trusted_train
gold_p8_batch4_topup_03760,pdf-82164e55594ed1166836,trusted_train
gold_p8_batch4_topup_03761,pdf-82164e55594ed1166836,trusted_train
gold_p8_batch4_topup_03762,pdf-82164e55594ed1166836,trusted_train
gold_p8_batch4_topup_03763,pdf-8218220923b9e503f578,trusted_train
gold_p8_batch4_topup_03764,pdf-8218220923b9e503f578,trusted_train
gold_p8_batch4_topup_03767,pdf-823230fb8434f4c2f5cd,trusted_train
gold_p8_batch4_topup_03768,pdf-823230fb8434f4c2f5cd,trusted_train
gold_p8_batch4_topup_03769,pdf-823230fb8434f4c2f5cd,trusted_train
gold_p8_batch4_topup_03770,pdf-823230fb8434f4c2f5cd,trusted_train
gold_p8_batch4_topup_03771,pdf-823230fb8434f4c2f5cd,trusted_train
gold_p8_batch4_topup_03775,pdf-826b4b279e5d0b6728ad,trusted_train
gold_p8_batch4_topup_03776,pdf-826b4b279e5d0b6728ad,trusted_train
gold_p8_batch4_topup_03777,pdf-826b4b279e5d0b6728ad,trusted_train
gold_p8_batch4_topup_03778,pdf-826b4b279e5d0b6728ad,trusted_train
gold_p8_batch4_topup_03779,pdf-826b4b279e5d0b6728ad,trusted_train
gold_p8_batch4_topup_03784,pdf-82dd9df2e096228ec2c8,trusted_train
gold_p8_batch4_topup_03785,pdf-82dd9df2e096228ec2c8,trusted_train
gold_p8_batch4_topup_03786,pdf-82dd9df2e096228ec2c8,trusted_train
gold_p8_batch4_topup_03787,pdf-82dd9df2e096228ec2c8,trusted_train
gold_p8_batch4_topup_03788,pdf-82dd9df2e096228ec2c8,trusted_train
gold_p8_batch4_topup_03789,pdf-82df611f12343c0d1dbb,trusted_train
gold_p8_batch4_topup_03790,pdf-82df611f12343c0d1dbb,trusted_train
gold_p8_batch4_topup_03791,pdf-82df611f12343c0d1dbb,trusted_train
gold_p8_batch4_topup_03792,pdf-82df611f12343c0d1dbb,trusted_train
gold_p8_batch4_topup_03793,pdf-82df611f12343c0d1dbb,trusted_train
gold_p8_batch4_topup_03798,pdf-83441365b83476d3888c,trusted_train
gold_p8_batch4_topup_03803,pdf-837a2ec7ba44e8fbe60d,trusted_train
gold_p8_batch4_topup_03804,pdf-837a2ec7ba44e8fbe60d,trusted_train
gold_p8_batch4_topup_03805,pdf-837a2ec7ba44e8fbe60d,trusted_train
gold_p8_batch4_topup_03806,pdf-837a2ec7ba44e8fbe60d,trusted_train
gold_p8_batch4_topup_03807,pdf-837a2ec7ba44e8fbe60d,trusted_train
gold_p8_batch4_topup_03815,pdf-843105d2e6b4ea597420,trusted_train
gold_p8_batch4_topup_03816,pdf-843105d2e6b4ea597420,trusted_train
gold_p8_batch4_topup_03817,pdf-843105d2e6b4ea597420,trusted_train
gold_p8_batch4_topup_03818,pdf-843105d2e6b4ea597420,trusted_train
gold_p8_batch4_topup_03819,pdf-843105d2e6b4ea597420,trusted_train
gold_p8_batch4_topup_03826,pdf-84846bc9b96d514e51e1,trusted_train
gold_p8_batch4_topup_03827,pdf-84846bc9b96d514e51e1,trusted_train
gold_p8_batch4_topup_03828,pdf-84846bc9b96d514e51e1,trusted_train
gold_p8_batch4_topup_03829,pdf-84846bc9b96d514e51e1,trusted_train
gold_p8_batch4_topup_03832,pdf-84bdd9ece6c9e373cffe,trusted_train
gold_p8_batch4_topup_03833,pdf-84bdd9ece6c9e373cffe,trusted_train
gold_p8_batch4_topup_03834,pdf-84bdd9ece6c9e373cffe,trusted_train
gold_p8_batch4_topup_03835,pdf-84bdd9ece6c9e373cffe,trusted_train
gold_p8_batch4_topup_03836,pdf-84e79a77795a00066062,trusted_train
gold_p8_batch4_topup_03841,pdf-850769e09a75ebde9bd5,trusted_train
gold_p8_batch4_topup_03842,pdf-850769e09a75ebde9bd5,trusted_train
gold_p8_batch4_topup_03843,pdf-850769e09a75ebde9bd5,trusted_train
gold_p8_batch4_topup_03844,pdf-850769e09a75ebde9bd5,trusted_train
gold_p8_batch4_topup_03845,pdf-850769e09a75ebde9bd5,trusted_train
gold_p8_batch4_topup_03849,pdf-8561134c850517c480e2,trusted_train
gold_p8_batch4_topup_03850,pdf-8561134c850517c480e2,trusted_train
gold_p8_batch4_topup_03851,pdf-8561134c850517c480e2,trusted_train
gold_p8_batch4_topup_03852,pdf-8561134c850517c480e2,trusted_train
gold_p8_batch4_topup_03853,pdf-8561134c850517c480e2,trusted_train
gold_p8_batch4_topup_03854,pdf-857dfccbe980fd197cd9,trusted_train
gold_p8_batch4_topup_03855,pdf-857dfccbe980fd197cd9,trusted_train
gold_p8_batch4_topup_03856,pdf-857dfccbe980fd197cd9,trusted_train
gold_p8_batch4_topup_03857,pdf-857dfccbe980fd197cd9,trusted_train
gold_p8_batch4_topup_03858,pdf-857dfccbe980fd197cd9,trusted_train
gold_p8_batch4_topup_03859,pdf-85864357023b447538f2,trusted_train
gold_p8_batch4_topup_03860,pdf-85864357023b447538f2,trusted_train
gold_p8_batch4_topup_03861,pdf-85864357023b447538f2,trusted_train
gold_p8_batch4_topup_03862,pdf-85864357023b447538f2,trusted_train
gold_p8_batch4_topup_03863,pdf-85864357023b447538f2,trusted_train
gold_p8_batch4_topup_03872,pdf-863ee529f24f030d45a2,trusted_train
gold_p8_batch4_topup_03873,pdf-863ee529f24f030d45a2,trusted_train
gold_p8_batch4_topup_03874,pdf-863ee529f24f030d45a2,trusted_train
gold_p8_batch4_topup_03875,pdf-863ee529f24f030d45a2,trusted_train
gold_p8_batch4_topup_03886,pdf-86c28b9e21570811aacf,trusted_train
gold_p8_batch4_topup_03887,pdf-86c28b9e21570811aacf,trusted_train
gold_p8_batch4_topup_03888,pdf-86c28b9e21570811aacf,trusted_train
gold_p8_batch4_topup_03889,pdf-86c28b9e21570811aacf,trusted_train
gold_p8_batch4_topup_03890,pdf-86c28b9e21570811aacf,trusted_train
gold_p8_batch4_topup_03893,pdf-86d87a2ab8217deced74,trusted_train
gold_p8_batch4_topup_03897,pdf-8707573840ae3130f24f,trusted_train
gold_p8_batch4_topup_03898,pdf-8707573840ae3130f24f,trusted_train
gold_p8_batch4_topup_03899,pdf-873ec7c69f226265aca0,trusted_train
gold_p8_batch4_topup_03900,pdf-873ec7c69f226265aca0,trusted_train
gold_p8_batch4_topup_03901,pdf-873ec7c69f226265aca0,trusted_train
gold_p8_batch4_topup_03902,pdf-873ec7c69f226265aca0,trusted_train
gold_p8_batch4_topup_03903,pdf-873ec7c69f226265aca0,trusted_train
gold_p8_batch4_topup_03904,pdf-874f28cff30de3909cbb,trusted_train
gold_p8_batch4_topup_03905,pdf-874f28cff30de3909cbb,trusted_train
gold_p8_batch4_topup_03906,pdf-8792791cfed3dfee6764,trusted_train
gold_p8_batch4_topup_03907,pdf-87a677e34d9c5f7502bd,trusted_train
gold_p8_batch4_topup_03908,pdf-87a677e34d9c5f7502bd,trusted_train
gold_p8_batch4_topup_03910,pdf-87e56831d31d0c79c903,trusted_train
gold_p8_batch4_topup_03917,pdf-882736d31da2e0c51c37,trusted_train
gold_p8_batch4_topup_03918,pdf-883a3e7aef10910207ce,trusted_train
gold_p8_batch4_topup_03926,pdf-88b4c0eeb693221c7606,trusted_train
gold_p8_batch4_topup_03927,pdf-88b4c0eeb693221c7606,trusted_train
gold_p8_batch4_topup_03928,pdf-88b4c0eeb693221c7606,trusted_train
gold_p8_batch4_topup_03929,pdf-88b4c0eeb693221c7606,trusted_train
gold_p8_batch4_topup_03930,pdf-88b4c0eeb693221c7606,trusted_train
gold_p8_batch4_topup_03935,pdf-8938b4ab8b6711ba8fd3,trusted_train
gold_p8_batch4_topup_03936,pdf-8938b4ab8b6711ba8fd3,trusted_train
gold_p8_batch4_topup_03937,pdf-8938b4ab8b6711ba8fd3,trusted_train
gold_p8_batch4_topup_03938,pdf-8938b4ab8b6711ba8fd3,trusted_train
gold_p8_batch4_topup_03939,pdf-8938b4ab8b6711ba8fd3,trusted_train
gold_p8_batch4_topup_03943,pdf-895848608b3597524d1b,trusted_train
gold_p8_batch4_topup_03944,pdf-895848608b3597524d1b,trusted_train
gold_p8_batch4_topup_03945,pdf-897219ea76984bafadc7,trusted_train
gold_p8_batch4_topup_03946,pdf-897219ea76984bafadc7,trusted_train
gold_p8_batch4_topup_03947,pdf-897219ea76984bafadc7,trusted_train
gold_p8_batch4_topup_03948,pdf-897219ea76984bafadc7,trusted_train
gold_p8_batch4_topup_03949,pdf-897219ea76984bafadc7,trusted_train
gold_p8_batch4_topup_03966,pdf-8a34c1d16a8695f75ad5,trusted_train
gold_p8_batch4_topup_03967,pdf-8a34c1d16a8695f75ad5,trusted_train
gold_p8_batch4_topup_03968,pdf-8a34c1d16a8695f75ad5,trusted_train
gold_p8_batch4_topup_03969,pdf-8a34c1d16a8695f75ad5,trusted_train
gold_p8_batch4_topup_03984,pdf-8b2aa367c92ee02fca98,trusted_train
gold_p8_batch4_topup_03985,pdf-8b2aa367c92ee02fca98,trusted_train
gold_p8_batch4_topup_03986,pdf-8b2aa367c92ee02fca98,trusted_train
gold_p8_batch4_topup_03987,pdf-8b2aa367c92ee02fca98,trusted_train
gold_p8_batch4_topup_03988,pdf-8b2aa367c92ee02fca98,trusted_train
gold_p8_batch4_topup_03989,pdf-8b3b6c913ae1c1ac5f5b,trusted_train
gold_p8_batch4_topup_03996,pdf-8ba00318bf5c0b2a1210,trusted_train
gold_p8_batch4_topup_03997,pdf-8ba00318bf5c0b2a1210,trusted_train
gold_p8_batch4_topup_03998,pdf-8ba00318bf5c0b2a1210,trusted_train
gold_p8_batch4_topup_04000,pdf-8be7d6e8a2aae311e4cb,trusted_train
gold_p8_batch4_topup_04001,pdf-8be7d6e8a2aae311e4cb,trusted_train
gold_p8_batch4_topup_04002,pdf-8be7d6e8a2aae311e4cb,trusted_train
gold_p8_batch4_topup_04007,pdf-8bfd6360181fd9103e10,trusted_train
gold_p8_batch4_topup_04008,pdf-8c0aa668fad316112b4d,trusted_train
gold_p8_batch4_topup_04009,pdf-8c0aa668fad316112b4d,trusted_train
gold_p8_batch4_topup_04010,pdf-8c0aa668fad316112b4d,trusted_train
gold_p8_batch4_topup_04015,pdf-8c1def5fd4efa4937ae7,trusted_train
gold_p8_batch4_topup_04016,pdf-8c1def5fd4efa4937ae7,trusted_train
gold_p8_batch4_topup_04017,pdf-8c1def5fd4efa4937ae7,trusted_train
gold_p8_batch4_topup_04018,pdf-8c1def5fd4efa4937ae7,trusted_train
gold_p8_batch4_topup_04019,pdf-8c472b70758792c4d5ac,trusted_train
gold_p8_batch4_topup_04020,pdf-8c6c4770e104eddf1e76,trusted_train
gold_p8_batch4_topup_04021,pdf-8c6c4770e104eddf1e76,trusted_train
gold_p8_batch4_topup_04022,pdf-8c6c4770e104eddf1e76,trusted_train
gold_p8_batch4_topup_04023,pdf-8c6c4770e104eddf1e76,trusted_train
gold_p8_batch4_topup_04024,pdf-8c6c4770e104eddf1e76,trusted_train
gold_p8_batch4_topup_04025,pdf-8ca0f1006366567115a6,trusted_train
gold_p8_batch4_topup_04026,pdf-8ca0f1006366567115a6,trusted_train
gold_p8_batch4_topup_04027,pdf-8ca0f1006366567115a6,trusted_train
gold_p8_batch4_topup_04028,pdf-8ca0f1006366567115a6,trusted_train
gold_p8_batch4_topup_04029,pdf-8ca0f1006366567115a6,trusted_train
gold_p8_batch4_topup_04030,pdf-8cac1893591e3a975b2e,trusted_train
gold_p8_batch4_topup_04031,pdf-8cac1893591e3a975b2e,trusted_train
gold_p8_batch4_topup_04032,pdf-8cac1893591e3a975b2e,trusted_train
gold_p8_batch4_topup_04033,pdf-8cac1893591e3a975b2e,trusted_train
gold_p8_batch4_topup_04034,pdf-8cac1893591e3a975b2e,trusted_train
gold_p8_batch4_topup_04036,pdf-8cb883370c2dbc5ce3b7,trusted_train
gold_p8_batch4_topup_04037,pdf-8cf801a55c340c74ddb5,trusted_train
gold_p8_batch4_topup_04038,pdf-8cf801a55c340c74ddb5,trusted_train
gold_p8_batch4_topup_04039,pdf-8cf801a55c340c74ddb5,trusted_train
gold_p8_batch4_topup_04040,pdf-8cf801a55c340c74ddb5,trusted_train
gold_p8_batch4_topup_04041,pdf-8cf801a55c340c74ddb5,trusted_train
gold_p8_batch4_topup_04050,pdf-8d5253ad62b0da5e5381,trusted_train
gold_p8_batch4_topup_04051,pdf-8d5253ad62b0da5e5381,trusted_train
gold_p8_batch4_topup_04052,pdf-8d5253ad62b0da5e5381,trusted_train
gold_p8_batch4_topup_04053,pdf-8d5253ad62b0da5e5381,trusted_train
gold_p8_batch4_topup_04054,pdf-8d5253ad62b0da5e5381,trusted_train
gold_p8_batch4_topup_04055,pdf-8d53484be588ac5f5cba,trusted_train
gold_p8_batch4_topup_04056,pdf-8d53484be588ac5f5cba,trusted_train
gold_p8_batch4_topup_04057,pdf-8d53484be588ac5f5cba,trusted_train
gold_p8_batch4_topup_04058,pdf-8d53484be588ac5f5cba,trusted_train
gold_p8_batch4_topup_04059,pdf-8d53484be588ac5f5cba,trusted_train
gold_p8_batch4_topup_04060,pdf-8d54555769e1ed6c3bee,trusted_train
gold_p8_batch4_topup_04061,pdf-8d54555769e1ed6c3bee,trusted_train
gold_p8_batch4_topup_04062,pdf-8d54555769e1ed6c3bee,trusted_train
gold_p8_batch4_topup_04063,pdf-8d54555769e1ed6c3bee,trusted_train
gold_p8_batch4_topup_04064,pdf-8d54555769e1ed6c3bee,trusted_train
gold_p8_batch4_topup_04065,pdf-8d56ab83ddffce6ba816,trusted_train
gold_p8_batch4_topup_04066,pdf-8d56ab83ddffce6ba816,trusted_train
gold_p8_batch4_topup_04067,pdf-8d56ab83ddffce6ba816,trusted_train
gold_p8_batch4_topup_04068,pdf-8d56ab83ddffce6ba816,trusted_train
gold_p8_batch4_topup_04069,pdf-8d56ab83ddffce6ba816,trusted_train
gold_p8_batch4_topup_04074,pdf-8e165b9fda6d29edc4de,trusted_train
gold_p8_batch4_topup_04075,pdf-8e2d72ba44472e23d693,trusted_train
gold_p8_batch4_topup_04076,pdf-8e2d72ba44472e23d693,trusted_train
gold_p8_batch4_topup_04086,pdf-8eb0a8db4138a3b7e084,trusted_train
gold_p8_batch4_topup_04087,pdf-8eb0a8db4138a3b7e084,trusted_train
gold_p8_batch4_topup_04098,pdf-8f15f8f7658cb8df85ee,trusted_train
gold_p8_batch4_topup_04104,pdf-8f504dfcc3f23428ec4f,trusted_train
gold_p8_batch4_topup_04105,pdf-8f504dfcc3f23428ec4f,trusted_train
gold_p8_batch4_topup_04106,pdf-8f504dfcc3f23428ec4f,trusted_train
gold_p8_batch4_topup_04107,pdf-8f504dfcc3f23428ec4f,trusted_train
gold_p8_batch4_topup_04108,pdf-8f504dfcc3f23428ec4f,trusted_train
gold_p8_batch4_topup_04109,pdf-8f50c68f761c02b67157,trusted_train
gold_p8_batch4_topup_04110,pdf-8f50c68f761c02b67157,trusted_train
gold_p8_batch4_topup_04111,pdf-8f50c68f761c02b67157,trusted_train
gold_p8_batch4_topup_04112,pdf-8f50c68f761c02b67157,trusted_train
gold_p8_batch4_topup_04113,pdf-8f50c68f761c02b67157,trusted_train
gold_p8_batch4_topup_04120,pdf-8fe2ffa453a29b19c471,trusted_train
gold_p8_batch4_topup_04121,pdf-8fe2ffa453a29b19c471,trusted_train
gold_p8_batch4_topup_04128,pdf-903c6073791857c50ce7,trusted_train
gold_p8_batch4_topup_04129,pdf-903c6073791857c50ce7,trusted_train
gold_p8_batch4_topup_04130,pdf-903c6073791857c50ce7,trusted_train
gold_p8_batch4_topup_04131,pdf-903c6073791857c50ce7,trusted_train
gold_p8_batch4_topup_04138,pdf-90d9152658e1ada6c1d3,trusted_train
gold_p8_batch4_topup_04139,pdf-90d9152658e1ada6c1d3,trusted_train
gold_p8_batch4_topup_04141,pdf-90d9152658e1ada6c1d3,trusted_train
gold_p8_batch4_topup_04142,pdf-90d9152658e1ada6c1d3,trusted_train
gold_p8_batch4_topup_04154,pdf-911c7d904c1da62018b7,trusted_train
gold_p8_batch4_topup_04155,pdf-911c7d904c1da62018b7,trusted_train
gold_p8_batch4_topup_04156,pdf-911c7d904c1da62018b7,trusted_train
gold_p8_batch4_topup_04157,pdf-911c7d904c1da62018b7,trusted_train
gold_p8_batch4_topup_04158,pdf-911c7d904c1da62018b7,trusted_train
gold_p8_batch4_topup_04164,pdf-91993db7acf5c619a164,trusted_train
gold_p8_batch4_topup_04165,pdf-91993db7acf5c619a164,trusted_train
gold_p8_batch4_topup_04166,pdf-91993db7acf5c619a164,trusted_train
gold_p8_batch4_topup_04167,pdf-91993db7acf5c619a164,trusted_train
gold_p8_batch4_topup_04168,pdf-91993db7acf5c619a164,trusted_train
gold_p8_batch4_topup_04169,pdf-91d881c14c210a2e246c,trusted_train
gold_p8_batch4_topup_04170,pdf-91d881c14c210a2e246c,trusted_train
gold_p8_batch4_topup_04171,pdf-91d881c14c210a2e246c,trusted_train
gold_p8_batch4_topup_04172,pdf-91d881c14c210a2e246c,trusted_train
gold_p8_batch4_topup_04173,pdf-91d881c14c210a2e246c,trusted_train
gold_p8_batch4_topup_04174,pdf-91efd32243353a41a56b,trusted_train
gold_p8_batch4_topup_04175,pdf-91efd32243353a41a56b,trusted_train
gold_p8_batch4_topup_04176,pdf-91efd32243353a41a56b,trusted_train
gold_p8_batch4_topup_04177,pdf-91efd32243353a41a56b,trusted_train
gold_p8_batch4_topup_04178,pdf-91efd32243353a41a56b,trusted_train
gold_p8_batch4_topup_04181,pdf-9226a18887bec5d0dcde,trusted_train
gold_p8_batch4_topup_04182,pdf-9226a18887bec5d0dcde,trusted_train
gold_p8_batch4_topup_04183,pdf-9226a18887bec5d0dcde,trusted_train
gold_p8_batch4_topup_04184,pdf-9226a18887bec5d0dcde,trusted_train
gold_p8_batch4_topup_04189,pdf-9237f2444b0fea060285,trusted_train
gold_p8_batch4_topup_04190,pdf-9237f2444b0fea060285,trusted_train
gold_p8_batch4_topup_04191,pdf-9237f2444b0fea060285,trusted_train
gold_p8_batch4_topup_04192,pdf-9237f2444b0fea060285,trusted_train
gold_p8_batch4_topup_04193,pdf-9237f2444b0fea060285,trusted_train
gold_p8_batch4_topup_04198,pdf-928ff9a36432f571e462,trusted_train
gold_p8_batch4_topup_04199,pdf-928ff9a36432f571e462,trusted_train
gold_p8_batch4_topup_04200,pdf-928ff9a36432f571e462,trusted_train
gold_p8_batch4_topup_04201,pdf-92c84be5335c2153fd46,trusted_train
gold_p8_batch4_topup_04202,pdf-92c84be5335c2153fd46,trusted_train
gold_p8_batch4_topup_04203,pdf-92c84be5335c2153fd46,trusted_train
gold_p8_batch4_topup_04204,pdf-92c84be5335c2153fd46,trusted_train
gold_p8_batch4_topup_04205,pdf-92c84be5335c2153fd46,trusted_train
gold_p8_batch4_topup_04206,pdf-92c86535e26fcd7fd790,trusted_train
gold_p8_batch4_topup_04207,pdf-92c86535e26fcd7fd790,trusted_train
gold_p8_batch4_topup_04219,pdf-93a45e657b6d78aa80a2,trusted_train
gold_p8_batch4_topup_04220,pdf-93a45e657b6d78aa80a2,trusted_train
gold_p8_batch4_topup_04221,pdf-93cf92f861654d8dad1b,trusted_train
gold_p8_batch4_topup_04222,pdf-93cf92f861654d8dad1b,trusted_train
gold_p8_batch4_topup_04223,pdf-93cf92f861654d8dad1b,trusted_train
gold_p8_batch4_topup_04224,pdf-93cf92f861654d8dad1b,trusted_train
gold_p8_batch4_topup_04225,pdf-93cf92f861654d8dad1b,trusted_train
gold_p8_batch4_topup_04236,pdf-94f92b9b0045c4f54bb6,trusted_train
gold_p8_batch4_topup_04237,pdf-94f92b9b0045c4f54bb6,trusted_train
gold_p8_batch4_topup_04238,pdf-94f92b9b0045c4f54bb6,trusted_train
gold_p8_batch4_topup_04239,pdf-94f92b9b0045c4f54bb6,trusted_train
gold_p8_batch4_topup_04240,pdf-94f92b9b0045c4f54bb6,trusted_train
gold_p8_batch4_topup_04245,pdf-955b8f82e87cbbb6299f,trusted_train
gold_p8_batch4_topup_04246,pdf-955b8f82e87cbbb6299f,trusted_train
gold_p8_batch4_topup_04247,pdf-955b8f82e87cbbb6299f,trusted_train
gold_p8_batch4_topup_04248,pdf-955b8f82e87cbbb6299f,trusted_train
gold_p8_batch4_topup_04249,pdf-955b8f82e87cbbb6299f,trusted_train
gold_p8_batch4_topup_04250,pdf-957364fb6cd16d0a61ba,trusted_train
gold_p8_batch4_topup_04251,pdf-957364fb6cd16d0a61ba,trusted_train
gold_p8_batch4_topup_04252,pdf-957364fb6cd16d0a61ba,trusted_train
gold_p8_batch4_topup_04253,pdf-957364fb6cd16d0a61ba,trusted_train
gold_p8_batch4_topup_04254,pdf-957364fb6cd16d0a61ba,trusted_train
gold_p8_batch4_topup_04268,pdf-96398ee28bcda5990fac,trusted_train
gold_p8_batch4_topup_04269,pdf-964167c93918e65af89c,trusted_train
gold_p8_batch4_topup_04270,pdf-964167c93918e65af89c,trusted_train
gold_p8_batch4_topup_04271,pdf-96485aab0ed67ba51eeb,trusted_train
gold_p8_batch4_topup_04272,pdf-965c1b4ddb9db0d7366b,trusted_train
gold_p8_batch4_topup_04273,pdf-96676985175da7b3cb3e,trusted_train
gold_p8_batch4_topup_04274,pdf-96676985175da7b3cb3e,trusted_train
gold_p8_batch4_topup_04275,pdf-96676985175da7b3cb3e,trusted_train
gold_p8_batch4_topup_04276,pdf-96676985175da7b3cb3e,trusted_train
gold_p8_batch4_topup_04277,pdf-96676985175da7b3cb3e,trusted_train
gold_p8_batch4_topup_04283,pdf-968b171e16218c093b3b,trusted_train
gold_p8_batch4_topup_04284,pdf-968b171e16218c093b3b,trusted_train
gold_p8_batch4_topup_04285,pdf-968b171e16218c093b3b,trusted_train
gold_p8_batch4_topup_04286,pdf-968b171e16218c093b3b,trusted_train
gold_p8_batch4_topup_04287,pdf-968b171e16218c093b3b,trusted_train
gold_p8_batch4_topup_04292,pdf-96f6a98fb66258f29b7c,trusted_train
gold_p8_batch4_topup_04293,pdf-96f6a98fb66258f29b7c,trusted_train
gold_p8_batch4_topup_04294,pdf-96f6a98fb66258f29b7c,trusted_train
gold_p8_batch4_topup_04295,pdf-96f6a98fb66258f29b7c,trusted_train
gold_p8_batch4_topup_04296,pdf-96f6a98fb66258f29b7c,trusted_train
gold_p8_batch4_topup_04304,pdf-973b03fffdb44211c595,trusted_train
gold_p8_batch4_topup_04305,pdf-973b03fffdb44211c595,trusted_train
gold_p8_batch4_topup_04306,pdf-973b03fffdb44211c595,trusted_train
gold_p8_batch4_topup_04307,pdf-973b03fffdb44211c595,trusted_train
gold_p8_batch4_topup_04308,pdf-973b03fffdb44211c595,trusted_train
gold_p8_batch4_topup_04309,pdf-97400bd32d8dea629b40,trusted_train
gold_p8_batch4_topup_04310,pdf-97400bd32d8dea629b40,trusted_train
gold_p8_batch4_topup_04311,pdf-97400bd32d8dea629b40,trusted_train
gold_p8_batch4_topup_04312,pdf-97400bd32d8dea629b40,trusted_train
gold_p8_batch4_topup_04313,pdf-97400bd32d8dea629b40,trusted_train
gold_p8_batch4_topup_04318,pdf-9755ac81ca25381a44cc,trusted_train
gold_p8_batch4_topup_04319,pdf-9755ac81ca25381a44cc,trusted_train
gold_p8_batch4_topup_04320,pdf-9755ac81ca25381a44cc,trusted_train
gold_p8_batch4_topup_04321,pdf-9755ac81ca25381a44cc,trusted_train
gold_p8_batch4_topup_04322,pdf-9766e1bad868565887ff,trusted_train
gold_p8_batch4_topup_04323,pdf-9766e1bad868565887ff,trusted_train
gold_p8_batch4_topup_04324,pdf-9766e1bad868565887ff,trusted_train
gold_p8_batch4_topup_04325,pdf-9766e1bad868565887ff,trusted_train
gold_p8_batch4_topup_04326,pdf-9766e1bad868565887ff,trusted_train
gold_p8_batch4_topup_04327,pdf-978fa61218f64b612099,trusted_train
gold_p8_batch4_topup_04328,pdf-978fa61218f64b612099,trusted_train
gold_p8_batch4_topup_04329,pdf-978fa61218f64b612099,trusted_train
gold_p8_batch4_topup_04330,pdf-978fa61218f64b612099,trusted_train
gold_p8_batch4_topup_04331,pdf-978fa61218f64b612099,trusted_train
gold_p8_batch4_topup_04339,pdf-97ea7c54a151c0dc6d94,trusted_train
gold_p8_batch4_topup_04340,pdf-97ea7c54a151c0dc6d94,trusted_train
gold_p8_batch4_topup_04341,pdf-97ea7c54a151c0dc6d94,trusted_train
gold_p8_batch4_topup_04342,pdf-97ea7c54a151c0dc6d94,trusted_train
gold_p8_batch4_topup_04343,pdf-97ea7c54a151c0dc6d94,trusted_train
gold_p8_batch4_topup_04344,pdf-98023d27cd18f813b872,trusted_train
gold_p8_batch4_topup_04345,pdf-98023d27cd18f813b872,trusted_train
gold_p8_batch4_topup_04346,pdf-98023d27cd18f813b872,trusted_train
gold_p8_batch4_topup_04347,pdf-98023d27cd18f813b872,trusted_train
gold_p8_batch4_topup_04359,pdf-98fe31836023f47d5033,trusted_train
gold_p8_batch4_topup_04360,pdf-98fe31836023f47d5033,trusted_train
gold_p8_batch4_topup_04361,pdf-98fe31836023f47d5033,trusted_train
gold_p8_batch4_topup_04362,pdf-98fe31836023f47d5033,trusted_train
gold_p8_batch4_topup_04363,pdf-98fe31836023f47d5033,trusted_train
gold_p8_batch4_topup_04368,pdf-9914882e7d317c22248d,trusted_train
gold_p8_batch4_topup_04369,pdf-9914882e7d317c22248d,trusted_train
gold_p8_batch4_topup_04370,pdf-9914882e7d317c22248d,trusted_train
gold_p8_batch4_topup_04371,pdf-9914882e7d317c22248d,trusted_train
gold_p8_batch4_topup_04372,pdf-9914882e7d317c22248d,trusted_train
gold_p8_batch4_topup_04379,pdf-998a70a8477898f54478,trusted_train
gold_p8_batch4_topup_04380,pdf-998a70a8477898f54478,trusted_train
gold_p8_batch4_topup_04381,pdf-998a70a8477898f54478,trusted_train
gold_p8_batch4_topup_04382,pdf-998a70a8477898f54478,trusted_train
gold_p8_batch4_topup_04383,pdf-998a70a8477898f54478,trusted_train
gold_p8_batch4_topup_04401,pdf-9a53fa2cf0f934a09584,trusted_train
gold_p8_batch4_topup_04402,pdf-9a53fa2cf0f934a09584,trusted_train
gold_p8_batch4_topup_04403,pdf-9a53fa2cf0f934a09584,trusted_train
gold_p8_batch4_topup_04404,pdf-9a53fa2cf0f934a09584,trusted_train
gold_p8_batch4_topup_04405,pdf-9a53fa2cf0f934a09584,trusted_train
gold_p8_batch4_topup_04406,pdf-9a66ecdb9958daf80f8b,trusted_train
gold_p8_batch4_topup_04407,pdf-9a66ecdb9958daf80f8b,trusted_train
gold_p8_batch4_topup_04408,pdf-9a66ecdb9958daf80f8b,trusted_train
gold_p8_batch4_topup_04409,pdf-9a66ecdb9958daf80f8b,trusted_train
gold_p8_batch4_topup_04410,pdf-9a66ecdb9958daf80f8b,trusted_train
gold_p8_batch4_topup_04416,pdf-9ae4a2471eb6c61af27f,trusted_train
gold_p8_batch4_topup_04417,pdf-9ae4a2471eb6c61af27f,trusted_train
gold_p8_batch4_topup_04418,pdf-9ae4a2471eb6c61af27f,trusted_train
gold_p8_batch4_topup_04419,pdf-9ae4a2471eb6c61af27f,trusted_train
gold_p8_batch4_topup_04420,pdf-9ae4a2471eb6c61af27f,trusted_train
gold_p8_batch4_topup_04421,pdf-9aee30154fb77cd40df7,trusted_train
gold_p8_batch4_topup_04422,pdf-9aee30154fb77cd40df7,trusted_train
gold_p8_batch4_topup_04423,pdf-9aee30154fb77cd40df7,trusted_train
gold_p8_batch4_topup_04424,pdf-9aee30154fb77cd40df7,trusted_train
gold_p8_batch4_topup_04425,pdf-9aee30154fb77cd40df7,trusted_train
gold_p8_batch4_topup_04427,pdf-9b2d9be72a9cc240c455,trusted_train
gold_p8_batch4_topup_04434,pdf-9b55d9de16ced82ccc04,trusted_train
gold_p8_batch4_topup_04435,pdf-9b55d9de16ced82ccc04,trusted_train
gold_p8_batch4_topup_04436,pdf-9b55d9de16ced82ccc04,trusted_train
gold_p8_batch4_topup_04458,pdf-9c04045c691092f04fe1,trusted_train
gold_p8_batch4_topup_04459,pdf-9c04045c691092f04fe1,trusted_train
gold_p8_batch4_topup_04460,pdf-9c04045c691092f04fe1,trusted_train
gold_p8_batch4_topup_04461,pdf-9c04045c691092f04fe1,trusted_train
gold_p8_batch4_topup_04462,pdf-9c04045c691092f04fe1,trusted_train
gold_p8_batch4_topup_04466,pdf-9c44c72ce08495831cf3,trusted_train
gold_p8_batch4_topup_04467,pdf-9c44c72ce08495831cf3,trusted_train
gold_p8_batch4_topup_04468,pdf-9c44c72ce08495831cf3,trusted_train
gold_p8_batch4_topup_04475,pdf-9c65693481a996f8610f,trusted_train
gold_p8_batch4_topup_04476,pdf-9c65693481a996f8610f,trusted_train
gold_p8_batch4_topup_04477,pdf-9c65693481a996f8610f,trusted_train
gold_p8_batch4_topup_04478,pdf-9c65693481a996f8610f,trusted_train
gold_p8_batch4_topup_04479,pdf-9c65693481a996f8610f,trusted_train
gold_p8_batch4_topup_04484,pdf-9c8fc6d7bde0e17d3d2e,trusted_train
gold_p8_batch4_topup_04485,pdf-9c8fc6d7bde0e17d3d2e,trusted_train
gold_p8_batch4_topup_04486,pdf-9cdae162fa01c1624642,trusted_train
gold_p8_batch4_topup_04487,pdf-9cdae162fa01c1624642,trusted_train
gold_p8_batch4_topup_04488,pdf-9cdae162fa01c1624642,trusted_train
gold_p8_batch4_topup_04489,pdf-9cdae162fa01c1624642,trusted_train
gold_p8_batch4_topup_04490,pdf-9cdae162fa01c1624642,trusted_train
gold_p8_batch4_topup_04503,pdf-9d66e320dd7b5b4d300f,trusted_train
gold_p8_batch4_topup_04504,pdf-9d66e320dd7b5b4d300f,trusted_train
gold_p8_batch4_topup_04505,pdf-9d66e320dd7b5b4d300f,trusted_train
gold_p8_batch4_topup_04506,pdf-9d66e320dd7b5b4d300f,trusted_train
gold_p8_batch4_topup_04507,pdf-9d66e320dd7b5b4d300f,trusted_train
gold_p8_batch4_topup_04508,pdf-9d8b2ce4c31b6a56e586,trusted_train
gold_p8_batch4_topup_04509,pdf-9d8b2ce4c31b6a56e586,trusted_train
gold_p8_batch4_topup_04510,pdf-9d8b2ce4c31b6a56e586,trusted_train
gold_p8_batch4_topup_04511,pdf-9d8b2ce4c31b6a56e586,trusted_train
gold_p8_batch4_topup_04512,pdf-9d8b2ce4c31b6a56e586,trusted_train
gold_p8_batch4_topup_04514,pdf-9d9de33883235310cb85,trusted_train
gold_p8_batch4_topup_04515,pdf-9d9de33883235310cb85,trusted_train
gold_p8_batch4_topup_04516,pdf-9d9de33883235310cb85,trusted_train
gold_p8_batch4_topup_04517,pdf-9d9de33883235310cb85,trusted_train
gold_p8_batch4_topup_04518,pdf-9d9de33883235310cb85,trusted_train
gold_p8_batch4_topup_04535,pdf-9e362b1f044c39418d5f,trusted_train
gold_p8_batch4_topup_04536,pdf-9e507d1d9dff4cfc33ce,trusted_train
gold_p8_batch4_topup_04537,pdf-9e507d1d9dff4cfc33ce,trusted_train
gold_p8_batch4_topup_04538,pdf-9e98afe18b181d5f0f26,trusted_train
gold_p8_batch4_topup_04539,pdf-9e98afe18b181d5f0f26,trusted_train
gold_p8_batch4_topup_04544,pdf-9ea25d3f9b1c0830ee12,trusted_train
gold_p8_batch4_topup_04545,pdf-9ea25d3f9b1c0830ee12,trusted_train
gold_p8_batch4_topup_04546,pdf-9ea25d3f9b1c0830ee12,trusted_train
gold_p8_batch4_topup_04547,pdf-9ec02f0e343c91576df4,trusted_train
gold_p8_batch4_topup_04548,pdf-9ec02f0e343c91576df4,trusted_train
gold_p8_batch4_topup_04549,pdf-9ec02f0e343c91576df4,trusted_train
gold_p8_batch4_topup_04550,pdf-9ec02f0e343c91576df4,trusted_train
gold_p8_batch4_topup_04551,pdf-9ec02f0e343c91576df4,trusted_train
gold_p8_batch4_topup_04557,pdf-9f1804790ffadaa66868,trusted_train
gold_p8_batch4_topup_04558,pdf-9f26ee22004f93ebea2d,trusted_train
gold_p8_batch4_topup_04559,pdf-9f26ee22004f93ebea2d,trusted_train
gold_p8_batch4_topup_04560,pdf-9f26ee22004f93ebea2d,trusted_train
gold_p8_batch4_topup_04561,pdf-9f26ee22004f93ebea2d,trusted_train
gold_p8_batch4_topup_04562,pdf-9f26ee22004f93ebea2d,trusted_train
gold_p8_batch4_topup_04573,pdf-9f9e11a5925878bf9a62,trusted_train
gold_p8_batch4_topup_04578,pdf-9fb78872c2e45bff2e97,trusted_train
gold_p8_batch4_topup_04579,pdf-9fb78872c2e45bff2e97,trusted_train
gold_p8_batch4_topup_04580,pdf-9fb78872c2e45bff2e97,trusted_train
gold_p8_batch4_topup_04581,pdf-9fb78872c2e45bff2e97,trusted_train
gold_p8_batch4_topup_04582,pdf-9fb78872c2e45bff2e97,trusted_train
gold_p8_batch4_topup_04586,pdf-9ff2aad1efb3ed775e3d,trusted_train
gold_p8_batch4_topup_04587,pdf-9ff2aad1efb3ed775e3d,trusted_train
gold_p8_batch4_topup_04588,pdf-9ff2aad1efb3ed775e3d,trusted_train
gold_p8_batch4_topup_04589,pdf-9ff2aad1efb3ed775e3d,trusted_train
gold_p8_batch4_topup_04590,pdf-9ff2aad1efb3ed775e3d,trusted_train
gold_p8_batch4_topup_04591,pdf-9ff9fd74a348a58e5b53,trusted_train
gold_p8_batch4_topup_04592,pdf-9ff9fd74a348a58e5b53,trusted_train
gold_p8_batch4_topup_04593,pdf-9ff9fd74a348a58e5b53,trusted_train
gold_p8_batch4_topup_04594,pdf-9ff9fd74a348a58e5b53,trusted_train
gold_p8_batch4_topup_04605,pdf-a08690d4552a56b077cd,trusted_train
gold_p8_batch4_topup_04606,pdf-a08690d4552a56b077cd,trusted_train
gold_p8_batch4_topup_04607,pdf-a08690d4552a56b077cd,trusted_train
gold_p8_batch4_topup_04608,pdf-a08690d4552a56b077cd,trusted_train
gold_p8_batch4_topup_04609,pdf-a08690d4552a56b077cd,trusted_train
gold_p8_batch4_topup_04624,pdf-a0da80e63d93a676dae9,trusted_train
gold_p8_batch4_topup_04625,pdf-a0da80e63d93a676dae9,trusted_train
gold_p8_batch4_topup_04631,pdf-a0fde166f5b10f34dfec,trusted_train
gold_p8_batch4_topup_04632,pdf-a0feae5050135249587b,trusted_train
gold_p8_batch4_topup_04633,pdf-a0feae5050135249587b,trusted_train
gold_p8_batch4_topup_04634,pdf-a0feae5050135249587b,trusted_train
gold_p8_batch4_topup_04635,pdf-a0feae5050135249587b,trusted_train
gold_p8_batch4_topup_04641,pdf-a13957800b3995546b0c,trusted_train
gold_p8_batch4_topup_04642,pdf-a13957800b3995546b0c,trusted_train
gold_p8_batch4_topup_04643,pdf-a13957800b3995546b0c,trusted_train
gold_p8_batch4_topup_04644,pdf-a13957800b3995546b0c,trusted_train
gold_p8_batch4_topup_04649,pdf-a1bf0fcc47e8cd281bc7,trusted_train
gold_p8_batch4_topup_04650,pdf-a1bf0fcc47e8cd281bc7,trusted_train
gold_p8_batch4_topup_04651,pdf-a1bf0fcc47e8cd281bc7,trusted_train
gold_p8_batch4_topup_04652,pdf-a1bf0fcc47e8cd281bc7,trusted_train
gold_p8_batch4_topup_04653,pdf-a1bf0fcc47e8cd281bc7,trusted_train
gold_p8_batch4_topup_04656,pdf-a1c664fed3ba71c0ef33,trusted_train
gold_p8_batch4_topup_04657,pdf-a1c664fed3ba71c0ef33,trusted_train
gold_p8_batch4_topup_04660,pdf-a21d0a1a859c2e53c9b3,trusted_train
gold_p8_batch4_topup_04669,pdf-a22ecf7f5db4e7e3ca19,trusted_train
gold_p8_batch4_topup_04670,pdf-a22ecf7f5db4e7e3ca19,trusted_train
gold_p8_batch4_topup_04671,pdf-a22ecf7f5db4e7e3ca19,trusted_train
gold_p8_batch4_topup_04672,pdf-a22ecf7f5db4e7e3ca19,trusted_train
gold_p8_batch4_topup_04673,pdf-a22ecf7f5db4e7e3ca19,trusted_train
gold_p8_batch4_topup_04683,pdf-a27c293b19cd94097dac,trusted_train
gold_p8_batch4_topup_04684,pdf-a27c293b19cd94097dac,trusted_train
gold_p8_batch4_topup_04685,pdf-a27c293b19cd94097dac,trusted_train
gold_p8_batch4_topup_04695,pdf-a2c8473a434ee76f274b,trusted_train
gold_p8_batch4_topup_04696,pdf-a2c8473a434ee76f274b,trusted_train
gold_p8_batch4_topup_04703,pdf-a304ee073a9153ac137b,trusted_train
gold_p8_batch4_topup_04704,pdf-a304ee073a9153ac137b,trusted_train
gold_p8_batch4_topup_04709,pdf-a33c0f7fbaba7aa59592,trusted_train
gold_p8_batch4_topup_04710,pdf-a33c0f7fbaba7aa59592,trusted_train
gold_p8_batch4_topup_04711,pdf-a33c0f7fbaba7aa59592,trusted_train
gold_p8_batch4_topup_04712,pdf-a33c0f7fbaba7aa59592,trusted_train
gold_p8_batch4_topup_04713,pdf-a33c0f7fbaba7aa59592,trusted_train
gold_p8_batch4_topup_04718,pdf-a35823ecde7a77050087,trusted_train
gold_p8_batch4_topup_04719,pdf-a35823ecde7a77050087,trusted_train
gold_p8_batch4_topup_04720,pdf-a35823ecde7a77050087,trusted_train
gold_p8_batch4_topup_04721,pdf-a35823ecde7a77050087,trusted_train
gold_p8_batch4_topup_04722,pdf-a35823ecde7a77050087,trusted_train
gold_p8_batch4_topup_04723,pdf-a35878a50b24f8cf4df7,trusted_train
gold_p8_batch4_topup_04724,pdf-a35878a50b24f8cf4df7,trusted_train
gold_p8_batch4_topup_04725,pdf-a35878a50b24f8cf4df7,trusted_train
gold_p8_batch4_topup_04726,pdf-a35878a50b24f8cf4df7,trusted_train
gold_p8_batch4_topup_04727,pdf-a35878a50b24f8cf4df7,trusted_train
gold_p8_batch4_topup_04734,pdf-a38eea67a4a09f88e8ed,trusted_train
gold_p8_batch4_topup_04735,pdf-a38eea67a4a09f88e8ed,trusted_train
gold_p8_batch4_topup_04736,pdf-a38eea67a4a09f88e8ed,trusted_train
gold_p8_batch4_topup_04737,pdf-a38eea67a4a09f88e8ed,trusted_train
gold_p8_batch4_topup_04738,pdf-a38eea67a4a09f88e8ed,trusted_train
gold_p8_batch4_topup_04739,pdf-a3997d0b77fe1a2501e9,trusted_train
gold_p8_batch4_topup_04740,pdf-a3997d0b77fe1a2501e9,trusted_train
gold_p8_batch4_topup_04741,pdf-a3997d0b77fe1a2501e9,trusted_train
gold_p8_batch4_topup_04752,pdf-a3d98d9ae8f41751fb1e,trusted_train
gold_p8_batch4_topup_04753,pdf-a3d98d9ae8f41751fb1e,trusted_train
gold_p8_batch4_topup_04754,pdf-a3d98d9ae8f41751fb1e,trusted_train
gold_p8_batch4_topup_04755,pdf-a3d98d9ae8f41751fb1e,trusted_train
gold_p8_batch4_topup_04756,pdf-a3d98d9ae8f41751fb1e,trusted_train
gold_p8_batch4_topup_04763,pdf-a4285c304e74de55b500,trusted_train
gold_p8_batch4_topup_04764,pdf-a4285c304e74de55b500,trusted_train
gold_p8_batch4_topup_04765,pdf-a4285c304e74de55b500,trusted_train
gold_p8_batch4_topup_04766,pdf-a4285c304e74de55b500,trusted_train
gold_p8_batch4_topup_04767,pdf-a4285c304e74de55b500,trusted_train
gold_p8_batch4_topup_04768,pdf-a42a2d16d6ad7742e384,trusted_train
gold_p8_batch4_topup_04773,pdf-a4491d16c991411aa9dc,trusted_train
gold_p8_batch4_topup_04774,pdf-a4491d16c991411aa9dc,trusted_train
gold_p8_batch4_topup_04775,pdf-a4491d16c991411aa9dc,trusted_train
gold_p8_batch4_topup_04776,pdf-a4491d16c991411aa9dc,trusted_train
gold_p8_batch4_topup_04777,pdf-a4491d16c991411aa9dc,trusted_train
gold_p8_batch4_topup_04788,pdf-a4db51ccf7a90e681855,trusted_train
gold_p8_batch4_topup_04789,pdf-a4db51ccf7a90e681855,trusted_train
gold_p8_batch4_topup_04790,pdf-a4db51ccf7a90e681855,trusted_train
gold_p8_batch4_topup_04791,pdf-a501c79e73031cd1a684,trusted_train
gold_p8_batch4_topup_04792,pdf-a501c79e73031cd1a684,trusted_train
gold_p8_batch4_topup_04793,pdf-a501c79e73031cd1a684,trusted_train
gold_p8_batch4_topup_04794,pdf-a501c79e73031cd1a684,trusted_train
gold_p8_batch4_topup_04795,pdf-a501c79e73031cd1a684,trusted_train
gold_p8_batch4_topup_04800,pdf-a543787cc2e2faa2f9c7,trusted_train
gold_p8_batch4_topup_04801,pdf-a543787cc2e2faa2f9c7,trusted_train
gold_p8_batch4_topup_04802,pdf-a543787cc2e2faa2f9c7,trusted_train
gold_p8_batch4_topup_04803,pdf-a543787cc2e2faa2f9c7,trusted_train
gold_p8_batch4_topup_04804,pdf-a543787cc2e2faa2f9c7,trusted_train
gold_p8_batch4_topup_04809,pdf-a593097ee6cf2354b6a2,trusted_train
gold_p8_batch4_topup_04810,pdf-a593097ee6cf2354b6a2,trusted_train
gold_p8_batch4_topup_04811,pdf-a593097ee6cf2354b6a2,trusted_train
gold_p8_batch4_topup_04812,pdf-a593097ee6cf2354b6a2,trusted_train
gold_p8_batch4_topup_04813,pdf-a593097ee6cf2354b6a2,trusted_train
gold_p8_batch4_topup_04815,pdf-a5a3de5541eada4de0d8,trusted_train
gold_p8_batch4_topup_04816,pdf-a5a3de5541eada4de0d8,trusted_train
gold_p8_batch4_topup_04818,pdf-a5ab3c0af95ad8cdcde1,trusted_train
gold_p8_batch4_topup_04819,pdf-a5ab3c0af95ad8cdcde1,trusted_train
gold_p8_batch4_topup_04820,pdf-a5ab3c0af95ad8cdcde1,trusted_train
gold_p8_batch4_topup_04821,pdf-a5ab3c0af95ad8cdcde1,trusted_train
gold_p8_batch4_topup_04822,pdf-a5ab3c0af95ad8cdcde1,trusted_train
gold_p8_batch4_topup_04827,pdf-a5f63a6790a6a740d08a,trusted_train
gold_p8_batch4_topup_04828,pdf-a5f63a6790a6a740d08a,trusted_train
gold_p8_batch4_topup_04829,pdf-a5f63a6790a6a740d08a,trusted_train
gold_p8_batch4_topup_04830,pdf-a5f63a6790a6a740d08a,trusted_train
gold_p8_batch4_topup_04831,pdf-a5f63a6790a6a740d08a,trusted_train
gold_p8_batch4_topup_04834,pdf-a687e147297ba6f2a8bf,trusted_train
gold_p8_batch4_topup_04835,pdf-a687e147297ba6f2a8bf,trusted_train
gold_p8_batch4_topup_04836,pdf-a687e147297ba6f2a8bf,trusted_train
gold_p8_batch4_topup_04837,pdf-a687e147297ba6f2a8bf,trusted_train
gold_p8_batch4_topup_04838,pdf-a695229c208fda9dc579,trusted_train
gold_p8_batch4_topup_04839,pdf-a695229c208fda9dc579,trusted_train
gold_p8_batch4_topup_04843,pdf-a6e2e1c05fda45f9c4c4,trusted_train
gold_p8_batch4_topup_04844,pdf-a6e2e1c05fda45f9c4c4,trusted_train
gold_p8_batch4_topup_04845,pdf-a6e2e1c05fda45f9c4c4,trusted_train
gold_p8_batch4_topup_04846,pdf-a6e2e1c05fda45f9c4c4,trusted_train
gold_p8_batch4_topup_04847,pdf-a6e2e1c05fda45f9c4c4,trusted_train
gold_p8_batch4_topup_04848,pdf-a6f455853adaede198de,trusted_train
gold_p8_batch4_topup_04849,pdf-a6f455853adaede198de,trusted_train
gold_p8_batch4_topup_04850,pdf-a6f455853adaede198de,trusted_train
gold_p8_batch4_topup_04851,pdf-a6f455853adaede198de,trusted_train
gold_p8_batch4_topup_04852,pdf-a6fa5af6803cca78311e,trusted_train
gold_p8_batch4_topup_04853,pdf-a6fa5af6803cca78311e,trusted_train
gold_p8_batch4_topup_04854,pdf-a6fa5af6803cca78311e,trusted_train
gold_p8_batch4_topup_04855,pdf-a6fa5af6803cca78311e,trusted_train
gold_p8_batch4_topup_04856,pdf-a6fa5af6803cca78311e,trusted_train
gold_p8_batch4_topup_04862,pdf-a754a9ac1ba0ab980222,trusted_train
gold_p8_batch4_topup_04863,pdf-a754a9ac1ba0ab980222,trusted_train
gold_p8_batch4_topup_04864,pdf-a754a9ac1ba0ab980222,trusted_train
gold_p8_batch4_topup_04865,pdf-a754a9ac1ba0ab980222,trusted_train
gold_p8_batch4_topup_04866,pdf-a754a9ac1ba0ab980222,trusted_train
gold_p8_batch4_topup_04873,pdf-a7c92a7d76cd0b59d52c,trusted_train
gold_p8_batch4_topup_04874,pdf-a7c92a7d76cd0b59d52c,trusted_train
gold_p8_batch4_topup_04886,pdf-a854b0c2d61b6029467f,trusted_train
gold_p8_batch4_topup_04887,pdf-a854b0c2d61b6029467f,trusted_train
gold_p8_batch4_topup_04888,pdf-a854b0c2d61b6029467f,trusted_train
gold_p8_batch4_topup_04889,pdf-a854b0c2d61b6029467f,trusted_train
gold_p8_batch4_topup_04890,pdf-a854b0c2d61b6029467f,trusted_train
gold_p8_batch4_topup_04893,pdf-a874722c6bb6be29ef4e,trusted_train
gold_p8_batch4_topup_04895,pdf-a874722c6bb6be29ef4e,trusted_train
gold_p8_batch4_topup_04896,pdf-a874722c6bb6be29ef4e,trusted_train
gold_p8_batch4_topup_04897,pdf-a874722c6bb6be29ef4e,trusted_train
gold_p8_batch4_topup_04898,pdf-a879f5c55762e797f4ce,trusted_train
gold_p8_batch4_topup_04899,pdf-a879f5c55762e797f4ce,trusted_train
gold_p8_batch4_topup_04902,pdf-a8c8da454123ca4b48e8,trusted_train
gold_p8_batch4_topup_04903,pdf-a8c8da454123ca4b48e8,trusted_train
gold_p8_batch4_topup_04904,pdf-a8c8da454123ca4b48e8,trusted_train
gold_p8_batch4_topup_04908,pdf-a9193306c7898e95bae2,trusted_train
gold_p8_batch4_topup_04909,pdf-a9193306c7898e95bae2,trusted_train
gold_p8_batch4_topup_04910,pdf-a9193306c7898e95bae2,trusted_train
gold_p8_batch4_topup_04911,pdf-a9213e177b1d49a491db,trusted_train
gold_p8_batch4_topup_04912,pdf-a936b8cc21360bd35a44,trusted_train
gold_p8_batch4_topup_04913,pdf-a936b8cc21360bd35a44,trusted_train
gold_p8_batch4_topup_04914,pdf-a936b8cc21360bd35a44,trusted_train
gold_p8_batch4_topup_04915,pdf-a936b8cc21360bd35a44,trusted_train
gold_p8_batch4_topup_04916,pdf-a936b8cc21360bd35a44,trusted_train
gold_p8_batch4_topup_04927,pdf-a9c52025814ce2fcf886,trusted_train
gold_p8_batch4_topup_04928,pdf-a9c52025814ce2fcf886,trusted_train
gold_p8_batch4_topup_04929,pdf-a9c52025814ce2fcf886,trusted_train
gold_p8_batch4_topup_04930,pdf-a9c52025814ce2fcf886,trusted_train
gold_p8_batch4_topup_04931,pdf-a9c52025814ce2fcf886,trusted_train
gold_p8_batch4_topup_04934,pdf-a9f1121da2a3cebe1b94,trusted_train
gold_p8_batch4_topup_04935,pdf-a9f1121da2a3cebe1b94,trusted_train
gold_p8_batch4_topup_04936,pdf-a9f1121da2a3cebe1b94,trusted_train
gold_p8_batch4_topup_04937,pdf-a9f1121da2a3cebe1b94,trusted_train
gold_p8_batch4_topup_04938,pdf-a9f1121da2a3cebe1b94,trusted_train
gold_p8_batch4_topup_04939,pdf-a9fa7a4f52ad18edf575,trusted_train
gold_p8_batch4_topup_04940,pdf-aa088d8f468dce6b914a,trusted_train
gold_p8_batch4_topup_04948,pdf-aa8a381b3df166dcad19,trusted_train
gold_p8_batch4_topup_04949,pdf-aa8a381b3df166dcad19,trusted_train
gold_p8_batch4_topup_04950,pdf-aa8a381b3df166dcad19,trusted_train
gold_p8_batch4_topup_04951,pdf-aa8a381b3df166dcad19,trusted_train
gold_p8_batch4_topup_04952,pdf-aa8a381b3df166dcad19,trusted_train
gold_p8_batch4_topup_04953,pdf-aa976facfc803a5038dc,trusted_train
gold_p8_batch4_topup_04954,pdf-aa976facfc803a5038dc,trusted_train
gold_p8_batch4_topup_04955,pdf-aa976facfc803a5038dc,trusted_train
gold_p8_batch4_topup_04956,pdf-aaa8cef5dbc360ef0b90,trusted_train
gold_p8_batch4_topup_04957,pdf-aacda7017e72bb86f322,trusted_train
gold_p8_batch4_topup_04958,pdf-aacda7017e72bb86f322,trusted_train
gold_p8_batch4_topup_04959,pdf-aacda7017e72bb86f322,trusted_train
gold_p8_batch4_topup_04960,pdf-aacda7017e72bb86f322,trusted_train
gold_p8_batch4_topup_04961,pdf-aacda7017e72bb86f322,trusted_train
gold_p8_batch4_topup_04973,pdf-ab42194c9b1edb7f8775,trusted_train
gold_p8_batch4_topup_04974,pdf-ab42194c9b1edb7f8775,trusted_train
gold_p8_batch4_topup_04975,pdf-ab675d7f06bbc1428aa6,trusted_train
gold_p8_batch4_topup_04976,pdf-ab675d7f06bbc1428aa6,trusted_train
gold_p8_batch4_topup_04977,pdf-ab675d7f06bbc1428aa6,trusted_train
gold_p8_batch4_topup_04978,pdf-ab675d7f06bbc1428aa6,trusted_train
gold_p8_batch4_topup_04979,pdf-ab675d7f06bbc1428aa6,trusted_train
gold_p8_batch4_topup_04983,pdf-ab932b4ff31ca62eeb49,trusted_train
gold_p8_batch4_topup_04984,pdf-abc2bfb793c4504b14b0,trusted_train
gold_p8_batch4_topup_04985,pdf-abc2bfb793c4504b14b0,trusted_train
gold_p8_batch4_topup_04986,pdf-abc2bfb793c4504b14b0,trusted_train
gold_p8_batch4_topup_04993,pdf-ac00d36c2902aa7310c8,trusted_train
gold_p8_batch4_topup_04994,pdf-ac00d36c2902aa7310c8,trusted_train
gold_p8_batch4_topup_05000,pdf-ac79d1f4ad714cb10585,trusted_train
gold_p8_batch4_topup_05001,pdf-ac79d1f4ad714cb10585,trusted_train
gold_p8_batch4_topup_05002,pdf-ac79d1f4ad714cb10585,trusted_train
gold_p8_batch4_topup_05003,pdf-ac79d1f4ad714cb10585,trusted_train
gold_p8_batch4_topup_05004,pdf-ac8365b6b45a93815b80,trusted_train
gold_p8_batch4_topup_05005,pdf-ac8365b6b45a93815b80,trusted_train
gold_p8_batch4_topup_05006,pdf-ac8365b6b45a93815b80,trusted_train
gold_p8_batch4_topup_05007,pdf-ac8365b6b45a93815b80,trusted_train
gold_p8_batch4_topup_05008,pdf-ac8365b6b45a93815b80,trusted_train
gold_p8_batch4_topup_05011,pdf-ac911961ec4c3e60810a,trusted_train
gold_p8_batch4_topup_05012,pdf-ac911961ec4c3e60810a,trusted_train
gold_p8_batch4_topup_05013,pdf-ac92ad60e063614ad023,trusted_train
gold_p8_batch4_topup_05016,pdf-acae05ef063fca1c35b5,trusted_train
gold_p8_batch4_topup_05017,pdf-acae05ef063fca1c35b5,trusted_train
gold_p8_batch4_topup_05018,pdf-acae05ef063fca1c35b5,trusted_train
gold_p8_batch4_topup_05019,pdf-acae05ef063fca1c35b5,trusted_train
gold_p8_batch4_topup_05020,pdf-acae05ef063fca1c35b5,trusted_train
gold_p8_batch4_topup_05021,pdf-acb1ca85e9cc8f5622c1,trusted_train
gold_p8_batch4_topup_05022,pdf-acb1ca85e9cc8f5622c1,trusted_train
gold_p8_batch4_topup_05023,pdf-acb1ca85e9cc8f5622c1,trusted_train
gold_p8_batch4_topup_05024,pdf-acb1ca85e9cc8f5622c1,trusted_train
gold_p8_batch4_topup_05025,pdf-acb1ca85e9cc8f5622c1,trusted_train
gold_p8_batch4_topup_05030,pdf-ace14cee3f758a8305cb,trusted_train
gold_p8_batch4_topup_05036,pdf-ad4eeb78ba130341c63b,trusted_train
gold_p8_batch4_topup_05037,pdf-ad4eeb78ba130341c63b,trusted_train
gold_p8_batch4_topup_05038,pdf-ad4eeb78ba130341c63b,trusted_train
gold_p8_batch4_topup_05039,pdf-ad4eeb78ba130341c63b,trusted_train
gold_p8_batch4_topup_05040,pdf-ad4eeb78ba130341c63b,trusted_train
gold_p8_batch4_topup_05041,pdf-ad8a62af95bc099cc9ae,trusted_train
gold_p8_batch4_topup_05042,pdf-ad8a62af95bc099cc9ae,trusted_train
gold_p8_batch4_topup_05043,pdf-ad8a62af95bc099cc9ae,trusted_train
gold_p8_batch4_topup_05044,pdf-ad8a62af95bc099cc9ae,trusted_train
gold_p8_batch4_topup_05058,pdf-ae81faedafea8d9acec7,trusted_train
gold_p8_batch4_topup_05072,pdf-af3204215f65f83f1ded,trusted_train
gold_p8_batch4_topup_05073,pdf-af3204215f65f83f1ded,trusted_train
gold_p8_batch4_topup_05074,pdf-af3204215f65f83f1ded,trusted_train
gold_p8_batch4_topup_05075,pdf-af3204215f65f83f1ded,trusted_train
gold_p8_batch4_topup_05076,pdf-af3204215f65f83f1ded,trusted_train
gold_p8_batch4_topup_05079,pdf-af54a40b0e1c80d57c20,trusted_train
gold_p8_batch4_topup_05080,pdf-af54a40b0e1c80d57c20,trusted_train
gold_p8_batch4_topup_05081,pdf-af54a40b0e1c80d57c20,trusted_train
gold_p8_batch4_topup_05082,pdf-af54a40b0e1c80d57c20,trusted_train
gold_p8_batch4_topup_05083,pdf-af54a40b0e1c80d57c20,trusted_train
gold_p8_batch4_topup_05089,pdf-af8de1519b8283010b09,trusted_train
gold_p8_batch4_topup_05090,pdf-af8de1519b8283010b09,trusted_train
gold_p8_batch4_topup_05091,pdf-af8de1519b8283010b09,trusted_train
gold_p8_batch4_topup_05093,pdf-af9ad6e560a001ef93ec,trusted_train
gold_p8_batch4_topup_05094,pdf-af9ad6e560a001ef93ec,trusted_train
gold_p8_batch4_topup_05095,pdf-af9ad6e560a001ef93ec,trusted_train
gold_p8_batch4_topup_05096,pdf-af9ad6e560a001ef93ec,trusted_train
gold_p8_batch4_topup_05097,pdf-af9ad6e560a001ef93ec,trusted_train
gold_p8_batch4_topup_05100,pdf-afb463d458fb222cdfb2,trusted_train
gold_p8_batch4_topup_05109,pdf-b0083a8676d197d27caf,trusted_train
gold_p8_batch4_topup_05110,pdf-b0083a8676d197d27caf,trusted_train
gold_p8_batch4_topup_05111,pdf-b0083a8676d197d27caf,trusted_train
gold_p8_batch4_topup_05112,pdf-b0083a8676d197d27caf,trusted_train
gold_p8_batch4_topup_05126,pdf-b0b1e1cfb79ea65a3987,trusted_train
gold_p8_batch4_topup_05127,pdf-b0b1e1cfb79ea65a3987,trusted_train
gold_p8_batch4_topup_05128,pdf-b0b1e1cfb79ea65a3987,trusted_train
gold_p8_batch4_topup_05129,pdf-b0b1e1cfb79ea65a3987,trusted_train
gold_p8_batch4_topup_05130,pdf-b0b1e1cfb79ea65a3987,trusted_train
gold_p8_batch4_topup_05131,pdf-b0b54b24764f44bf6eac,trusted_train
gold_p8_batch4_topup_05132,pdf-b0cd08b50c111dcb059d,trusted_train
gold_p8_batch4_topup_05133,pdf-b0cd08b50c111dcb059d,trusted_train
gold_p8_batch4_topup_05134,pdf-b0cd08b50c111dcb059d,trusted_train
gold_p8_batch4_topup_05139,pdf-b0edea6d476b2f67a83b,trusted_train
gold_p8_batch4_topup_05140,pdf-b0edea6d476b2f67a83b,trusted_train
gold_p8_batch4_topup_05141,pdf-b0edea6d476b2f67a83b,trusted_train
gold_p8_batch4_topup_05142,pdf-b0fd437c4ec6a5d01d32,trusted_train
gold_p8_batch4_topup_05143,pdf-b0fd437c4ec6a5d01d32,trusted_train
gold_p8_batch4_topup_05144,pdf-b0fd437c4ec6a5d01d32,trusted_train
gold_p8_batch4_topup_05145,pdf-b0fd437c4ec6a5d01d32,trusted_train
gold_p8_batch4_topup_05146,pdf-b0fd437c4ec6a5d01d32,trusted_train
gold_p8_batch4_topup_05147,pdf-b1302827b7d713742081,trusted_train
gold_p8_batch4_topup_05148,pdf-b1302827b7d713742081,trusted_train
gold_p8_batch4_topup_05149,pdf-b1302827b7d713742081,trusted_train
gold_p8_batch4_topup_05150,pdf-b15df7908c1af518a52a,trusted_train
gold_p8_batch4_topup_05151,pdf-b15df7908c1af518a52a,trusted_train
gold_p8_batch4_topup_05152,pdf-b17da6b6f9311067ef41,trusted_train
gold_p8_batch4_topup_05153,pdf-b195a947abd8ea82c47d,trusted_train
gold_p8_batch4_topup_05154,pdf-b1ba114a256477ca0506,trusted_train
gold_p8_batch4_topup_05159,pdf-b1f63e3908d81003985a,trusted_train
gold_p8_batch4_topup_05160,pdf-b1f63e3908d81003985a,trusted_train
gold_p8_batch4_topup_05161,pdf-b1f63e3908d81003985a,trusted_train
gold_p8_batch4_topup_05162,pdf-b1f63e3908d81003985a,trusted_train
gold_p8_batch4_topup_05163,pdf-b1fe10770285d43fc9ec,trusted_train
gold_p8_batch4_topup_05164,pdf-b1fe10770285d43fc9ec,trusted_train
gold_p8_batch4_topup_05165,pdf-b1fe10770285d43fc9ec,trusted_train
gold_p8_batch4_topup_05166,pdf-b1fe10770285d43fc9ec,trusted_train
gold_p8_batch4_topup_05167,pdf-b1fe10770285d43fc9ec,trusted_train
gold_p8_batch4_topup_05168,pdf-b22489b7260caf4cfbce,trusted_train
gold_p8_batch4_topup_05169,pdf-b22489b7260caf4cfbce,trusted_train
gold_p8_batch4_topup_05173,pdf-b229b95c4725ce46d493,trusted_train
gold_p8_batch4_topup_05174,pdf-b229b95c4725ce46d493,trusted_train
gold_p8_batch4_topup_05175,pdf-b229b95c4725ce46d493,trusted_train
gold_p8_batch4_topup_05176,pdf-b229b95c4725ce46d493,trusted_train
gold_p8_batch4_topup_05180,pdf-b26b9727943956dae32e,trusted_train
gold_p8_batch4_topup_05181,pdf-b26b9727943956dae32e,trusted_train
gold_p8_batch4_topup_05182,pdf-b26b9727943956dae32e,trusted_train
gold_p8_batch4_topup_05183,pdf-b26b9727943956dae32e,trusted_train
gold_p8_batch4_topup_05184,pdf-b26b9727943956dae32e,trusted_train
gold_p8_batch4_topup_05185,pdf-b28cae654d3427572548,trusted_train
gold_p8_batch4_topup_05190,pdf-b2bc248cebea2968b7d9,trusted_train
gold_p8_batch4_topup_05191,pdf-b2bc248cebea2968b7d9,trusted_train
gold_p8_batch4_topup_05192,pdf-b2bc248cebea2968b7d9,trusted_train
gold_p8_batch4_topup_05193,pdf-b2bc248cebea2968b7d9,trusted_train
gold_p8_batch4_topup_05194,pdf-b2bc248cebea2968b7d9,trusted_train
gold_p8_batch4_topup_05196,pdf-b34096b7352238aa3f1e,trusted_train
gold_p8_batch4_topup_05199,pdf-b3623e8b615bbd8b3930,trusted_train
gold_p8_batch4_topup_05200,pdf-b3623e8b615bbd8b3930,trusted_train
gold_p8_batch4_topup_05201,pdf-b3623e8b615bbd8b3930,trusted_train
gold_p8_batch4_topup_05206,pdf-b399ef5a30bb91f9a23b,trusted_train
gold_p8_batch4_topup_05207,pdf-b399ef5a30bb91f9a23b,trusted_train
gold_p8_batch4_topup_05208,pdf-b399ef5a30bb91f9a23b,trusted_train
gold_p8_batch4_topup_05218,pdf-b3e4c404bad4b353a261,trusted_train
gold_p8_batch4_topup_05219,pdf-b3e4c404bad4b353a261,trusted_train
gold_p8_batch4_topup_05220,pdf-b3e4c404bad4b353a261,trusted_train
gold_p8_batch4_topup_05221,pdf-b3e4c404bad4b353a261,trusted_train
gold_p8_batch4_topup_05228,pdf-b42c4dcf612d73761406,trusted_train
gold_p8_batch4_topup_05229,pdf-b42e00fc7aa067bc2bd3,trusted_train
gold_p8_batch4_topup_05230,pdf-b42e00fc7aa067bc2bd3,trusted_train
gold_p8_batch4_topup_05231,pdf-b42e00fc7aa067bc2bd3,trusted_train
gold_p8_batch4_topup_05232,pdf-b42e00fc7aa067bc2bd3,trusted_train
gold_p8_batch4_topup_05233,pdf-b42e00fc7aa067bc2bd3,trusted_train
gold_p8_batch4_topup_05249,pdf-b4984e7900b34223a878,trusted_train
gold_p8_batch4_topup_05250,pdf-b4984e7900b34223a878,trusted_train
gold_p8_batch4_topup_05251,pdf-b4984e7900b34223a878,trusted_train
gold_p8_batch4_topup_05252,pdf-b498795d6ea7637ce169,trusted_train
gold_p8_batch4_topup_05253,pdf-b498795d6ea7637ce169,trusted_train
gold_p8_batch4_topup_05254,pdf-b498795d6ea7637ce169,trusted_train
gold_p8_batch4_topup_05255,pdf-b498795d6ea7637ce169,trusted_train
gold_p8_batch4_topup_05256,pdf-b498795d6ea7637ce169,trusted_train
gold_p8_batch4_topup_05260,pdf-b4f62100dc2c3c033d8c,trusted_train
gold_p8_batch4_topup_05261,pdf-b4f62100dc2c3c033d8c,trusted_train
gold_p8_batch4_topup_05262,pdf-b4f62100dc2c3c033d8c,trusted_train
gold_p8_batch4_topup_05263,pdf-b4f62100dc2c3c033d8c,trusted_train
gold_p8_batch4_topup_05264,pdf-b4f62100dc2c3c033d8c,trusted_train
gold_p8_batch4_topup_05271,pdf-b53f9a4bc336df7df3b6,trusted_train
gold_p8_batch4_topup_05272,pdf-b53f9a4bc336df7df3b6,trusted_train
gold_p8_batch4_topup_05273,pdf-b53f9a4bc336df7df3b6,trusted_train
gold_p8_batch4_topup_05274,pdf-b53f9a4bc336df7df3b6,trusted_train
gold_p8_batch4_topup_05275,pdf-b53f9a4bc336df7df3b6,trusted_train
gold_p8_batch4_topup_05276,pdf-b5418f91dd0ea655aaad,trusted_train
gold_p8_batch4_topup_05277,pdf-b5418f91dd0ea655aaad,trusted_train
gold_p8_batch4_topup_05278,pdf-b5418f91dd0ea655aaad,trusted_train
gold_p8_batch4_topup_05279,pdf-b5418f91dd0ea655aaad,trusted_train
gold_p8_batch4_topup_05284,pdf-b569f006064eee8bf735,trusted_train
gold_p8_batch4_topup_05285,pdf-b569f006064eee8bf735,trusted_train
gold_p8_batch4_topup_05287,pdf-b569f006064eee8bf735,trusted_train
gold_p8_batch4_topup_05288,pdf-b569f006064eee8bf735,trusted_train
gold_p8_batch4_topup_05295,pdf-b5a1a942247f08bc16d5,trusted_train
gold_p8_batch4_topup_05296,pdf-b5a1a942247f08bc16d5,trusted_train
gold_p8_batch4_topup_05297,pdf-b5a1a942247f08bc16d5,trusted_train
gold_p8_batch4_topup_05298,pdf-b5a1a942247f08bc16d5,trusted_train
gold_p8_batch4_topup_05299,pdf-b5a1a942247f08bc16d5,trusted_train
gold_p8_batch4_topup_05304,pdf-b5d3d3d11e02cb5770a7,trusted_train
gold_p8_batch4_topup_05305,pdf-b5d3d3d11e02cb5770a7,trusted_train
gold_p8_batch4_topup_05306,pdf-b5d3d3d11e02cb5770a7,trusted_train
gold_p8_batch4_topup_05307,pdf-b5d3d3d11e02cb5770a7,trusted_train
gold_p8_batch4_topup_05308,pdf-b5d3d3d11e02cb5770a7,trusted_train
gold_p8_batch4_topup_05309,pdf-b5e0b3fe8db38964e4e8,trusted_train
gold_p8_batch4_topup_05312,pdf-b5e85fcb923a4a3729d7,trusted_train
gold_p8_batch4_topup_05313,pdf-b5e85fcb923a4a3729d7,trusted_train
gold_p8_batch4_topup_05314,pdf-b5e85fcb923a4a3729d7,trusted_train
gold_p8_batch4_topup_05315,pdf-b5e85fcb923a4a3729d7,trusted_train
gold_p8_batch4_topup_05316,pdf-b5e85fcb923a4a3729d7,trusted_train
gold_p8_batch4_topup_05321,pdf-b62dbbc7b151b8d7d21b,trusted_train
gold_p8_batch4_topup_05322,pdf-b62dbbc7b151b8d7d21b,trusted_train
gold_p8_batch4_topup_05323,pdf-b62dbbc7b151b8d7d21b,trusted_train
gold_p8_batch4_topup_05324,pdf-b62dbbc7b151b8d7d21b,trusted_train
gold_p8_batch4_topup_05329,pdf-b6caff820185ae53994f,trusted_train
gold_p8_batch4_topup_05345,pdf-b752757aaa734b369593,trusted_train
gold_p8_batch4_topup_05346,pdf-b752757aaa734b369593,trusted_train
gold_p8_batch4_topup_05368,pdf-b8a139cda92ccd00647b,trusted_train
gold_p8_batch4_topup_05369,pdf-b8a139cda92ccd00647b,trusted_train
gold_p8_batch4_topup_05370,pdf-b8a139cda92ccd00647b,trusted_train
gold_p8_batch4_topup_05378,pdf-b8ff463f8a1d7fe4acb3,trusted_train
gold_p8_batch4_topup_05379,pdf-b8ff463f8a1d7fe4acb3,trusted_train
gold_p8_batch4_topup_05380,pdf-b8ff463f8a1d7fe4acb3,trusted_train
gold_p8_batch4_topup_05381,pdf-b8ff463f8a1d7fe4acb3,trusted_train
gold_p8_batch4_topup_05382,pdf-b8ff463f8a1d7fe4acb3,trusted_train
gold_p8_batch4_topup_05383,pdf-b964111012093fe676e0,trusted_train
gold_p8_batch4_topup_05384,pdf-b964111012093fe676e0,trusted_train
gold_p8_batch4_topup_05385,pdf-b964111012093fe676e0,trusted_train
gold_p8_batch4_topup_05386,pdf-b964111012093fe676e0,trusted_train
gold_p8_batch4_topup_05397,pdf-b9a4a03dc796c6919263,trusted_train
gold_p8_batch4_topup_05398,pdf-b9a4a03dc796c6919263,trusted_train
gold_p8_batch4_topup_05399,pdf-b9a4a03dc796c6919263,trusted_train
gold_p8_batch4_topup_05400,pdf-b9a4a03dc796c6919263,trusted_train
gold_p8_batch4_topup_05401,pdf-b9a4a03dc796c6919263,trusted_train
gold_p8_batch4_topup_05402,pdf-b9a4c1e5a59a6ba10fc0,trusted_train
gold_p8_batch4_topup_05403,pdf-b9a4c1e5a59a6ba10fc0,trusted_train
gold_p8_batch4_topup_05404,pdf-b9a4c1e5a59a6ba10fc0,trusted_train
gold_p8_batch4_topup_05405,pdf-b9a4c1e5a59a6ba10fc0,trusted_train
gold_p8_batch4_topup_05406,pdf-b9a4c1e5a59a6ba10fc0,trusted_train
gold_p8_batch4_topup_05413,pdf-b9dba31cf715c85465ee,trusted_train
gold_p8_batch4_topup_05414,pdf-b9dba31cf715c85465ee,trusted_train
gold_p8_batch4_topup_05415,pdf-b9dba31cf715c85465ee,trusted_train
gold_p8_batch4_topup_05429,pdf-ba83f29e13133ec98756,trusted_train
gold_p8_batch4_topup_05431,pdf-ba83f29e13133ec98756,trusted_train
gold_p8_batch4_topup_05432,pdf-ba83f29e13133ec98756,trusted_train
gold_p8_batch4_topup_05433,pdf-ba83f29e13133ec98756,trusted_train
gold_p8_batch4_topup_05434,pdf-ba932bcd60f29aafb610,trusted_train
gold_p8_batch4_topup_05435,pdf-ba932bcd60f29aafb610,trusted_train
gold_p8_batch4_topup_05436,pdf-baad4011f2a72dc79007,trusted_train
gold_p8_batch4_topup_05437,pdf-baad4011f2a72dc79007,trusted_train
gold_p8_batch4_topup_05438,pdf-baad4011f2a72dc79007,trusted_train
gold_p8_batch4_topup_05439,pdf-baad4011f2a72dc79007,trusted_train
gold_p8_batch4_topup_05440,pdf-baad4011f2a72dc79007,trusted_train
gold_p8_batch4_topup_05448,pdf-bb4568e9aa531c3c8e66,trusted_train
gold_p8_batch4_topup_05449,pdf-bb4568e9aa531c3c8e66,trusted_train
gold_p8_batch4_topup_05450,pdf-bb62a188de7d0d758294,trusted_train
gold_p8_batch4_topup_05451,pdf-bb62a188de7d0d758294,trusted_train
gold_p8_batch4_topup_05452,pdf-bb62a188de7d0d758294,trusted_train
gold_p8_batch4_topup_05453,pdf-bb802d42c007ec0ac39b,trusted_train
gold_p8_batch4_topup_05454,pdf-bb802d42c007ec0ac39b,trusted_train
gold_p8_batch4_topup_05455,pdf-bb802d42c007ec0ac39b,trusted_train
gold_p8_batch4_topup_05456,pdf-bb802d42c007ec0ac39b,trusted_train
gold_p8_batch4_topup_05457,pdf-bb802d42c007ec0ac39b,trusted_train
gold_p8_batch4_topup_05473,pdf-bbd6152afff06559ef37,trusted_train
gold_p8_batch4_topup_05474,pdf-bbd6152afff06559ef37,trusted_train
gold_p8_batch4_topup_05475,pdf-bbd6152afff06559ef37,trusted_train
gold_p8_batch4_topup_05476,pdf-bbd6152afff06559ef37,trusted_train
gold_p8_batch4_topup_05477,pdf-bbd6152afff06559ef37,trusted_train
gold_p8_batch4_topup_05482,pdf-bbfbaa725fa429fae50f,trusted_train
gold_p8_batch4_topup_05483,pdf-bbfbaa725fa429fae50f,trusted_train
gold_p8_batch4_topup_05492,pdf-bc60e478315018bd1635,trusted_train
gold_p8_batch4_topup_05493,pdf-bc60e478315018bd1635,trusted_train
gold_p8_batch4_topup_05494,pdf-bc60e478315018bd1635,trusted_train
gold_p8_batch4_topup_05495,pdf-bc60e478315018bd1635,trusted_train
gold_p8_batch4_topup_05496,pdf-bc60e478315018bd1635,trusted_train
gold_p8_batch4_topup_05499,pdf-bc943f43ed3a42c08cbd,trusted_train
gold_p8_batch4_topup_05500,pdf-bc943f43ed3a42c08cbd,trusted_train
gold_p8_batch4_topup_05501,pdf-bc943f43ed3a42c08cbd,trusted_train
gold_p8_batch4_topup_05502,pdf-bc943f43ed3a42c08cbd,trusted_train
gold_p8_batch4_topup_05503,pdf-bc943f43ed3a42c08cbd,trusted_train
gold_p8_batch4_topup_05504,pdf-bca4c2b6e8bd129e4dab,trusted_train
gold_p8_batch4_topup_05505,pdf-bcaa96af715b3063bc51,trusted_train
gold_p8_batch4_topup_05506,pdf-bcaa96af715b3063bc51,trusted_train
gold_p8_batch4_topup_05507,pdf-bcaa96af715b3063bc51,trusted_train
gold_p8_batch4_topup_05508,pdf-bcaa96af715b3063bc51,trusted_train
gold_p8_batch4_topup_05509,pdf-bcaa96af715b3063bc51,trusted_train
gold_p8_batch4_topup_05510,pdf-bce25ba98d8a1625f087,trusted_train
gold_p8_batch4_topup_05511,pdf-bce25ba98d8a1625f087,trusted_train
gold_p8_batch4_topup_05512,pdf-bce25ba98d8a1625f087,trusted_train
gold_p8_batch4_topup_05513,pdf-bce25ba98d8a1625f087,trusted_train
gold_p8_batch4_topup_05514,pdf-bce25ba98d8a1625f087,trusted_train
gold_p8_batch4_topup_05520,pdf-bd80419183640185c2f4,trusted_train
gold_p8_batch4_topup_05521,pdf-bd80419183640185c2f4,trusted_train
gold_p8_batch4_topup_05522,pdf-bd81d36348efdb18439b,trusted_train
gold_p8_batch4_topup_05524,pdf-bdde4ad70a747ca8aae6,trusted_train
gold_p8_batch4_topup_05525,pdf-bdde4ad70a747ca8aae6,trusted_train
gold_p8_batch4_topup_05526,pdf-bdde4ad70a747ca8aae6,trusted_train
gold_p8_batch4_topup_05527,pdf-bde7282dee12b48ad2a5,trusted_train
gold_p8_batch4_topup_05528,pdf-bde855cb8523518ab35a,trusted_train
gold_p8_batch4_topup_05529,pdf-bde855cb8523518ab35a,trusted_train
gold_p8_batch4_topup_05530,pdf-bde855cb8523518ab35a,trusted_train
gold_p8_batch4_topup_05531,pdf-be277f2dba95727be906,trusted_train
gold_p8_batch4_topup_05532,pdf-be277f2dba95727be906,trusted_train
gold_p8_batch4_topup_05533,pdf-be277f2dba95727be906,trusted_train
gold_p8_batch4_topup_05534,pdf-be277f2dba95727be906,trusted_train
gold_p8_batch4_topup_05535,pdf-be277f2dba95727be906,trusted_train
gold_p8_batch4_topup_05536,pdf-be294e0ff3f5f6a47391,trusted_train
gold_p8_batch4_topup_05537,pdf-be294e0ff3f5f6a47391,trusted_train
gold_p8_batch4_topup_05538,pdf-be294e0ff3f5f6a47391,trusted_train
gold_p8_batch4_topup_05539,pdf-be294e0ff3f5f6a47391,trusted_train
gold_p8_batch4_topup_05540,pdf-be3330e05308ad07a216,trusted_train
gold_p8_batch4_topup_05547,pdf-bebbf1c110cc6ab3489b,trusted_train
gold_p8_batch4_topup_05548,pdf-bebbf1c110cc6ab3489b,trusted_train
gold_p8_batch4_topup_05549,pdf-bebbf1c110cc6ab3489b,trusted_train
gold_p8_batch4_topup_05552,pdf-bf0b85f1c1c07440a492,trusted_train
gold_p8_batch4_topup_05553,pdf-bf0b85f1c1c07440a492,trusted_train
gold_p8_batch4_topup_05555,pdf-bf0b85f1c1c07440a492,trusted_train
gold_p8_batch4_topup_05556,pdf-bf0b85f1c1c07440a492,trusted_train
gold_p8_batch4_topup_05557,pdf-bf49aef6c6a102c1f092,trusted_train
gold_p8_batch4_topup_05558,pdf-bf49aef6c6a102c1f092,trusted_train
gold_p8_batch4_topup_05559,pdf-bf49aef6c6a102c1f092,trusted_train
gold_p8_batch4_topup_05560,pdf-bf49aef6c6a102c1f092,trusted_train
gold_p8_batch4_topup_05561,pdf-bf49aef6c6a102c1f092,trusted_train
gold_p8_batch4_topup_05562,pdf-bf5ca8ea1efde0f31257,trusted_train
gold_p8_batch4_topup_05563,pdf-bf5ca8ea1efde0f31257,trusted_train
gold_p8_batch4_topup_05564,pdf-bf5ca8ea1efde0f31257,trusted_train
gold_p8_batch4_topup_05565,pdf-bf5ca8ea1efde0f31257,trusted_train
gold_p8_batch4_topup_05566,pdf-bf5ca8ea1efde0f31257,trusted_train
gold_p8_batch4_topup_05567,pdf-bf635941ac419692a1b1,trusted_train
gold_p8_batch4_topup_05568,pdf-bf635941ac419692a1b1,trusted_train
gold_p8_batch4_topup_05573,pdf-bfa02a341f193569ba50,trusted_train
gold_p8_batch4_topup_05574,pdf-bfa02a341f193569ba50,trusted_train
gold_p8_batch4_topup_05575,pdf-bfa02a341f193569ba50,trusted_train
gold_p8_batch4_topup_05576,pdf-bfa02a341f193569ba50,trusted_train
gold_p8_batch4_topup_05577,pdf-bfa02a341f193569ba50,trusted_train
gold_p8_batch4_topup_05578,pdf-bfee535ae80a10ba2251,trusted_train
gold_p8_batch4_topup_05579,pdf-bfee535ae80a10ba2251,trusted_train
gold_p8_batch4_topup_05580,pdf-bfee535ae80a10ba2251,trusted_train
gold_p8_batch4_topup_05583,pdf-c005da3d5cbd649ceb27,trusted_train
gold_p8_batch4_topup_05584,pdf-c005da3d5cbd649ceb27,trusted_train
gold_p8_batch4_topup_05585,pdf-c005da3d5cbd649ceb27,trusted_train
gold_p8_batch4_topup_05586,pdf-c005da3d5cbd649ceb27,trusted_train
gold_p8_batch4_topup_05587,pdf-c005da3d5cbd649ceb27,trusted_train
gold_p8_batch4_topup_05588,pdf-c0081456e13b59b4c9e6,trusted_train
gold_p8_batch4_topup_05589,pdf-c013271c3cbb830e8b14,trusted_train
gold_p8_batch4_topup_05590,pdf-c013271c3cbb830e8b14,trusted_train
gold_p8_batch4_topup_05591,pdf-c013271c3cbb830e8b14,trusted_train
gold_p8_batch4_topup_05592,pdf-c013271c3cbb830e8b14,trusted_train
gold_p8_batch4_topup_05593,pdf-c013271c3cbb830e8b14,trusted_train
gold_p8_batch4_topup_05594,pdf-c02a10500623a80ad7c7,trusted_train
gold_p8_batch4_topup_05602,pdf-c080b78aa76349f06c31,trusted_train
gold_p8_batch4_topup_05603,pdf-c080b78aa76349f06c31,trusted_train
gold_p8_batch4_topup_05604,pdf-c080b78aa76349f06c31,trusted_train
gold_p8_batch4_topup_05605,pdf-c080b78aa76349f06c31,trusted_train
gold_p8_batch4_topup_05606,pdf-c080b78aa76349f06c31,trusted_train
gold_p8_batch4_topup_05607,pdf-c08b3bafc4c64bc99a53,trusted_train
gold_p8_batch4_topup_05608,pdf-c08b3bafc4c64bc99a53,trusted_train
gold_p8_batch4_topup_05609,pdf-c08b3bafc4c64bc99a53,trusted_train
gold_p8_batch4_topup_05610,pdf-c08b3bafc4c64bc99a53,trusted_train
gold_p8_batch4_topup_05611,pdf-c08b3bafc4c64bc99a53,trusted_train
gold_p8_batch4_topup_05615,pdf-c0a6453661177e3ad4ec,trusted_train
gold_p8_batch4_topup_05621,pdf-c0e9620acc860302c670,trusted_train
gold_p8_batch4_topup_05622,pdf-c0e9620acc860302c670,trusted_train
gold_p8_batch4_topup_05631,pdf-c12edc65bb5f1b6dc5c4,trusted_train
gold_p8_batch4_topup_05632,pdf-c12edc65bb5f1b6dc5c4,trusted_train
gold_p8_batch4_topup_05633,pdf-c12edc65bb5f1b6dc5c4,trusted_train
gold_p8_batch4_topup_05634,pdf-c12edc65bb5f1b6dc5c4,trusted_train
gold_p8_batch4_topup_05635,pdf-c12edc65bb5f1b6dc5c4,trusted_train
gold_p8_batch4_topup_05636,pdf-c134f3735ad0c765c350,trusted_train
gold_p8_batch4_topup_05637,pdf-c134f3735ad0c765c350,trusted_train
gold_p8_batch4_topup_05640,pdf-c14b398dcead74624869,trusted_train
gold_p8_batch4_topup_05641,pdf-c14b398dcead74624869,trusted_train
gold_p8_batch4_topup_05642,pdf-c14b398dcead74624869,trusted_train
gold_p8_batch4_topup_05643,pdf-c14b398dcead74624869,trusted_train
gold_p8_batch4_topup_05644,pdf-c14b398dcead74624869,trusted_train
gold_p8_batch4_topup_05647,pdf-c1781c6c71cffd7a521e,trusted_train
gold_p8_batch4_topup_05648,pdf-c1781c6c71cffd7a521e,trusted_train
gold_p8_batch4_topup_05649,pdf-c1781c6c71cffd7a521e,trusted_train
gold_p8_batch4_topup_05650,pdf-c1781c6c71cffd7a521e,trusted_train
gold_p8_batch4_topup_05652,pdf-c1adfd697288136f6f95,trusted_train
gold_p8_batch4_topup_05653,pdf-c1adfd697288136f6f95,trusted_train
gold_p8_batch4_topup_05654,pdf-c1adfd697288136f6f95,trusted_train
gold_p8_batch4_topup_05655,pdf-c1b47b1def944c110b90,trusted_train
gold_p8_batch4_topup_05656,pdf-c1b47b1def944c110b90,trusted_train
gold_p8_batch4_topup_05657,pdf-c1b47b1def944c110b90,trusted_train
gold_p8_batch4_topup_05661,pdf-c1d89272cf78be57106a,trusted_train
gold_p8_batch4_topup_05662,pdf-c1d89272cf78be57106a,trusted_train
gold_p8_batch4_topup_05663,pdf-c1f1d19b3fae59b98ca0,trusted_train
gold_p8_batch4_topup_05664,pdf-c1f1d19b3fae59b98ca0,trusted_train
gold_p8_batch4_topup_05665,pdf-c1f1d19b3fae59b98ca0,trusted_train
gold_p8_batch4_topup_05666,pdf-c1f1d19b3fae59b98ca0,trusted_train
gold_p8_batch4_topup_05667,pdf-c1f1d19b3fae59b98ca0,trusted_train
gold_p8_batch4_topup_05674,pdf-c22010aeec03aa990fbb,trusted_train
gold_p8_batch4_topup_05679,pdf-c23483fa5f41c6e40a9a,trusted_train
gold_p8_batch4_topup_05680,pdf-c23483fa5f41c6e40a9a,trusted_train
gold_p8_batch4_topup_05681,pdf-c23483fa5f41c6e40a9a,trusted_train
gold_p8_batch4_topup_05682,pdf-c23483fa5f41c6e40a9a,trusted_train
gold_p8_batch4_topup_05683,pdf-c23483fa5f41c6e40a9a,trusted_train
gold_p8_batch4_topup_05695,pdf-c2889cec06ee6da03a3f,trusted_train
gold_p8_batch4_topup_05696,pdf-c2889cec06ee6da03a3f,trusted_train
gold_p8_batch4_topup_05697,pdf-c2889cec06ee6da03a3f,trusted_train
gold_p8_batch4_topup_05698,pdf-c2889cec06ee6da03a3f,trusted_train
gold_p8_batch4_topup_05699,pdf-c2889cec06ee6da03a3f,trusted_train
gold_p8_batch4_topup_05700,pdf-c2d9859d03e8cfc37b2a,trusted_train
gold_p8_batch4_topup_05702,pdf-c2e5a834c6c58502ea19,trusted_train
gold_p8_batch4_topup_05703,pdf-c2e5a834c6c58502ea19,trusted_train
gold_p8_batch4_topup_05707,pdf-c3082d4bd46511110c26,trusted_train
gold_p8_batch4_topup_05708,pdf-c3082d4bd46511110c26,trusted_train
gold_p8_batch4_topup_05709,pdf-c3082d4bd46511110c26,trusted_train
gold_p8_batch4_topup_05710,pdf-c3082d4bd46511110c26,trusted_train
gold_p8_batch4_topup_05711,pdf-c3082d4bd46511110c26,trusted_train
gold_p8_batch4_topup_05717,pdf-c3312b2d73ba5bfdd2c3,trusted_train
gold_p8_batch4_topup_05718,pdf-c3312b2d73ba5bfdd2c3,trusted_train
gold_p8_batch4_topup_05725,pdf-c3d4631e210c91e82f26,trusted_train
gold_p8_batch4_topup_05766,pdf-c54e47169a66342cb03a,trusted_train
gold_p8_batch4_topup_05767,pdf-c54e47169a66342cb03a,trusted_train
gold_p8_batch4_topup_05773,pdf-c57fba0a62ff752ff974,trusted_train
gold_p8_batch4_topup_05774,pdf-c57fba0a62ff752ff974,trusted_train
gold_p8_batch4_topup_05775,pdf-c57fba0a62ff752ff974,trusted_train
gold_p8_batch4_topup_05776,pdf-c57fba0a62ff752ff974,trusted_train
gold_p8_batch4_topup_05777,pdf-c57fba0a62ff752ff974,trusted_train
gold_p8_batch4_topup_05778,pdf-c597e2109a8f4d4fad7a,trusted_train
gold_p8_batch4_topup_05779,pdf-c597e2109a8f4d4fad7a,trusted_train
gold_p8_batch4_topup_05780,pdf-c597e2109a8f4d4fad7a,trusted_train
gold_p8_batch4_topup_05781,pdf-c597e2109a8f4d4fad7a,trusted_train
gold_p8_batch4_topup_05782,pdf-c597e2109a8f4d4fad7a,trusted_train
gold_p8_batch4_topup_05783,pdf-c59d3873e354f379b1a0,trusted_train
gold_p8_batch4_topup_05784,pdf-c59d3873e354f379b1a0,trusted_train
gold_p8_batch4_topup_05785,pdf-c59d3873e354f379b1a0,trusted_train
gold_p8_batch4_topup_05786,pdf-c59d3873e354f379b1a0,trusted_train
gold_p8_batch4_topup_05787,pdf-c59d3873e354f379b1a0,trusted_train
gold_p8_batch4_topup_05788,pdf-c60f84121cdc7fa8cf60,trusted_train
gold_p8_batch4_topup_05789,pdf-c60f84121cdc7fa8cf60,trusted_train
gold_p8_batch4_topup_05794,pdf-c62f458cbf104926911d,trusted_train
gold_p8_batch4_topup_05795,pdf-c62f458cbf104926911d,trusted_train
gold_p8_batch4_topup_05804,pdf-c6c8665c5bf85d5cbce5,trusted_train
gold_p8_batch4_topup_05814,pdf-c7409f0c3861028faf04,trusted_train
gold_p8_batch4_topup_05815,pdf-c7409f0c3861028faf04,trusted_train
gold_p8_batch4_topup_05816,pdf-c7409f0c3861028faf04,trusted_train
gold_p8_batch4_topup_05817,pdf-c7754329c296f8ea8002,trusted_train
gold_p8_batch4_topup_05818,pdf-c7754329c296f8ea8002,trusted_train
gold_p8_batch4_topup_05819,pdf-c7754329c296f8ea8002,trusted_train
gold_p8_batch4_topup_05821,pdf-c7754329c296f8ea8002,trusted_train
gold_p8_batch4_topup_05835,pdf-c8d8b03273f509e6f44b,trusted_train
gold_p8_batch4_topup_05836,pdf-c8d8b03273f509e6f44b,trusted_train
gold_p8_batch4_topup_05837,pdf-c8d8b03273f509e6f44b,trusted_train
gold_p8_batch4_topup_05839,pdf-c8dd830730ff1731345e,trusted_train
gold_p8_batch4_topup_05840,pdf-c8dd830730ff1731345e,trusted_train
gold_p8_batch4_topup_05841,pdf-c8dd830730ff1731345e,trusted_train
gold_p8_batch4_topup_05842,pdf-c8dd830730ff1731345e,trusted_train
gold_p8_batch4_topup_05843,pdf-c8dd830730ff1731345e,trusted_train
gold_p8_batch4_topup_05844,pdf-c8e8f9b1d04ca11a17f6,trusted_train
gold_p8_batch4_topup_05845,pdf-c8e8f9b1d04ca11a17f6,trusted_train
gold_p8_batch4_topup_05846,pdf-c8e8f9b1d04ca11a17f6,trusted_train
gold_p8_batch4_topup_05847,pdf-c8e8f9b1d04ca11a17f6,trusted_train
gold_p8_batch4_topup_05848,pdf-c8e8f9b1d04ca11a17f6,trusted_train
gold_p8_batch4_topup_05850,pdf-c92c203517c98ca32d0b,trusted_train
gold_p8_batch4_topup_05854,pdf-c93ab2739209b0ae4af3,trusted_train
gold_p8_batch4_topup_05855,pdf-c93ab2739209b0ae4af3,trusted_train
gold_p8_batch4_topup_05856,pdf-c956816371fe397d4c35,trusted_train
gold_p8_batch4_topup_05857,pdf-c956816371fe397d4c35,trusted_train
gold_p8_batch4_topup_05858,pdf-c9683b599e15257078c3,trusted_train
gold_p8_batch4_topup_05859,pdf-c9683b599e15257078c3,trusted_train
gold_p8_batch4_topup_05860,pdf-c9683b599e15257078c3,trusted_train
gold_p8_batch4_topup_05861,pdf-c9683b599e15257078c3,trusted_train
gold_p8_batch4_topup_05862,pdf-c9683b599e15257078c3,trusted_train
gold_p8_batch4_topup_05872,pdf-ca1a5a59e85ea90cd0c3,trusted_train
gold_p8_batch4_topup_05873,pdf-ca1a5a59e85ea90cd0c3,trusted_train
gold_p8_batch4_topup_05874,pdf-ca1a5a59e85ea90cd0c3,trusted_train
gold_p8_batch4_topup_05877,pdf-ca737fcd340d66bc06dc,trusted_train
gold_p8_batch4_topup_05878,pdf-ca92fbc916b313b01c00,trusted_train
gold_p8_batch4_topup_05879,pdf-ca92fbc916b313b01c00,trusted_train
gold_p8_batch4_topup_05880,pdf-ca92fbc916b313b01c00,trusted_train
gold_p8_batch4_topup_05881,pdf-ca92fbc916b313b01c00,trusted_train
gold_p8_batch4_topup_05882,pdf-ca92fbc916b313b01c00,trusted_train
gold_p8_batch4_topup_05886,pdf-cab41be90cb639f03cc6,trusted_train
gold_p8_batch4_topup_05887,pdf-cab41be90cb639f03cc6,trusted_train
gold_p8_batch4_topup_05888,pdf-cab41be90cb639f03cc6,trusted_train
gold_p8_batch4_topup_05889,pdf-cab41be90cb639f03cc6,trusted_train
gold_p8_batch4_topup_05890,pdf-cade21dec925e73fd822,trusted_train
gold_p8_batch4_topup_05891,pdf-cade21dec925e73fd822,trusted_train
gold_p8_batch4_topup_05892,pdf-caed24c74b83a0007a4d,trusted_train
gold_p8_batch4_topup_05893,pdf-caed24c74b83a0007a4d,trusted_train
gold_p8_batch4_topup_05894,pdf-caed24c74b83a0007a4d,trusted_train
gold_p8_batch4_topup_05898,pdf-cb08821129002cb31be8,trusted_train
gold_p8_batch4_topup_05906,pdf-cb541d41e36f72f802e4,trusted_train
gold_p8_batch4_topup_05919,pdf-cc0ec9ca998b6b636bf1,trusted_train
gold_p8_batch4_topup_05920,pdf-cc0ec9ca998b6b636bf1,trusted_train
gold_p8_batch4_topup_05921,pdf-cc0ec9ca998b6b636bf1,trusted_train
gold_p8_batch4_topup_05922,pdf-cc0ec9ca998b6b636bf1,trusted_train
gold_p8_batch4_topup_05923,pdf-cc0ec9ca998b6b636bf1,trusted_train
gold_p8_batch4_topup_05924,pdf-cc397fc12115da0caa4d,trusted_train
gold_p8_batch4_topup_05925,pdf-cc397fc12115da0caa4d,trusted_train
gold_p8_batch4_topup_05926,pdf-cc397fc12115da0caa4d,trusted_train
gold_p8_batch4_topup_05931,pdf-cc776f54550cd8161cdb,trusted_train
gold_p8_batch4_topup_05932,pdf-cc776f54550cd8161cdb,trusted_train
gold_p8_batch4_topup_05933,pdf-cc776f54550cd8161cdb,trusted_train
gold_p8_batch4_topup_05934,pdf-cc776f54550cd8161cdb,trusted_train
gold_p8_batch4_topup_05935,pdf-cc776f54550cd8161cdb,trusted_train
gold_p8_batch4_topup_05936,pdf-ccc14e74a621c01a0622,trusted_train
gold_p8_batch4_topup_05937,pdf-ccc14e74a621c01a0622,trusted_train
gold_p8_batch4_topup_05938,pdf-ccc14e74a621c01a0622,trusted_train
gold_p8_batch4_topup_05939,pdf-ccc14e74a621c01a0622,trusted_train
gold_p8_batch4_topup_05940,pdf-ccc14e74a621c01a0622,trusted_train
gold_p8_batch4_topup_05943,pdf-cd41edfb4564673ae4c6,trusted_train
gold_p8_batch4_topup_05944,pdf-cd41edfb4564673ae4c6,trusted_train
gold_p8_batch4_topup_05945,pdf-cd41edfb4564673ae4c6,trusted_train
gold_p8_batch4_topup_05946,pdf-cd41edfb4564673ae4c6,trusted_train
gold_p8_batch4_topup_05947,pdf-cd41edfb4564673ae4c6,trusted_train
gold_p8_batch4_topup_05951,pdf-cd66b8e221005d863ff7,trusted_train
gold_p8_batch4_topup_05952,pdf-cd66b8e221005d863ff7,trusted_train
gold_p8_batch4_topup_05953,pdf-cd7520f3428394eeab67,trusted_train
gold_p8_batch4_topup_05954,pdf-cd7520f3428394eeab67,trusted_train
gold_p8_batch4_topup_05955,pdf-cd7520f3428394eeab67,trusted_train
gold_p8_batch4_topup_05956,pdf-cd7520f3428394eeab67,trusted_train
gold_p8_batch4_topup_05957,pdf-cd7520f3428394eeab67,trusted_train
gold_p8_batch4_topup_05966,pdf-cd86d78e548919f5f5b3,trusted_train
gold_p8_batch4_topup_05977,pdf-cd9da9971cfc14f32e0a,trusted_train
gold_p8_batch4_topup_05978,pdf-cd9da9971cfc14f32e0a,trusted_train
gold_p8_batch4_topup_05979,pdf-cd9da9971cfc14f32e0a,trusted_train
gold_p8_batch4_topup_05980,pdf-cd9da9971cfc14f32e0a,trusted_train
gold_p8_batch4_topup_05981,pdf-cd9da9971cfc14f32e0a,trusted_train
gold_p8_batch4_topup_05982,pdf-cdaa4621f5ef287ed6fc,trusted_train
gold_p8_batch4_topup_05983,pdf-cdaa4621f5ef287ed6fc,trusted_train
gold_p8_batch4_topup_05999,pdf-ce1cdd2ce6cc74af783a,trusted_train
gold_p8_batch4_topup_06000,pdf-ce1cdd2ce6cc74af783a,trusted_train
gold_p8_batch4_topup_06001,pdf-ce1cdd2ce6cc74af783a,trusted_train
gold_p8_batch4_topup_06002,pdf-ce1cdd2ce6cc74af783a,trusted_train
gold_p8_batch4_topup_06003,pdf-ce9824d6981f5d6c69bc,trusted_train
gold_p8_batch4_topup_06004,pdf-ce9824d6981f5d6c69bc,trusted_train
gold_p8_batch4_topup_06005,pdf-cea30d2b0a8899784d48,trusted_train
gold_p8_batch4_topup_06006,pdf-cea30d2b0a8899784d48,trusted_train
gold_p8_batch4_topup_06012,pdf-cec7b63109431b62c8c5,trusted_train
gold_p8_batch4_topup_06013,pdf-cecb39052fabe841cf06,trusted_train
gold_p8_batch4_topup_06014,pdf-cecb39052fabe841cf06,trusted_train
gold_p8_batch4_topup_06015,pdf-cecb39052fabe841cf06,trusted_train
gold_p8_batch4_topup_06016,pdf-cecb39052fabe841cf06,trusted_train
gold_p8_batch4_topup_06017,pdf-cecb39052fabe841cf06,trusted_train
gold_p8_batch4_topup_06032,pdf-cf596604dbab3093f005,trusted_train
gold_p8_batch4_topup_06033,pdf-cf596604dbab3093f005,trusted_train
gold_p8_batch4_topup_06034,pdf-cf596604dbab3093f005,trusted_train
gold_p8_batch4_topup_06035,pdf-cf596604dbab3093f005,trusted_train
gold_p8_batch4_topup_06036,pdf-cf596604dbab3093f005,trusted_train
gold_p8_batch4_topup_06037,pdf-cf9af358ac9cc285f526,trusted_train
gold_p8_batch4_topup_06038,pdf-cf9af358ac9cc285f526,trusted_train
gold_p8_batch4_topup_06039,pdf-cf9af358ac9cc285f526,trusted_train
gold_p8_batch4_topup_06040,pdf-cf9af358ac9cc285f526,trusted_train
gold_p8_batch4_topup_06041,pdf-cf9af358ac9cc285f526,trusted_train
gold_p8_batch4_topup_06042,pdf-cfab303f72e40761857b,trusted_train
gold_p8_batch4_topup_06047,pdf-d03106b881a67b000e01,trusted_train
gold_p8_batch4_topup_06048,pdf-d03106b881a67b000e01,trusted_train
gold_p8_batch4_topup_06049,pdf-d03106b881a67b000e01,trusted_train
gold_p8_batch4_topup_06050,pdf-d03106b881a67b000e01,trusted_train
gold_p8_batch4_topup_06051,pdf-d03106b881a67b000e01,trusted_train
gold_p8_batch4_topup_06080,pdf-d13db302acbc225bf2f4,trusted_train
gold_p8_batch4_topup_06081,pdf-d13db302acbc225bf2f4,trusted_train
gold_p8_batch4_topup_06082,pdf-d13db302acbc225bf2f4,trusted_train
gold_p8_batch4_topup_06083,pdf-d13db302acbc225bf2f4,trusted_train
gold_p8_batch4_topup_06084,pdf-d13db302acbc225bf2f4,trusted_train
gold_p8_batch4_topup_06085,pdf-d151bc918943cc53c919,trusted_train
gold_p8_batch4_topup_06086,pdf-d151bc918943cc53c919,trusted_train
gold_p8_batch4_topup_06087,pdf-d151bc918943cc53c919,trusted_train
gold_p8_batch4_topup_06088,pdf-d1720ad135f1dda401a6,trusted_train
gold_p8_batch4_topup_06089,pdf-d1720ad135f1dda401a6,trusted_train
gold_p8_batch4_topup_06090,pdf-d1720ad135f1dda401a6,trusted_train
gold_p8_batch4_topup_06091,pdf-d1720ad135f1dda401a6,trusted_train
gold_p8_batch4_topup_06092,pdf-d1720ad135f1dda401a6,trusted_train
gold_p8_batch4_topup_06093,pdf-d173066444272d111c8b,trusted_train
gold_p8_batch4_topup_06094,pdf-d173066444272d111c8b,trusted_train
gold_p8_batch4_topup_06095,pdf-d173066444272d111c8b,trusted_train
gold_p8_batch4_topup_06096,pdf-d173066444272d111c8b,trusted_train
gold_p8_batch4_topup_06097,pdf-d173066444272d111c8b,trusted_train
gold_p8_batch4_topup_06098,pdf-d1c5915a2e5893f24fc3,trusted_train
gold_p8_batch4_topup_06099,pdf-d1c9c523fa113973a2ab,trusted_train
gold_p8_batch4_topup_06100,pdf-d1c9c523fa113973a2ab,trusted_train
gold_p8_batch4_topup_06101,pdf-d1c9c523fa113973a2ab,trusted_train
gold_p8_batch4_topup_06102,pdf-d1c9c523fa113973a2ab,trusted_train
gold_p8_batch4_topup_06103,pdf-d1c9c523fa113973a2ab,trusted_train
gold_p8_batch4_topup_06104,pdf-d1cf2b34af18e5f598cc,trusted_train
gold_p8_batch4_topup_06105,pdf-d1cf2b34af18e5f598cc,trusted_train
gold_p8_batch4_topup_06106,pdf-d1cf2b34af18e5f598cc,trusted_train
gold_p8_batch4_topup_06107,pdf-d1cf2b34af18e5f598cc,trusted_train
gold_p8_batch4_topup_06108,pdf-d1cf2b34af18e5f598cc,trusted_train
gold_p8_batch4_topup_06109,pdf-d255cb28141443da8854,trusted_train
gold_p8_batch4_topup_06117,pdf-d2a9601c060930f6ca0c,trusted_train
gold_p8_batch4_topup_06118,pdf-d2a9601c060930f6ca0c,trusted_train
gold_p8_batch4_topup_06119,pdf-d2a9601c060930f6ca0c,trusted_train
gold_p8_batch4_topup_06120,pdf-d2a9601c060930f6ca0c,trusted_train
gold_p8_batch4_topup_06121,pdf-d2a9601c060930f6ca0c,trusted_train
gold_p8_batch4_topup_06122,pdf-d2acf54b3965e833d90c,trusted_train
gold_p8_batch4_topup_06123,pdf-d2acf54b3965e833d90c,trusted_train
gold_p8_batch4_topup_06124,pdf-d2acf54b3965e833d90c,trusted_train
gold_p8_batch4_topup_06125,pdf-d2acf54b3965e833d90c,trusted_train
gold_p8_batch4_topup_06126,pdf-d2acf54b3965e833d90c,trusted_train
gold_p8_batch4_topup_06127,pdf-d2ce7473576ee2fc89f1,trusted_train
gold_p8_batch4_topup_06128,pdf-d2ce7473576ee2fc89f1,trusted_train
gold_p8_batch4_topup_06129,pdf-d2ce7473576ee2fc89f1,trusted_train
gold_p8_batch4_topup_06130,pdf-d2ce7473576ee2fc89f1,trusted_train
gold_p8_batch4_topup_06131,pdf-d2ce7473576ee2fc89f1,trusted_train
gold_p8_batch4_topup_06140,pdf-d34501a64a4c92a695ce,trusted_train
gold_p8_batch4_topup_06141,pdf-d34501a64a4c92a695ce,trusted_train
gold_p8_batch4_topup_06142,pdf-d34501a64a4c92a695ce,trusted_train
gold_p8_batch4_topup_06143,pdf-d34501a64a4c92a695ce,trusted_train
gold_p8_batch4_topup_06144,pdf-d34501a64a4c92a695ce,trusted_train
gold_p8_batch4_topup_06146,pdf-d368ff3a04284dc7c48d,trusted_train
gold_p8_batch4_topup_06147,pdf-d368ff3a04284dc7c48d,trusted_train
gold_p8_batch4_topup_06148,pdf-d368ff3a04284dc7c48d,trusted_train
gold_p8_batch4_topup_06149,pdf-d368ff3a04284dc7c48d,trusted_train
gold_p8_batch4_topup_06150,pdf-d368ff3a04284dc7c48d,trusted_train
gold_p8_batch4_topup_06151,pdf-d374540fdee9d9a35918,trusted_train
gold_p8_batch4_topup_06152,pdf-d374540fdee9d9a35918,trusted_train
gold_p8_batch4_topup_06153,pdf-d374540fdee9d9a35918,trusted_train
gold_p8_batch4_topup_06154,pdf-d374540fdee9d9a35918,trusted_train
gold_p8_batch4_topup_06155,pdf-d374540fdee9d9a35918,trusted_train
gold_p8_batch4_topup_06159,pdf-d38e0d85ae54d8d8318b,trusted_train
gold_p8_batch4_topup_06160,pdf-d395a4f93e56268fff23,trusted_train
gold_p8_batch4_topup_06161,pdf-d395a4f93e56268fff23,trusted_train
gold_p8_batch4_topup_06162,pdf-d395a4f93e56268fff23,trusted_train
gold_p8_batch4_topup_06163,pdf-d395a4f93e56268fff23,trusted_train
gold_p8_batch4_topup_06164,pdf-d395a4f93e56268fff23,trusted_train
gold_p8_batch4_topup_06169,pdf-d3ffb315a678a46546c1,trusted_train
gold_p8_batch4_topup_06170,pdf-d3ffb315a678a46546c1,trusted_train
gold_p8_batch4_topup_06171,pdf-d3ffb315a678a46546c1,trusted_train
gold_p8_batch4_topup_06172,pdf-d3ffb315a678a46546c1,trusted_train
gold_p8_batch4_topup_06173,pdf-d3ffb315a678a46546c1,trusted_train
gold_p8_batch4_topup_06187,pdf-d4c216148641325f0621,trusted_train
gold_p8_batch4_topup_06188,pdf-d4c216148641325f0621,trusted_train
gold_p8_batch4_topup_06189,pdf-d4c216148641325f0621,trusted_train
gold_p8_batch4_topup_06190,pdf-d4c216148641325f0621,trusted_train
gold_p8_batch4_topup_06191,pdf-d4c216148641325f0621,trusted_train
gold_p8_batch4_topup_06192,pdf-d4c3afc0e2a33cffcd6e,trusted_train
gold_p8_batch4_topup_06193,pdf-d4c3afc0e2a33cffcd6e,trusted_train
gold_p8_batch4_topup_06194,pdf-d4c3afc0e2a33cffcd6e,trusted_train
gold_p8_batch4_topup_06195,pdf-d4c3afc0e2a33cffcd6e,trusted_train
gold_p8_batch4_topup_06196,pdf-d4c3afc0e2a33cffcd6e,trusted_train
gold_p8_batch4_topup_06202,pdf-d55d1415cd53f6141e60,trusted_train
gold_p8_batch4_topup_06203,pdf-d55d1415cd53f6141e60,trusted_train
gold_p8_batch4_topup_06204,pdf-d55d1415cd53f6141e60,trusted_train
gold_p8_batch4_topup_06209,pdf-d5aacf8ed133211e5673,trusted_train
gold_p8_batch4_topup_06210,pdf-d5aacf8ed133211e5673,trusted_train
gold_p8_batch4_topup_06211,pdf-d5aacf8ed133211e5673,trusted_train
gold_p8_batch4_topup_06217,pdf-d618c7ffe38ccfe75b0a,trusted_train
gold_p8_batch4_topup_06218,pdf-d640f92bc56c742b96f5,trusted_train
gold_p8_batch4_topup_06219,pdf-d640f92bc56c742b96f5,trusted_train
gold_p8_batch4_topup_06220,pdf-d640f92bc56c742b96f5,trusted_train
gold_p8_batch4_topup_06221,pdf-d640f92bc56c742b96f5,trusted_train
gold_p8_batch4_topup_06222,pdf-d640f92bc56c742b96f5,trusted_train
gold_p8_batch4_topup_06223,pdf-d64af5020291b8adcd26,trusted_train
gold_p8_batch4_topup_06231,pdf-d693b416162a38c8ea22,trusted_train
gold_p8_batch4_topup_06232,pdf-d693b416162a38c8ea22,trusted_train
gold_p8_batch4_topup_06233,pdf-d693b416162a38c8ea22,trusted_train
gold_p8_batch4_topup_06234,pdf-d693b416162a38c8ea22,trusted_train
gold_p8_batch4_topup_06235,pdf-d693b416162a38c8ea22,trusted_train
gold_p8_batch4_topup_06245,pdf-d727b3824f90c18fc924,trusted_train
gold_p8_batch4_topup_06246,pdf-d73299af71bba43cae53,trusted_train
gold_p8_batch4_topup_06250,pdf-d77c3a2c82fdc8bcf49f,trusted_train
gold_p8_batch4_topup_06253,pdf-d7980bf3a2fa9522cfcf,trusted_train
gold_p8_batch4_topup_06254,pdf-d7980bf3a2fa9522cfcf,trusted_train
gold_p8_batch4_topup_06255,pdf-d7980bf3a2fa9522cfcf,trusted_train
gold_p8_batch4_topup_06256,pdf-d7980bf3a2fa9522cfcf,trusted_train
gold_p8_batch4_topup_06257,pdf-d7a851b307ee9f7256af,trusted_train
gold_p8_batch4_topup_06258,pdf-d7a851b307ee9f7256af,trusted_train
gold_p8_batch4_topup_06259,pdf-d7a851b307ee9f7256af,trusted_train
gold_p8_batch4_topup_06260,pdf-d7a851b307ee9f7256af,trusted_train
gold_p8_batch4_topup_06261,pdf-d7a851b307ee9f7256af,trusted_train
gold_p8_batch4_topup_06262,pdf-d7b09dc67cc50fb1a9ad,trusted_train
gold_p8_batch4_topup_06263,pdf-d7b09dc67cc50fb1a9ad,trusted_train
gold_p8_batch4_topup_06264,pdf-d7b09dc67cc50fb1a9ad,trusted_train
gold_p8_batch4_topup_06265,pdf-d7b09dc67cc50fb1a9ad,trusted_train
gold_p8_batch4_topup_06266,pdf-d7b09dc67cc50fb1a9ad,trusted_train
gold_p8_batch4_topup_06269,pdf-d7bd2ceddbaa93bd0eac,trusted_train
gold_p8_batch4_topup_06273,pdf-d7da1377b85db20f0302,trusted_train
gold_p8_batch4_topup_06274,pdf-d7da1377b85db20f0302,trusted_train
gold_p8_batch4_topup_06275,pdf-d7da1377b85db20f0302,trusted_train
gold_p8_batch4_topup_06276,pdf-d7da1377b85db20f0302,trusted_train
gold_p8_batch4_topup_06277,pdf-d7da1377b85db20f0302,trusted_train
gold_p8_batch4_topup_06283,pdf-d81836cb63c988b0aeb3,trusted_train
gold_p8_batch4_topup_06284,pdf-d81836cb63c988b0aeb3,trusted_train
gold_p8_batch4_topup_06302,pdf-d8f89c2876875f0317dc,trusted_train
gold_p8_batch4_topup_06303,pdf-d92ffda9008002005941,trusted_train
gold_p8_batch4_topup_06304,pdf-d92ffda9008002005941,trusted_train
gold_p8_batch4_topup_06305,pdf-d92ffda9008002005941,trusted_train
gold_p8_batch4_topup_06306,pdf-d92ffda9008002005941,trusted_train
gold_p8_batch4_topup_06307,pdf-d92ffda9008002005941,trusted_train
gold_p8_batch4_topup_06320,pdf-d9ee65ac53407bec0d03,trusted_train
gold_p8_batch4_topup_06321,pdf-d9ee65ac53407bec0d03,trusted_train
gold_p8_batch4_topup_06322,pdf-d9ee65ac53407bec0d03,trusted_train
gold_p8_batch4_topup_06323,pdf-d9f0145e38219d39a1d0,trusted_train
gold_p8_batch4_topup_06324,pdf-d9f0145e38219d39a1d0,trusted_train
gold_p8_batch4_topup_06331,pdf-da526c150fe615977daf,trusted_train
gold_p8_batch4_topup_06332,pdf-da526c150fe615977daf,trusted_train
gold_p8_batch4_topup_06333,pdf-da526c150fe615977daf,trusted_train
gold_p8_batch4_topup_06334,pdf-da526c150fe615977daf,trusted_train
gold_p8_batch4_topup_06335,pdf-da526c150fe615977daf,trusted_train
gold_p8_batch4_topup_06336,pdf-da53604d68dd467e5012,trusted_train
gold_p8_batch4_topup_06348,pdf-daf6f52d92fcac80758c,trusted_train
gold_p8_batch4_topup_06349,pdf-daf6f52d92fcac80758c,trusted_train
gold_p8_batch4_topup_06350,pdf-daf6f52d92fcac80758c,trusted_train
gold_p8_batch4_topup_06351,pdf-daf6f52d92fcac80758c,trusted_train
gold_p8_batch4_topup_06352,pdf-daf6f52d92fcac80758c,trusted_train
gold_p8_batch4_topup_06359,pdf-db771e102b23d13e2bdc,trusted_train
gold_p8_batch4_topup_06360,pdf-db771e102b23d13e2bdc,trusted_train
gold_p8_batch4_topup_06361,pdf-db771e102b23d13e2bdc,trusted_train
gold_p8_batch4_topup_06362,pdf-db81770f9b2ac9d5b602,trusted_train
gold_p8_batch4_topup_06363,pdf-db81770f9b2ac9d5b602,trusted_train
gold_p8_batch4_topup_06364,pdf-db81770f9b2ac9d5b602,trusted_train
gold_p8_batch4_topup_06365,pdf-db96100c93d5d4b538a1,trusted_train
gold_p8_batch4_topup_06366,pdf-db96100c93d5d4b538a1,trusted_train
gold_p8_batch4_topup_06367,pdf-db96100c93d5d4b538a1,trusted_train
gold_p8_batch4_topup_06374,pdf-dbb4188a3f50653acfda,trusted_train
gold_p8_batch4_topup_06377,pdf-dbe8a5b5eba711afeb52,trusted_train
gold_p8_batch4_topup_06378,pdf-dbe8a5b5eba711afeb52,trusted_train
gold_p8_batch4_topup_06379,pdf-dbe8a5b5eba711afeb52,trusted_train
gold_p8_batch4_topup_06380,pdf-dbe8a5b5eba711afeb52,trusted_train
gold_p8_batch4_topup_06381,pdf-dbe8a5b5eba711afeb52,trusted_train
gold_p8_batch4_topup_06384,pdf-dc42c658956bb6d1c701,trusted_train
gold_p8_batch4_topup_06385,pdf-dc42c658956bb6d1c701,trusted_train
gold_p8_batch4_topup_06386,pdf-dc42c658956bb6d1c701,trusted_train
gold_p8_batch4_topup_06387,pdf-dc42c658956bb6d1c701,trusted_train
gold_p8_batch4_topup_06391,pdf-dc75eadc0921c920b85d,trusted_train
gold_p8_batch4_topup_06392,pdf-dc75eadc0921c920b85d,trusted_train
gold_p8_batch4_topup_06393,pdf-dc75eadc0921c920b85d,trusted_train
gold_p8_batch4_topup_06394,pdf-dc75eadc0921c920b85d,trusted_train
gold_p8_batch4_topup_06395,pdf-dc75eadc0921c920b85d,trusted_train
gold_p8_batch4_topup_06399,pdf-dcba17f5912ee4b71f89,trusted_train
gold_p8_batch4_topup_06400,pdf-dccc3a0cdf932dd3e369,trusted_train
gold_p8_batch4_topup_06401,pdf-dccc3a0cdf932dd3e369,trusted_train
gold_p8_batch4_topup_06402,pdf-dce52dbc2b876b4f4261,trusted_train
gold_p8_batch4_topup_06403,pdf-dce52dbc2b876b4f4261,trusted_train
gold_p8_batch4_topup_06404,pdf-dce52dbc2b876b4f4261,trusted_train
gold_p8_batch4_topup_06409,pdf-dd20ecfe1260f8139c05,trusted_train
gold_p8_batch4_topup_06410,pdf-dd20ecfe1260f8139c05,trusted_train
gold_p8_batch4_topup_06411,pdf-dd20ecfe1260f8139c05,trusted_train
gold_p8_batch4_topup_06412,pdf-dd20ecfe1260f8139c05,trusted_train
gold_p8_batch4_topup_06413,pdf-dd20ecfe1260f8139c05,trusted_train
gold_p8_batch4_topup_06418,pdf-dd34e3f0e01995a6c755,trusted_train
gold_p8_batch4_topup_06419,pdf-dd357fba1c6727986a16,trusted_train
gold_p8_batch4_topup_06424,pdf-dd5746d72e7847227e41,trusted_train
gold_p8_batch4_topup_06425,pdf-dd5746d72e7847227e41,trusted_train
gold_p8_batch4_topup_06426,pdf-dd5746d72e7847227e41,trusted_train
gold_p8_batch4_topup_06427,pdf-dd5746d72e7847227e41,trusted_train
gold_p8_batch4_topup_06428,pdf-dd5746d72e7847227e41,trusted_train
gold_p8_batch4_topup_06429,pdf-dd7684763a593a43befa,trusted_train
gold_p8_batch4_topup_06430,pdf-dd7684763a593a43befa,trusted_train
gold_p8_batch4_topup_06431,pdf-dd7684763a593a43befa,trusted_train
gold_p8_batch4_topup_06432,pdf-dd7684763a593a43befa,trusted_train
gold_p8_batch4_topup_06433,pdf-dd7684763a593a43befa,trusted_train
gold_p8_batch4_topup_06434,pdf-ddbaa5143a690cb1642e,trusted_train
gold_p8_batch4_topup_06435,pdf-ddbaa5143a690cb1642e,trusted_train
gold_p8_batch4_topup_06436,pdf-ddbaa5143a690cb1642e,trusted_train
gold_p8_batch4_topup_06437,pdf-ddbaa5143a690cb1642e,trusted_train
gold_p8_batch4_topup_06438,pdf-ddbaa5143a690cb1642e,trusted_train
gold_p8_batch4_topup_06439,pdf-ddbc242f00dc6cc7c613,trusted_train
gold_p8_batch4_topup_06440,pdf-ddbc242f00dc6cc7c613,trusted_train
gold_p8_batch4_topup_06441,pdf-ddbc242f00dc6cc7c613,trusted_train
gold_p8_batch4_topup_06442,pdf-ddbc242f00dc6cc7c613,trusted_train
gold_p8_batch4_topup_06456,pdf-de53063491c87b52bd7c,trusted_train
gold_p8_batch4_topup_06457,pdf-de53063491c87b52bd7c,trusted_train
gold_p8_batch4_topup_06458,pdf-de53063491c87b52bd7c,trusted_train
gold_p8_batch4_topup_06459,pdf-de77b6a7e6b5ab662d06,trusted_train
gold_p8_batch4_topup_06460,pdf-de77b6a7e6b5ab662d06,trusted_train
gold_p8_batch4_topup_06461,pdf-de77b6a7e6b5ab662d06,trusted_train
gold_p8_batch4_topup_06462,pdf-de77b6a7e6b5ab662d06,trusted_train
gold_p8_batch4_topup_06463,pdf-de77b6a7e6b5ab662d06,trusted_train
gold_p8_batch4_topup_06466,pdf-dea0dec52e06ef0b92e1,trusted_train
gold_p8_batch4_topup_06467,pdf-dea0dec52e06ef0b92e1,trusted_train
gold_p8_batch4_topup_06468,pdf-dea0dec52e06ef0b92e1,trusted_train
gold_p8_batch4_topup_06469,pdf-dea0dec52e06ef0b92e1,trusted_train
gold_p8_batch4_topup_06475,pdf-df2def5d4550028ffdcc,trusted_train
gold_p8_batch4_topup_06476,pdf-df2def5d4550028ffdcc,trusted_train
gold_p8_batch4_topup_06477,pdf-df2def5d4550028ffdcc,trusted_train
gold_p8_batch4_topup_06492,pdf-dfe68f2df7c4cbbf2272,trusted_train
gold_p8_batch4_topup_06493,pdf-dfe68f2df7c4cbbf2272,trusted_train
gold_p8_batch4_topup_06498,pdf-e018f5952fc095b57718,trusted_train
gold_p8_batch4_topup_06499,pdf-e018f5952fc095b57718,trusted_train
gold_p8_batch4_topup_06500,pdf-e018f5952fc095b57718,trusted_train
gold_p8_batch4_topup_06501,pdf-e018f5952fc095b57718,trusted_train
gold_p8_batch4_topup_06502,pdf-e018f5952fc095b57718,trusted_train
gold_p8_batch4_topup_06505,pdf-e047ee4f1f27b31a45ee,trusted_train
gold_p8_batch4_topup_06506,pdf-e047ee4f1f27b31a45ee,trusted_train
gold_p8_batch4_topup_06507,pdf-e047ee4f1f27b31a45ee,trusted_train
gold_p8_batch4_topup_06508,pdf-e047ee4f1f27b31a45ee,trusted_train
gold_p8_batch4_topup_06509,pdf-e047ee4f1f27b31a45ee,trusted_train
gold_p8_batch4_topup_06512,pdf-e0a6604d9ba8ea8adfeb,trusted_train
gold_p8_batch4_topup_06513,pdf-e0a6604d9ba8ea8adfeb,trusted_train
gold_p8_batch4_topup_06514,pdf-e0a6604d9ba8ea8adfeb,trusted_train
gold_p8_batch4_topup_06515,pdf-e0a6604d9ba8ea8adfeb,trusted_train
gold_p8_batch4_topup_06516,pdf-e0a6604d9ba8ea8adfeb,trusted_train
gold_p8_batch4_topup_06531,pdf-e1009a6f76b7169440cb,trusted_train
gold_p8_batch4_topup_06534,pdf-e109997347c5250926a5,trusted_train
gold_p8_batch4_topup_06535,pdf-e109997347c5250926a5,trusted_train
gold_p8_batch4_topup_06536,pdf-e109997347c5250926a5,trusted_train
gold_p8_batch4_topup_06537,pdf-e109997347c5250926a5,trusted_train
gold_p8_batch4_topup_06538,pdf-e109997347c5250926a5,trusted_train
gold_p8_batch4_topup_06539,pdf-e12c42d93f75f4efafb0,trusted_train
gold_p8_batch4_topup_06540,pdf-e12c42d93f75f4efafb0,trusted_train
gold_p8_batch4_topup_06541,pdf-e12c42d93f75f4efafb0,trusted_train
gold_p8_batch4_topup_06542,pdf-e12c42d93f75f4efafb0,trusted_train
gold_p8_batch4_topup_06543,pdf-e12c42d93f75f4efafb0,trusted_train
gold_p8_batch4_topup_06548,pdf-e1ac5b72d11e41e6b432,trusted_train
gold_p8_batch4_topup_06557,pdf-e1d73f058a0ec805ff86,trusted_train
gold_p8_batch4_topup_06558,pdf-e1d73f058a0ec805ff86,trusted_train
gold_p8_batch4_topup_06559,pdf-e1d73f058a0ec805ff86,trusted_train
gold_p8_batch4_topup_06560,pdf-e1d73f058a0ec805ff86,trusted_train
gold_p8_batch4_topup_06561,pdf-e1d73f058a0ec805ff86,trusted_train
gold_p8_batch4_topup_06565,pdf-e1f1d8fe23d946e274dd,trusted_train
gold_p8_batch4_topup_06566,pdf-e1f1d8fe23d946e274dd,trusted_train
gold_p8_batch4_topup_06574,pdf-e2b3ca74ec7089d6f3a7,trusted_train
gold_p8_batch4_topup_06575,pdf-e2b3ca74ec7089d6f3a7,trusted_train
gold_p8_batch4_topup_06576,pdf-e2b3ca74ec7089d6f3a7,trusted_train
gold_p8_batch4_topup_06577,pdf-e2b3ca74ec7089d6f3a7,trusted_train
gold_p8_batch4_topup_06578,pdf-e2b3ca74ec7089d6f3a7,trusted_train
gold_p8_batch4_topup_06587,pdf-e30bd64a6be00a8cbe46,trusted_train
gold_p8_batch4_topup_06588,pdf-e30bd64a6be00a8cbe46,trusted_train
gold_p8_batch4_topup_06589,pdf-e30bd64a6be00a8cbe46,trusted_train
gold_p8_batch4_topup_06590,pdf-e30bd64a6be00a8cbe46,trusted_train
gold_p8_batch4_topup_06591,pdf-e30bd64a6be00a8cbe46,trusted_train
gold_p8_batch4_topup_06593,pdf-e385b0c3eb136f62fecc,trusted_train
gold_p8_batch4_topup_06594,pdf-e385b0c3eb136f62fecc,trusted_train
gold_p8_batch4_topup_06595,pdf-e385b0c3eb136f62fecc,trusted_train
gold_p8_batch4_topup_06600,pdf-e3a84e754f006688f547,trusted_train
gold_p8_batch4_topup_06601,pdf-e3a84e754f006688f547,trusted_train
gold_p8_batch4_topup_06614,pdf-e43df2555ff778bbfe72,trusted_train
gold_p8_batch4_topup_06615,pdf-e43df2555ff778bbfe72,trusted_train
gold_p8_batch4_topup_06616,pdf-e43df2555ff778bbfe72,trusted_train
gold_p8_batch4_topup_06621,pdf-e458f3edb240d52f4bf0,trusted_train
gold_p8_batch4_topup_06630,pdf-e4af566829b3043d3d30,trusted_train
gold_p8_batch4_topup_06631,pdf-e4af566829b3043d3d30,trusted_train
gold_p8_batch4_topup_06632,pdf-e4af566829b3043d3d30,trusted_train
gold_p8_batch4_topup_06633,pdf-e4af566829b3043d3d30,trusted_train
gold_p8_batch4_topup_06634,pdf-e4af566829b3043d3d30,trusted_train
gold_p8_batch4_topup_06635,pdf-e4c14013a0e8fa2f004a,trusted_train
gold_p8_batch4_topup_06645,pdf-e4fcdff8984d7f4b088c,trusted_train
gold_p8_batch4_topup_06646,pdf-e4fcdff8984d7f4b088c,trusted_train
gold_p8_batch4_topup_06647,pdf-e4fcdff8984d7f4b088c,trusted_train
gold_p8_batch4_topup_06648,pdf-e506f5a222236e5df834,trusted_train
gold_p8_batch4_topup_06649,pdf-e506f5a222236e5df834,trusted_train
gold_p8_batch4_topup_06650,pdf-e506f5a222236e5df834,trusted_train
gold_p8_batch4_topup_06651,pdf-e506f5a222236e5df834,trusted_train
gold_p8_batch4_topup_06652,pdf-e506f5a222236e5df834,trusted_train
gold_p8_batch4_topup_06657,pdf-e53721e0f180c84abe83,trusted_train
gold_p8_batch4_topup_06658,pdf-e5d876ac5b7638c10c75,trusted_train
gold_p8_batch4_topup_06659,pdf-e5dccc5b9118947105db,trusted_train
gold_p8_batch4_topup_06660,pdf-e5dccc5b9118947105db,trusted_train
gold_p8_batch4_topup_06661,pdf-e5dccc5b9118947105db,trusted_train
gold_p8_batch4_topup_06662,pdf-e5dccc5b9118947105db,trusted_train
gold_p8_batch4_topup_06663,pdf-e5dccc5b9118947105db,trusted_train
gold_p8_batch4_topup_06670,pdf-e604cc50095188225767,trusted_train
gold_p8_batch4_topup_06671,pdf-e604cc50095188225767,trusted_train
gold_p8_batch4_topup_06679,pdf-e66ba2e9ab4a53c04863,trusted_train
gold_p8_batch4_topup_06680,pdf-e66ba2e9ab4a53c04863,trusted_train
gold_p8_batch4_topup_06681,pdf-e66ba2e9ab4a53c04863,trusted_train
gold_p8_batch4_topup_06685,pdf-e6929d8ae968cfe02070,trusted_train
gold_p8_batch4_topup_06686,pdf-e6929d8ae968cfe02070,trusted_train
gold_p8_batch4_topup_06687,pdf-e6929d8ae968cfe02070,trusted_train
gold_p8_batch4_topup_06688,pdf-e6929d8ae968cfe02070,trusted_train
gold_p8_batch4_topup_06689,pdf-e6929d8ae968cfe02070,trusted_train
gold_p8_batch4_topup_06694,pdf-e6dcdee398ac13eb3796,trusted_train
gold_p8_batch4_topup_06705,pdf-e73204630ec88b44585e,trusted_train
gold_p8_batch4_topup_06714,pdf-e7412f308fce22bf73c8,trusted_train
gold_p8_batch4_topup_06715,pdf-e7412f308fce22bf73c8,trusted_train
gold_p8_batch4_topup_06716,pdf-e7412f308fce22bf73c8,trusted_train
gold_p8_batch4_topup_06717,pdf-e7412f308fce22bf73c8,trusted_train
gold_p8_batch4_topup_06718,pdf-e7412f308fce22bf73c8,trusted_train
gold_p8_batch4_topup_06719,pdf-e76211cfd594ed2a8ac7,trusted_train
gold_p8_batch4_topup_06720,pdf-e76211cfd594ed2a8ac7,trusted_train
gold_p8_batch4_topup_06721,pdf-e76211cfd594ed2a8ac7,trusted_train
gold_p8_batch4_topup_06722,pdf-e7c19aea27a04b22b293,trusted_train
gold_p8_batch4_topup_06723,pdf-e7c19aea27a04b22b293,trusted_train
gold_p8_batch4_topup_06724,pdf-e7c19aea27a04b22b293,trusted_train
gold_p8_batch4_topup_06725,pdf-e7c19aea27a04b22b293,trusted_train
gold_p8_batch4_topup_06726,pdf-e7c19aea27a04b22b293,trusted_train
gold_p8_batch4_topup_06727,pdf-e7dadb97dc284d64e1bc,trusted_train
gold_p8_batch4_topup_06728,pdf-e7dadb97dc284d64e1bc,trusted_train
gold_p8_batch4_topup_06729,pdf-e7dadb97dc284d64e1bc,trusted_train
gold_p8_batch4_topup_06730,pdf-e7dadb97dc284d64e1bc,trusted_train
gold_p8_batch4_topup_06736,pdf-e828bd13282165cfbbb6,trusted_train
gold_p8_batch4_topup_06737,pdf-e828bd13282165cfbbb6,trusted_train
gold_p8_batch4_topup_06738,pdf-e84e45ecb5100e6d0e6a,trusted_train
gold_p8_batch4_topup_06739,pdf-e84e45ecb5100e6d0e6a,trusted_train
gold_p8_batch4_topup_06740,pdf-e84e45ecb5100e6d0e6a,trusted_train
gold_p8_batch4_topup_06741,pdf-e84e45ecb5100e6d0e6a,trusted_train
gold_p8_batch4_topup_06742,pdf-e84e45ecb5100e6d0e6a,trusted_train
gold_p8_batch4_topup_06743,pdf-e87e2e94679f52e6af2d,trusted_train
gold_p8_batch4_topup_06752,pdf-e8b0ce57960acd28acdc,trusted_train
gold_p8_batch4_topup_06753,pdf-e8b0ce57960acd28acdc,trusted_train
gold_p8_batch4_topup_06754,pdf-e8b0ce57960acd28acdc,trusted_train
gold_p8_batch4_topup_06755,pdf-e8b0ce57960acd28acdc,trusted_train
gold_p8_batch4_topup_06756,pdf-e8b0ce57960acd28acdc,trusted_train
gold_p8_batch4_topup_06759,pdf-e8ed3de89a62dd45a533,trusted_train
gold_p8_batch4_topup_06760,pdf-e90579cb6b6a8871d306,trusted_train
gold_p8_batch4_topup_06761,pdf-e90579cb6b6a8871d306,trusted_train
gold_p8_batch4_topup_06762,pdf-e90579cb6b6a8871d306,trusted_train
gold_p8_batch4_topup_06763,pdf-e91360fb1cf25fae15ad,trusted_train
gold_p8_batch4_topup_06764,pdf-e91360fb1cf25fae15ad,trusted_train
gold_p8_batch4_topup_06765,pdf-e91360fb1cf25fae15ad,trusted_train
gold_p8_batch4_topup_06766,pdf-e91360fb1cf25fae15ad,trusted_train
gold_p8_batch4_topup_06767,pdf-e91360fb1cf25fae15ad,trusted_train
gold_p8_batch4_topup_06775,pdf-e9e2f7abd5d724d21c1a,trusted_train
gold_p8_batch4_topup_06777,pdf-e9e2f7abd5d724d21c1a,trusted_train
gold_p8_batch4_topup_06778,pdf-e9e2f7abd5d724d21c1a,trusted_train
gold_p8_batch4_topup_06779,pdf-e9e2f7abd5d724d21c1a,trusted_train
gold_p8_batch4_topup_06780,pdf-ea0edafeeb40f7a9e21a,trusted_train
gold_p8_batch4_topup_06781,pdf-ea0edafeeb40f7a9e21a,trusted_train
gold_p8_batch4_topup_06782,pdf-ea0edafeeb40f7a9e21a,trusted_train
gold_p8_batch4_topup_06783,pdf-ea0edafeeb40f7a9e21a,trusted_train
gold_p8_batch4_topup_06784,pdf-ea0edafeeb40f7a9e21a,trusted_train
gold_p8_batch4_topup_06785,pdf-ea11d34368be215b302c,trusted_train
gold_p8_batch4_topup_06786,pdf-ea11d34368be215b302c,trusted_train
gold_p8_batch4_topup_06787,pdf-ea11d34368be215b302c,trusted_train
gold_p8_batch4_topup_06788,pdf-ea11d34368be215b302c,trusted_train
gold_p8_batch4_topup_06789,pdf-eadcbf181ae56d9a3b35,trusted_train
gold_p8_batch4_topup_06790,pdf-eadcbf181ae56d9a3b35,trusted_train
gold_p8_batch4_topup_06791,pdf-eadcbf181ae56d9a3b35,trusted_train
gold_p8_batch4_topup_06801,pdf-eafbaaad4791218b4c99,trusted_train
gold_p8_batch4_topup_06802,pdf-eafbaaad4791218b4c99,trusted_train
gold_p8_batch4_topup_06803,pdf-eafbaaad4791218b4c99,trusted_train
gold_p8_batch4_topup_06804,pdf-eb10712651b250dd593a,trusted_train
gold_p8_batch4_topup_06805,pdf-eb10712651b250dd593a,trusted_train
gold_p8_batch4_topup_06806,pdf-eb10712651b250dd593a,trusted_train
gold_p8_batch4_topup_06807,pdf-eb10712651b250dd593a,trusted_train
gold_p8_batch4_topup_06808,pdf-eb10712651b250dd593a,trusted_train
gold_p8_batch4_topup_06819,pdf-eb70b21d2276eb0542fc,trusted_train
gold_p8_batch4_topup_06820,pdf-eb70b21d2276eb0542fc,trusted_train
gold_p8_batch4_topup_06821,pdf-eb70b21d2276eb0542fc,trusted_train
gold_p8_batch4_topup_06827,pdf-ec57a40b3efc20b13fbb,trusted_train
gold_p8_batch4_topup_06828,pdf-ec57a40b3efc20b13fbb,trusted_train
gold_p8_batch4_topup_06829,pdf-ec57a40b3efc20b13fbb,trusted_train
gold_p8_batch4_topup_06830,pdf-ec57a40b3efc20b13fbb,trusted_train
gold_p8_batch4_topup_06831,pdf-ec57a40b3efc20b13fbb,trusted_train
gold_p8_batch4_topup_06840,pdf-ec8cae1c9d3f50e776e3,trusted_train
gold_p8_batch4_topup_06841,pdf-ec8cae1c9d3f50e776e3,trusted_train
gold_p8_batch4_topup_06846,pdf-ecc4d11e93e675dbb1c7,trusted_train
gold_p8_batch4_topup_06847,pdf-ecc4d11e93e675dbb1c7,trusted_train
gold_p8_batch4_topup_06848,pdf-ecc8a37a29a5fbf02993,trusted_train
gold_p8_batch4_topup_06853,pdf-ed035678887cc823aa92,trusted_train
gold_p8_batch4_topup_06854,pdf-ed035678887cc823aa92,trusted_train
gold_p8_batch4_topup_06855,pdf-ed035678887cc823aa92,trusted_train
gold_p8_batch4_topup_06856,pdf-ed035678887cc823aa92,trusted_train
gold_p8_batch4_topup_06860,pdf-ed2fea3d48a10b6e0974,trusted_train
gold_p8_batch4_topup_06861,pdf-ed2fea3d48a10b6e0974,trusted_train
gold_p8_batch4_topup_06862,pdf-ed2fea3d48a10b6e0974,trusted_train
gold_p8_batch4_topup_06863,pdf-ed2fea3d48a10b6e0974,trusted_train
gold_p8_batch4_topup_06864,pdf-ed2fea3d48a10b6e0974,trusted_train
gold_p8_batch4_topup_06865,pdf-ed3988e5bd925a944130,trusted_train
gold_p8_batch4_topup_06866,pdf-ed3988e5bd925a944130,trusted_train
gold_p8_batch4_topup_06867,pdf-ed3988e5bd925a944130,trusted_train
gold_p8_batch4_topup_06868,pdf-ed3988e5bd925a944130,trusted_train
gold_p8_batch4_topup_06869,pdf-ed3988e5bd925a944130,trusted_train
gold_p8_batch4_topup_06883,pdf-eda7d7dfe790e636bc22,trusted_train
gold_p8_batch4_topup_06884,pdf-eda7d7dfe790e636bc22,trusted_train
gold_p8_batch4_topup_06885,pdf-ee09cf9e86112ac05f38,trusted_train
gold_p8_batch4_topup_06886,pdf-ee09cf9e86112ac05f38,trusted_train
gold_p8_batch4_topup_06887,pdf-ee0c2d33fc1696cb431c,trusted_train
gold_p8_batch4_topup_06888,pdf-ee0c2d33fc1696cb431c,trusted_train
gold_p8_batch4_topup_06889,pdf-ee0c2d33fc1696cb431c,trusted_train
gold_p8_batch4_topup_06890,pdf-ee0c2d33fc1696cb431c,trusted_train
gold_p8_batch4_topup_06891,pdf-ee0c2d33fc1696cb431c,trusted_train
gold_p8_batch4_topup_06896,pdf-ee1b0d5736a1246e7991,trusted_train
gold_p8_batch4_topup_06897,pdf-ee1b0d5736a1246e7991,trusted_train
gold_p8_batch4_topup_06898,pdf-ee1b0d5736a1246e7991,trusted_train
gold_p8_batch4_topup_06899,pdf-ee1b0d5736a1246e7991,trusted_train
gold_p8_batch4_topup_06900,pdf-ee1b0d5736a1246e7991,trusted_train
gold_p8_batch4_topup_06901,pdf-ee2b2ebd95679c870dd4,trusted_train
gold_p8_batch4_topup_06902,pdf-ee2b2ebd95679c870dd4,trusted_train
gold_p8_batch4_topup_06903,pdf-ee2b2ebd95679c870dd4,trusted_train
gold_p8_batch4_topup_06904,pdf-ee2b2ebd95679c870dd4,trusted_train
gold_p8_batch4_topup_06905,pdf-ee2b2ebd95679c870dd4,trusted_train
gold_p8_batch4_topup_06919,pdf-eeeb300712f68de934d1,trusted_train
gold_p8_batch4_topup_06920,pdf-eeeb300712f68de934d1,trusted_train
gold_p8_batch4_topup_06921,pdf-eeeb300712f68de934d1,trusted_train
gold_p8_batch4_topup_06922,pdf-eeeb300712f68de934d1,trusted_train
gold_p8_batch4_topup_06926,pdf-ef403ebbca2745ebc287,trusted_train
gold_p8_batch4_topup_06927,pdf-ef403ebbca2745ebc287,trusted_train
gold_p8_batch4_topup_06928,pdf-ef403ebbca2745ebc287,trusted_train
gold_p8_batch4_topup_06929,pdf-ef403ebbca2745ebc287,trusted_train
gold_p8_batch4_topup_06930,pdf-ef403ebbca2745ebc287,trusted_train
gold_p8_batch4_topup_06939,pdf-ef859f1266cbbc8fea1a,trusted_train
gold_p8_batch4_topup_06940,pdf-ef859f1266cbbc8fea1a,trusted_train
gold_p8_batch4_topup_06941,pdf-ef859f1266cbbc8fea1a,trusted_train
gold_p8_batch4_topup_06942,pdf-ef859f1266cbbc8fea1a,trusted_train
gold_p8_batch4_topup_06943,pdf-ef859f1266cbbc8fea1a,trusted_train
gold_p8_batch4_topup_06951,pdf-f00e5ae611f9238d8f0b,trusted_train
gold_p8_batch4_topup_06952,pdf-f017234640a8feea72eb,trusted_train
gold_p8_batch4_topup_06953,pdf-f017234640a8feea72eb,trusted_train
gold_p8_batch4_topup_06954,pdf-f017234640a8feea72eb,trusted_train
gold_p8_batch4_topup_06955,pdf-f017234640a8feea72eb,trusted_train
gold_p8_batch4_topup_06956,pdf-f017234640a8feea72eb,trusted_train
gold_p8_batch4_topup_06957,pdf-f026e959755fde9ec055,trusted_train
gold_p8_batch4_topup_06958,pdf-f026e959755fde9ec055,trusted_train
gold_p8_batch4_topup_06959,pdf-f026e959755fde9ec055,trusted_train
gold_p8_batch4_topup_06983,pdf-f1499fa97eb22495aa1a,trusted_train
gold_p8_batch4_topup_06984,pdf-f1499fa97eb22495aa1a,trusted_train
gold_p8_batch4_topup_06985,pdf-f1499fa97eb22495aa1a,trusted_train
gold_p8_batch4_topup_06986,pdf-f1499fa97eb22495aa1a,trusted_train
gold_p8_batch4_topup_06987,pdf-f1499fa97eb22495aa1a,trusted_train
gold_p8_batch4_topup_06988,pdf-f1525f6268d82e14c47c,trusted_train
gold_p8_batch4_topup_06989,pdf-f1525f6268d82e14c47c,trusted_train
gold_p8_batch4_topup_06990,pdf-f1525f6268d82e14c47c,trusted_train
gold_p8_batch4_topup_06991,pdf-f1525f6268d82e14c47c,trusted_train
gold_p8_batch4_topup_06992,pdf-f1525f6268d82e14c47c,trusted_train
gold_p8_batch4_topup_06993,pdf-f1584b1ba85766446385,trusted_train
gold_p8_batch4_topup_06994,pdf-f1584b1ba85766446385,trusted_train
gold_p8_batch4_topup_06995,pdf-f1584b1ba85766446385,trusted_train
gold_p8_batch4_topup_06996,pdf-f191f1c5d3caa5288b24,trusted_train
gold_p8_batch4_topup_06997,pdf-f191f1c5d3caa5288b24,trusted_train
gold_p8_batch4_topup_06998,pdf-f1b016f1dbe1e9e88a20,trusted_train
gold_p8_batch4_topup_06999,pdf-f1b016f1dbe1e9e88a20,trusted_train
gold_p8_batch4_topup_07000,pdf-f1b016f1dbe1e9e88a20,trusted_train
gold_p8_batch4_topup_07001,pdf-f1b016f1dbe1e9e88a20,trusted_train
gold_p8_batch4_topup_07002,pdf-f1b016f1dbe1e9e88a20,trusted_train
gold_p8_batch4_topup_07008,pdf-f1bec08f0727aa8fc79b,trusted_train
gold_p8_batch4_topup_07009,pdf-f1bec08f0727aa8fc79b,trusted_train
gold_p8_batch4_topup_07010,pdf-f1bec08f0727aa8fc79b,trusted_train
gold_p8_batch4_topup_07011,pdf-f1bec08f0727aa8fc79b,trusted_train
gold_p8_batch4_topup_07012,pdf-f1bec08f0727aa8fc79b,trusted_train
gold_p8_batch4_topup_07025,pdf-f2128d282f3a5cd7aab1,trusted_train
gold_p8_batch4_topup_07026,pdf-f2128d282f3a5cd7aab1,trusted_train
gold_p8_batch4_topup_07027,pdf-f2128d282f3a5cd7aab1,trusted_train
gold_p8_batch4_topup_07028,pdf-f2128d282f3a5cd7aab1,trusted_train
gold_p8_batch4_topup_07029,pdf-f2128d282f3a5cd7aab1,trusted_train
gold_p8_batch4_topup_07033,pdf-f243af62e5943e9cba7c,trusted_train
gold_p8_batch4_topup_07034,pdf-f243af62e5943e9cba7c,trusted_train
gold_p8_batch4_topup_07035,pdf-f243af62e5943e9cba7c,trusted_train
gold_p8_batch4_topup_07036,pdf-f243af62e5943e9cba7c,trusted_train
gold_p8_batch4_topup_07037,pdf-f243af62e5943e9cba7c,trusted_train
gold_p8_batch4_topup_07048,pdf-f2a222bb7fdf8e7a5dc1,trusted_train
gold_p8_batch4_topup_07049,pdf-f2a222bb7fdf8e7a5dc1,trusted_train
gold_p8_batch4_topup_07051,pdf-f2d50f3f6fb37cf1273d,trusted_train
gold_p8_batch4_topup_07052,pdf-f2ff62331de5dbd6a119,trusted_train
gold_p8_batch4_topup_07053,pdf-f2ff62331de5dbd6a119,trusted_train
gold_p8_batch4_topup_07054,pdf-f32b6ddd0abc1f77bc37,trusted_train
gold_p8_batch4_topup_07056,pdf-f38f5402087b9593a0b5,trusted_train
gold_p8_batch4_topup_07071,pdf-f4a8de94416bc3d56b59,trusted_train
gold_p8_batch4_topup_07072,pdf-f4a8de94416bc3d56b59,trusted_train
gold_p8_batch4_topup_07073,pdf-f4a8de94416bc3d56b59,trusted_train
gold_p8_batch4_topup_07074,pdf-f4aa2f50d386a74ad7e0,trusted_train
gold_p8_batch4_topup_07075,pdf-f4aa2f50d386a74ad7e0,trusted_train
gold_p8_batch4_topup_07076,pdf-f4aa2f50d386a74ad7e0,trusted_train
gold_p8_batch4_topup_07077,pdf-f4aa2f50d386a74ad7e0,trusted_train
gold_p8_batch4_topup_07078,pdf-f4d3f7254b3d5d9aa471,trusted_train
gold_p8_batch4_topup_07079,pdf-f4d3f7254b3d5d9aa471,trusted_train
gold_p8_batch4_topup_07080,pdf-f4d3f7254b3d5d9aa471,trusted_train
gold_p8_batch4_topup_07081,pdf-f51213d58c4f113bffb1,trusted_train
gold_p8_batch4_topup_07082,pdf-f51213d58c4f113bffb1,trusted_train
gold_p8_batch4_topup_07083,pdf-f51213d58c4f113bffb1,trusted_train
gold_p8_batch4_topup_07084,pdf-f51213d58c4f113bffb1,trusted_train
gold_p8_batch4_topup_07085,pdf-f51213d58c4f113bffb1,trusted_train
gold_p8_batch4_topup_07092,pdf-f55c2c7278902b67942f,trusted_train
gold_p8_batch4_topup_07093,pdf-f55c2c7278902b67942f,trusted_train
gold_p8_batch4_topup_07094,pdf-f55c2c7278902b67942f,trusted_train
gold_p8_batch4_topup_07095,pdf-f55c2c7278902b67942f,trusted_train
gold_p8_batch4_topup_07096,pdf-f55c2c7278902b67942f,trusted_train
gold_p8_batch4_topup_07097,pdf-f58b202b86df2b80eba4,trusted_train
gold_p8_batch4_topup_07098,pdf-f58b202b86df2b80eba4,trusted_train
gold_p8_batch4_topup_07099,pdf-f58b202b86df2b80eba4,trusted_train
gold_p8_batch4_topup_07100,pdf-f58b202b86df2b80eba4,trusted_train
gold_p8_batch4_topup_07101,pdf-f58b202b86df2b80eba4,trusted_train
gold_p8_batch4_topup_07103,pdf-f5aba4455b077c1a8d31,trusted_train
gold_p8_batch4_topup_07116,pdf-f60598c174d094fdde11,trusted_train
gold_p8_batch4_topup_07120,pdf-f6133aa97ee58cd27750,trusted_train
gold_p8_batch4_topup_07121,pdf-f6133aa97ee58cd27750,trusted_train
gold_p8_batch4_topup_07122,pdf-f6133aa97ee58cd27750,trusted_train
gold_p8_batch4_topup_07123,pdf-f6133aa97ee58cd27750,trusted_train
gold_p8_batch4_topup_07124,pdf-f6133aa97ee58cd27750,trusted_train
gold_p8_batch4_topup_07129,pdf-f61c8ee92f606efa43cb,trusted_train
gold_p8_batch4_topup_07130,pdf-f61c8ee92f606efa43cb,trusted_train
gold_p8_batch4_topup_07131,pdf-f61c8ee92f606efa43cb,trusted_train
gold_p8_batch4_topup_07132,pdf-f61c8ee92f606efa43cb,trusted_train
gold_p8_batch4_topup_07133,pdf-f61c8ee92f606efa43cb,trusted_train
gold_p8_batch4_topup_07134,pdf-f64ecefa00fb064b0cf1,trusted_train
gold_p8_batch4_topup_07135,pdf-f64ecefa00fb064b0cf1,trusted_train
gold_p8_batch4_topup_07136,pdf-f64ecefa00fb064b0cf1,trusted_train
gold_p8_batch4_topup_07147,pdf-f6fcb26ca1aa5224b30d,trusted_train
gold_p8_batch4_topup_07148,pdf-f6fcb26ca1aa5224b30d,trusted_train
gold_p8_batch4_topup_07149,pdf-f6fcb26ca1aa5224b30d,trusted_train
gold_p8_batch4_topup_07150,pdf-f709392c34e928b4e9cf,trusted_train
gold_p8_batch4_topup_07151,pdf-f709392c34e928b4e9cf,trusted_train
gold_p8_batch4_topup_07152,pdf-f709392c34e928b4e9cf,trusted_train
gold_p8_batch4_topup_07153,pdf-f709392c34e928b4e9cf,trusted_train
gold_p8_batch4_topup_07154,pdf-f709392c34e928b4e9cf,trusted_train
gold_p8_batch4_topup_07161,pdf-f79462fb43eec9941234,trusted_train
gold_p8_batch4_topup_07162,pdf-f79462fb43eec9941234,trusted_train
gold_p8_batch4_topup_07163,pdf-f79462fb43eec9941234,trusted_train
gold_p8_batch4_topup_07164,pdf-f79462fb43eec9941234,trusted_train
gold_p8_batch4_topup_07165,pdf-f79462fb43eec9941234,trusted_train
gold_p8_batch4_topup_07166,pdf-f7a61d0bc8537923e1ed,trusted_train
gold_p8_batch4_topup_07167,pdf-f7a61d0bc8537923e1ed,trusted_train
gold_p8_batch4_topup_07168,pdf-f7a61d0bc8537923e1ed,trusted_train
gold_p8_batch4_topup_07169,pdf-f7a61d0bc8537923e1ed,trusted_train
gold_p8_batch4_topup_07170,pdf-f7a61d0bc8537923e1ed,trusted_train
gold_p8_batch4_topup_07178,pdf-f83ef67218b6f5bac151,trusted_train
gold_p8_batch4_topup_07187,pdf-f8a1d744501f7c8bec7c,trusted_train
gold_p8_batch4_topup_07188,pdf-f8a1d744501f7c8bec7c,trusted_train
gold_p8_batch4_topup_07189,pdf-f8a1d744501f7c8bec7c,trusted_train
gold_p8_batch4_topup_07190,pdf-f8a1d744501f7c8bec7c,trusted_train
gold_p8_batch4_topup_07191,pdf-f8a1d744501f7c8bec7c,trusted_train
gold_p8_batch4_topup_07192,pdf-f8c2c79664055e909e92,trusted_train
gold_p8_batch4_topup_07193,pdf-f8c2c79664055e909e92,trusted_train
gold_p8_batch4_topup_07194,pdf-f8c2c79664055e909e92,trusted_train
gold_p8_batch4_topup_07195,pdf-f8c2c79664055e909e92,trusted_train
gold_p8_batch4_topup_07196,pdf-f8c2c79664055e909e92,trusted_train
gold_p8_batch4_topup_07197,pdf-f8d8173e658f9ab180d1,trusted_train
gold_p8_batch4_topup_07198,pdf-f8d8173e658f9ab180d1,trusted_train
gold_p8_batch4_topup_07199,pdf-f8d8173e658f9ab180d1,trusted_train
gold_p8_batch4_topup_07200,pdf-f8d8173e658f9ab180d1,trusted_train
gold_p8_batch4_topup_07201,pdf-f8d8173e658f9ab180d1,trusted_train
gold_p8_batch4_topup_07202,pdf-f8eabe8c47111dfd5e78,trusted_train
gold_p8_batch4_topup_07203,pdf-f8eabe8c47111dfd5e78,trusted_train
gold_p8_batch4_topup_07204,pdf-f8eabe8c47111dfd5e78,trusted_train
gold_p8_batch4_topup_07205,pdf-f8eabe8c47111dfd5e78,trusted_train
gold_p8_batch4_topup_07206,pdf-f8eabe8c47111dfd5e78,trusted_train
gold_p8_batch4_topup_07209,pdf-f932b9b38eaa5b31c6a7,trusted_train
gold_p8_batch4_topup_07210,pdf-f932b9b38eaa5b31c6a7,trusted_train
gold_p8_batch4_topup_07211,pdf-f932b9b38eaa5b31c6a7,trusted_train
gold_p8_batch4_topup_07212,pdf-f932b9b38eaa5b31c6a7,trusted_train
gold_p8_batch4_topup_07213,pdf-f932b9b38eaa5b31c6a7,trusted_train
gold_p8_batch4_topup_07217,pdf-f9b1798c6e3f366be676,trusted_train
gold_p8_batch4_topup_07218,pdf-f9b1798c6e3f366be676,trusted_train
gold_p8_batch4_topup_07219,pdf-f9b1798c6e3f366be676,trusted_train
gold_p8_batch4_topup_07220,pdf-f9b1798c6e3f366be676,trusted_train
gold_p8_batch4_topup_07221,pdf-f9b1798c6e3f366be676,trusted_train
gold_p8_batch4_topup_07226,pdf-f9ca1d66566c524ef834,trusted_train
gold_p8_batch4_topup_07227,pdf-f9ca1d66566c524ef834,trusted_train
gold_p8_batch4_topup_07228,pdf-f9cd54ca35c21f4b519c,trusted_train
gold_p8_batch4_topup_07229,pdf-f9cd54ca35c21f4b519c,trusted_train
gold_p8_batch4_topup_07230,pdf-fa1c1e42eb19cae3b7f8,trusted_train
gold_p8_batch4_topup_07231,pdf-fa1c1e42eb19cae3b7f8,trusted_train
gold_p8_batch4_topup_07232,pdf-fa1c1e42eb19cae3b7f8,trusted_train
gold_p8_batch4_topup_07233,pdf-fa1c1e42eb19cae3b7f8,trusted_train
gold_p8_batch4_topup_07238,pdf-fa4bf6ab968f19003e45,trusted_train
gold_p8_batch4_topup_07243,pdf-fa7c194ed18903cdacf6,trusted_train
gold_p8_batch4_topup_07244,pdf-fa7c194ed18903cdacf6,trusted_train
gold_p8_batch4_topup_07245,pdf-fa7c194ed18903cdacf6,trusted_train
gold_p8_batch4_topup_07246,pdf-fa7c194ed18903cdacf6,trusted_train
gold_p8_batch4_topup_07247,pdf-fa7c194ed18903cdacf6,trusted_train
gold_p8_batch4_topup_07253,pdf-fa9049bc4a3919c3899d,trusted_train
gold_p8_batch4_topup_07254,pdf-fa9049bc4a3919c3899d,trusted_train
gold_p8_batch4_topup_07255,pdf-fa9049bc4a3919c3899d,trusted_train
gold_p8_batch4_topup_07256,pdf-fa9049bc4a3919c3899d,trusted_train
gold_p8_batch4_topup_07257,pdf-fa9049bc4a3919c3899d,trusted_train
gold_p8_batch4_topup_07258,pdf-fa9af106435ca7e98763,trusted_train
gold_p8_batch4_topup_07259,pdf-fa9af106435ca7e98763,trusted_train
gold_p8_batch4_topup_07260,pdf-fa9af106435ca7e98763,trusted_train
gold_p8_batch4_topup_07261,pdf-fa9af106435ca7e98763,trusted_train
gold_p8_batch4_topup_07269,pdf-fad72c9613668c78c9f4,trusted_train
gold_p8_batch4_topup_07270,pdf-fad72c9613668c78c9f4,trusted_train
gold_p8_batch4_topup_07271,pdf-fad72c9613668c78c9f4,trusted_train
gold_p8_batch4_topup_07272,pdf-fad72c9613668c78c9f4,trusted_train
gold_p8_batch4_topup_07273,pdf-fb07cc8058d984517b7c,trusted_train
gold_p8_batch4_topup_07274,pdf-fb07cc8058d984517b7c,trusted_train
gold_p8_batch4_topup_07275,pdf-fb07cc8058d984517b7c,trusted_train
gold_p8_batch4_topup_07276,pdf-fb07cc8058d984517b7c,trusted_train
gold_p8_batch4_topup_07277,pdf-fb07cc8058d984517b7c,trusted_train
gold_p8_batch4_topup_07285,pdf-fb407b847bb2505bdd3d,trusted_train
gold_p8_batch4_topup_07286,pdf-fb671d0a0e093233b61f,trusted_train
gold_p8_batch4_topup_07287,pdf-fb671d0a0e093233b61f,trusted_train
gold_p8_batch4_topup_07290,pdf-fbd012d9e09ff5f39603,trusted_train
gold_p8_batch4_topup_07291,pdf-fbd012d9e09ff5f39603,trusted_train
gold_p8_batch4_topup_07292,pdf-fbd012d9e09ff5f39603,trusted_train
gold_p8_batch4_topup_07293,pdf-fbd012d9e09ff5f39603,trusted_train
gold_p8_batch4_topup_07294,pdf-fbd012d9e09ff5f39603,trusted_train
gold_p8_batch4_topup_07297,pdf-fbd072c5f05a3bdeb91e,trusted_train
gold_p8_batch4_topup_07298,pdf-fbd072c5f05a3bdeb91e,trusted_train
gold_p8_batch4_topup_07299,pdf-fbd072c5f05a3bdeb91e,trusted_train
gold_p8_batch4_topup_07300,pdf-fbd072c5f05a3bdeb91e,trusted_train
gold_p8_batch4_topup_07301,pdf-fbd072c5f05a3bdeb91e,trusted_train
gold_p8_batch4_topup_07302,pdf-fbf932ba89a4a39f6b4c,trusted_train
gold_p8_batch4_topup_07303,pdf-fbf932ba89a4a39f6b4c,trusted_train
gold_p8_batch4_topup_07304,pdf-fbf932ba89a4a39f6b4c,trusted_train
gold_p8_batch4_topup_07305,pdf-fbf932ba89a4a39f6b4c,trusted_train
gold_p8_batch4_topup_07306,pdf-fbf932ba89a4a39f6b4c,trusted_train
gold_p8_batch4_topup_07325,pdf-fcdf8471f9fa77130ec2,trusted_train
gold_p8_batch4_topup_07326,pdf-fcdf8471f9fa77130ec2,trusted_train
gold_p8_batch4_topup_07327,pdf-fd04425add035bab299c,trusted_train
gold_p8_batch4_topup_07328,pdf-fd04425add035bab299c,trusted_train
gold_p8_batch4_topup_07329,pdf-fd04425add035bab299c,trusted_train
gold_p8_batch4_topup_07330,pdf-fd04425add035bab299c,trusted_train
gold_p8_batch4_topup_07331,pdf-fd04425add035bab299c,trusted_train
gold_p8_batch4_topup_07343,pdf-fd3493b221a9b86b1cd3,trusted_train
gold_p8_batch4_topup_07353,pdf-fd74915a968297a7b20f,trusted_train
gold_p8_batch4_topup_07354,pdf-fd74915a968297a7b20f,trusted_train
gold_p8_batch4_topup_07355,pdf-fd74915a968297a7b20f,trusted_train
gold_p8_batch4_topup_07356,pdf-fd74915a968297a7b20f,trusted_train
gold_p8_batch4_topup_07357,pdf-fd74915a968297a7b20f,trusted_train
gold_p8_batch4_topup_07358,pdf-fd88f14d64dcd24f0234,trusted_train
gold_p8_batch4_topup_07359,pdf-fd88f14d64dcd24f0234,trusted_train
gold_p8_batch4_topup_07360,pdf-fd88f14d64dcd24f0234,trusted_train
gold_p8_batch4_topup_07361,pdf-fd88f14d64dcd24f0234,trusted_train
gold_p8_batch4_topup_07362,pdf-fd88f14d64dcd24f0234,trusted_train
gold_p8_batch4_topup_07363,pdf-fd8df00acf01a373882d,trusted_train
gold_p8_batch4_topup_07364,pdf-fd8df00acf01a373882d,trusted_train
gold_p8_batch4_topup_07365,pdf-fd8df00acf01a373882d,trusted_train
gold_p8_batch4_topup_07366,pdf-fd8df00acf01a373882d,trusted_train
gold_p8_batch4_topup_07367,pdf-fd8df00acf01a373882d,trusted_train
gold_p8_batch4_topup_07368,pdf-fdadf6f2492ea5917592,trusted_train
gold_p8_batch4_topup_07369,pdf-fdadf6f2492ea5917592,trusted_train
gold_p8_batch4_topup_07370,pdf-fdadf6f2492ea5917592,trusted_train
gold_p8_batch4_topup_07371,pdf-fdb4263094cc612c6862,trusted_train
gold_p8_batch4_topup_07372,pdf-fdb4263094cc612c6862,trusted_train
gold_p8_batch4_topup_07373,pdf-fdb4263094cc612c6862,trusted_train
gold_p8_batch4_topup_07374,pdf-fdb4263094cc612c6862,trusted_train
gold_p8_batch4_topup_07375,pdf-fdb4263094cc612c6862,trusted_train
gold_p8_batch4_topup_07389,pdf-fe3ed96eb5e07b0bb2dc,trusted_train
gold_p8_batch4_topup_07390,pdf-fe3ed96eb5e07b0bb2dc,trusted_train
gold_p8_batch4_topup_07391,pdf-fe3ed96eb5e07b0bb2dc,trusted_train
gold_p8_batch4_topup_07401,pdf-fe8892f5ce82cd8155fc,trusted_train
gold_p8_batch4_topup_07402,pdf-fe8892f5ce82cd8155fc,trusted_train
gold_p8_batch4_topup_07403,pdf-fe8892f5ce82cd8155fc,trusted_train
gold_p8_batch4_topup_07404,pdf-fe8892f5ce82cd8155fc,trusted_train
gold_p8_batch4_topup_07405,pdf-fe8892f5ce82cd8155fc,trusted_train
gold_p8_batch4_topup_07408,pdf-fed58073abfc2e4f331e,trusted_train
gold_p8_batch4_topup_07409,pdf-fed58073abfc2e4f331e,trusted_train
gold_p8_batch4_topup_07410,pdf-fed58073abfc2e4f331e,trusted_train
gold_p8_batch4_topup_07411,pdf-fed58073abfc2e4f331e,trusted_train
gold_p8_batch4_topup_07412,pdf-fed58073abfc2e4f331e,trusted_train
gold_p8_batch4_topup_07413,pdf-fee664d819c308f133ae,trusted_train
gold_p8_batch4_topup_07414,pdf-fee664d819c308f133ae,trusted_train
gold_p8_batch4_topup_07415,pdf-fee664d819c308f133ae,trusted_train
gold_p8_batch4_topup_07416,pdf-fee664d819c308f133ae,trusted_train
gold_p8_batch4_topup_07419,pdf-ff3ceafd779fded15906,trusted_train
gold_p8_batch4_topup_07420,pdf-ff3ceafd779fded15906,trusted_train
gold_p8_batch4_topup_07429,pdf-ff91e2612d1437d8a1d0,trusted_train
gold_p8_batch4_topup_07430,pdf-ff91e2612d1437d8a1d0,trusted_train
gold_p8_batch4_topup_07431,pdf-ff91e2612d1437d8a1d0,trusted_train
gold_p8_batch4_topup_07432,pdf-ff91e2612d1437d8a1d0,trusted_train
gold_p8_batch4_topup_07433,pdf-ff91e2612d1437d8a1d0,trusted_train
