paper_id,focal_work_id,focal_year,ksc_primary_topic_id,focal_self_history_conflict,own_h_p_subtracted,own_h_p,base_eligible_history_count,eligible_historical_paper_count_after_self_exclusion,ksc,ksc_z
kulikov23a,W4310556944,2023,T10775,True,False,,6782,6782,0.2150272705752434,-0.4269615708365085
pdf-00055d7890e07e97afbe,W4400434059,2025,T10181,True,False,,18451,18451,0.2148456466874036,-0.4395197377925078
pdf-00186f0d85560c12feb6,W4400601324,2025,T14510,True,False,,4216,4216,0.2610903380100461,2.7580142505275886
pdf-0036f30eb52873ca403c,W2933168239,2020,T11512,True,True,0.2173001988465593,7204,7203,0.2299563357740676,0.60529082445009
pdf-006095ac239ac1fe2c14,W3132297750,2022,T11689,True,True,0.1947442996627509,7000,6999,0.2172220316374312,-0.2752074366457331
pdf-007e1ee3fcec03d21db1,W4306703270,2023,T11303,True,False,,4507,4507,0.2085370029184561,-0.8757233818102791
pdf-0093566efa0cc8a2694f,W4403322249,2025,T10181,True,False,,18451,18451,0.2148456466874036,-0.4395197377925078
pdf-00cce5999e7559732eb2,W4386651314,2024,T10028,True,False,,35888,35888,0.2183870221047258,-0.1946555612044219
pdf-00d629e267d3eb815d69,W4281566535,2023,T11689,True,False,,8127,8127,0.2203438853724921,-0.0593505860771667
pdf-00e7763fcef66d6ac42e,W4389073283,2024,T11307,True,False,,9241,9241,0.2076211307271275,-0.9390502713833592
pdf-00f4f3933f6b6dafa45b,W4403346569,2025,T10220,True,False,,17630,17630,0.2376758613630218,1.1390482080203452
pdf-012ea6bee8f76a9c7a14,W4401203330,2025,T12029,True,False,,1334,1334,0.248399746248613,1.8805384294443344
pdf-01916fa9813b10ce3144,W4403322813,2025,T13690,True,False,,2328,2328,0.2630229028549184,2.8916391402040857
pdf-01ab806573ee378c4921,W2972470287,2020,T11689,True,True,0.1900387409901823,2633,2632,0.2131448724675925,-0.5571177413419889
pdf-01c938d829334e8718f1,W4404648689,2025,T10331,True,False,,17660,17660,0.2161463112792852,-0.3495868369341207
pdf-01d4b0ea96a2ab702fa8,W4281789500,2023,T10201,True,False,,9012,9012,0.2107778646946999,-0.720781668767452
pdf-01d8ba7910780a608606,W4403575085,2025,T12026,True,False,,6912,6912,0.2375910459783148,1.133183749472207
pdf-01ed96c25e95622b7e9b,W3171045091,2022,T11612,True,True,0.1724766642207986,3155,3154,0.1835997462944918,-2.599980228380353
pdf-021d459790d968b0b1f5,W4388555505,2024,T10719,True,False,,5783,5783,0.2138133101371057,-0.5108994164659509
pdf-02a9195a597e9aa27e0c,W4403579965,2025,T10181,True,False,,18451,18451,0.2148456466874036,-0.4395197377925078
pdf-02b92fa09caff151d425,W4399198130,2025,T13910,True,False,,3204,3204,0.2366361658881283,1.0671597052886423
pdf-02f24ca2517c1acf6394,W4400222392,2025,T10181,True,False,,18451,18451,0.2148456466874036,-0.4395197377925078
pdf-035117cadc294d564e15,W4403852032,2025,T10181,True,False,,18451,18451,0.2148456466874036,-0.4395197377925078
pdf-037622dfb2b8623546c6,W4400375208,2025,T10462,True,False,,7568,7568,0.2328093768679064,0.802560945770089
pdf-0376e4c3f7432a1cfd68,W4399657103,2025,T10181,True,False,,18451,18451,0.2148456466874036,-0.4395197377925078
pdf-03acff8e6d0bce7a1ce0,W4402502205,2025,T10764,True,False,,18111,18111,0.2428389748029139,1.496045524629613
pdf-03b749f06eead11ea1bf,W3092104587,2021,T11574,True,True,0.2111210652896966,2977,2976,0.2254895680173776,0.2964414990150797
pdf-03d2c70f545e956c0984,W4387324076,2024,T11714,True,False,,8564,8564,0.215440724943133,-0.3983737620278648
pdf-03d5b802be05efc719e2,W4405432878,2025,T10028,True,False,,35329,35329,0.221402111029327,0.0138191639690476
pdf-0430a829fffedec9f187,W4404356278,2025,T12859,True,False,,10312,10312,0.2558546224123116,2.3959969443652067
pdf-04454cd167ca5db10732,W4387560095,2024,T11490,True,False,,5719,5719,0.252569430603988,2.1688462776653905
pdf-044ca3a6d8a0fd2175bf,W4386473263,2024,T11801,True,False,,2655,2655,0.2553221321349432,2.359178539665387
pdf-0463bfd89db839d6c3e9,W4389469975,2024,T10812,True,False,,11077,11077,0.2131633046260181,-0.5558432717464903
pdf-047d6937cd676d768040,W3206916870,2022,T11309,True,True,0.2206005192748306,7213,7212,0.2259887646720911,0.3309578559124699
pdf-04b0bbfedf84abfbcfd0,W4403324051,2025,T11269,True,False,,3672,3672,0.2146866220075582,-0.4505153094839668
pdf-04b28766035ac757139f,W4387892630,2024,T10181,True,False,,19125,19125,0.2114480374098093,-0.6744433762344455
pdf-04e19469ef969a9600ff,W3035367994,2021,T11975,True,True,0.2116243290432229,3816,3815,0.2268035108857323,0.3872925104525309
pdf-04eb22607b3d995bbc3f,W4387596110,2024,T10462,True,False,,8121,8121,0.2300021356558193,0.6084576026115135
pdf-050f52f59b6c5765a73b,W4398795990,2025,T11396,True,False,,16755,16755,0.2522100216948301,2.1439953775973253
pdf-053d698e3839e301a9b2,W4378759994,2024,T12535,True,False,,5077,5077,0.2153823917209413,-0.4024071430554266
pdf-054c8dfd1554acadfc63,W4286750714,2023,T10775,True,False,,6782,6782,0.2150272705752434,-0.4269615708365085
pdf-055314d848d4a04e5030,W4286908116,2022,T10462,True,False,,7924,7924,0.226264057110898,0.3499926230313877
pdf-055f1c7bfb4b44b49ec8,W4387797872,2024,T10028,True,False,,35888,35888,0.2183870221047258,-0.1946555612044219
pdf-05adc680da78729b24a2,W4396242449,2025,T10211,True,False,,30124,30124,0.2699390580788924,3.369848438712829
pdf-05ed48eb1666ec7438a5,W4403571786,2025,T10320,True,False,,12661,12661,0.2368102749686702,1.0791982698629834
pdf-0612df1c809558261ad0,W4403883712,2025,T13114,True,False,,2680,2680,0.241294342865844,1.3892437928639771
pdf-061b8d75ed2abd5fdbc3,W4309047569,2023,T12814,True,False,,3194,3194,0.2095811118931348,-0.8035297129034509
pdf-0647c9c4d163a398980d,W4404355337,2025,T12357,True,False,,5141,5141,0.2300075379710645,0.6088311392514613
pdf-06551613a4d554302991,W3206026236,2022,T11206,True,True,0.2119683730599442,6813,6812,0.2253023739347251,0.2834981875867971
pdf-06ebfd46e18faf61fe36,W4380136478,2024,T10028,True,False,,35888,35888,0.2183870221047258,-0.1946555612044219
pdf-06ed80489b753d728756,W3121940469,2021,T10775,True,False,0.1843059533676855,4905,4905,0.2089552903484086,-0.8468013966935657
pdf-06f17c934fdac1e42bb9,W3106318401,2020,T11273,True,False,,2872,2872,0.2074765554069574,-0.9490467593454244
pdf-07044deb4f1d789aa938,W4403852121,2025,T10534,True,False,,7006,7006,0.2390988959450747,1.237442235800161
pdf-070b319788094565becb,W4366850747,2024,T11714,True,False,,8564,8564,0.215440724943133,-0.3983737620278648
pdf-072261b309c3883f07a3,W4405254543,2025,T10824,True,False,,4337,4337,0.229806076455181,0.5949013231806499
pdf-07292c8fae2733ba61aa,W4405281198,2025,T10531,True,False,,11347,11347,0.2108688804630102,-0.7144884920952369
pdf-0737222d141d0cbc1472,W4399830193,2025,T10764,True,False,,18111,18111,0.2428389748029139,1.496045524629613
pdf-0752b1ba77e411ffab71,W4404986180,2025,T12111,True,False,,14722,14722,0.2563821185377523,2.4324700343905232
pdf-0796d626a5366aaf7919,W4401306270,2025,T10462,True,False,,7568,7568,0.2328093768679064,0.802560945770089
pdf-07985ad40b2b675cb1a6,W4387561040,2024,T11304,True,False,,462,462,0.238735351184238,1.2123053672039217
pdf-07ae93026b3d0bb9bd45,W4384644362,2024,T11106,True,False,,3790,3790,0.2220280047709208,0.0570958397254071
pdf-07c1fa68fdbbaefbb91c,W4403365257,2025,T10901,True,False,,2554,2554,0.2243786601472474,0.2196291002069468
pdf-07df51a485da4f2d07b1,W4400702826,2025,T10181,True,False,,18451,18451,0.2148456466874036,-0.4395197377925078
pdf-07fa420124b6055ef0cc,W4404988388,2025,T10320,True,False,,12661,12661,0.2368102749686702,1.0791982698629834
pdf-0808af5c04bbd826eb12,W3172339164,2022,T11182,True,True,0.2392755920078989,658,657,0.228905563695443,0.53263644317336
pdf-081a296156277b22a54d,W3171313631,2022,T12101,True,True,0.1930210576408122,3890,3889,0.2100869316236409,-0.7685554113350369
pdf-0850d7303c733480ac4f,W4283034659,2023,T11714,True,False,,7352,7352,0.2144551596211311,-0.466519499942387
pdf-0888187a8ea00ae8221e,W4281712225,2023,T11307,True,False,,8248,8248,0.2051300416060141,-1.111293655540076
pdf-089f9937e6b88e348c44,W4313304472,2023,T10028,True,False,,32238,32238,0.2164176689326195,-0.3308241358605357
pdf-08a5ee0aa77e194eabb1,W4387725612,2024,T11550,True,False,,4596,4596,0.2185882809847704,-0.1807397561468438
pdf-08e612a0e0c9ea24eac5,W4320470088,2023,T11689,True,False,,8127,8127,0.2203438853724921,-0.0593505860771667
pdf-08eb700361a175f3b571,W4399655853,2025,T10028,True,False,,35329,35329,0.221402111029327,0.0138191639690476
pdf-092603dadde42e6ece8f,W4387947619,2024,T10028,True,False,,35888,35888,0.2183870221047258,-0.1946555612044219
pdf-09298edfd8679e5c8696,W4386437528,2024,T11689,True,False,,9232,9232,0.2248482769145755,0.2521001910947703
pdf-092f276a6f0595671582,W4404344913,2025,T11195,True,False,,572,572,0.2327075276175969,0.7955187009148373
pdf-095c50d026e0461c4448,W4298184221,2023,T10028,True,False,,32238,32238,0.2164176689326195,-0.3308241358605357
pdf-097dff995aaad663c5b9,W4403883083,2025,T11309,True,False,,8388,8388,0.235152664946819,0.9645848032648366
pdf-09a9561ef1a17c6ed5a3,W4319991279,2023,T12072,True,False,,3627,3627,0.2211420612868984,-0.0041616651009994
pdf-09bce459a0a8e847c7fc,W3202245366,2022,T10028,True,True,0.2077377234423737,29821,29820,0.2147083630861586,-0.449012048552186
pdf-09bdbafe2f13052d25e6,W4298184239,2023,T10775,True,False,,6782,6782,0.2150272705752434,-0.4269615708365085
pdf-09ca1f7d6385a744eef2,W4399400064,2025,T13030,True,False,,205,205,0.1670389641867747,-3.745055741873109
pdf-09d131d2c9adc583cbc2,W4379539679,2024,T10719,True,False,,5783,5783,0.2138133101371057,-0.5108994164659509
pdf-0a15abd0d57c094908d2,W4400025272,2025,T12613,True,False,,410,410,0.240984507875349,1.3678206222352325
pdf-0a6c949ac07dd5d2f414,W4287162146,2022,T11704,True,False,,2636,2636,0.2289182042234591,0.5335104573965261
pdf-0a787ad4c1a5a90765b5,W3207388411,2022,T10775,True,True,0.1683059654635182,6265,6264,0.2118353173941961,-0.6476653639339002
pdf-0a7a9a9b9257bdb15af0,W3166049810,2022,T11689,True,True,0.2242854850795832,7000,6999,0.2172178108651185,-0.2754992769097926
pdf-0a7db2b211597cc5d1f5,W4398230033,2025,T12026,True,False,,6912,6912,0.2375910459783148,1.133183749472207
pdf-0b0c23c7d67af48fdf1a,W4404306215,2025,T12292,True,False,,2825,2825,0.2088327873678027,-0.8552717190798751
pdf-0b302e9ad9e81f80ffe7,W4403365495,2025,T10743,True,False,,2529,2529,0.2191437342304807,-0.1423336044073929
pdf-0b594659775ee0578542,W3206450082,2022,T11273,True,True,0.1907134863687321,6233,6232,0.2120308769740343,-0.6341436301869561
pdf-0b87e6249332c4816e76,W4403573584,2025,T11714,True,False,,9303,9303,0.2166108880572939,-0.3174642300925548
pdf-0b94c606ee83c75da589,W4378509366,2024,T12072,True,False,,3410,3410,0.2228574156605375,0.114444465783455
pdf-0bb250b51b1f04939456,W4307477897,2023,T10028,True,False,,32238,32238,0.2164176689326195,-0.3308241358605357
pdf-0bbec72068d159496f93,W4405033055,2025,T10057,True,False,,8028,8028,0.2095910620817831,-0.8028417189849474
pdf-0bd822866176e05dd03c,W4287113297,2022,T10028,True,False,,29821,29821,0.2147081293367993,-0.4490282108726532
pdf-0be0369fd411e2dd051a,W3168201769,2022,T11689,True,True,0.2056101678029687,7000,6999,0.21722047914877,-0.2753147816213144
pdf-0be8d0dacedce872c1da,W4379539987,2024,T10462,True,False,,8121,8121,0.2300021356558193,0.6084576026115135
pdf-0c4f31949ef0a2719826,W2997564604,2020,T10036,True,False,,8985,8985,0.1965024979168585,-1.70783486692631
pdf-0c971e02a935fdbf76eb,W3129421149,2021,T11206,True,True,0.2876058470967296,5374,5373,0.2221783638214524,0.0674922368204181
pdf-0ccb2180d0199e08a158,W3127986334,2021,T10028,True,True,0.2235771659673547,23899,23898,0.212700925003847,-0.5878139588699832
pdf-0dabd41fde4446534115,W4377371782,2024,T11689,True,False,,9232,9232,0.2248482769145755,0.2521001910947703
pdf-0db30177b1de7b742482,W4404401216,2025,T11550,True,False,,4820,4820,0.2208666033305243,-0.0232078767345503
pdf-0dbe03a36ca4903a0a8b,W4389500205,2024,T11099,True,False,,9135,9135,0.2359605684926403,1.0204463297052369
pdf-0dc594d9eff1a43fe84f,W4324314156,2024,T10688,True,False,,8580,8580,0.212279494550833,-0.616953264565069
pdf-0dee496290b498b77397,W2973668385,2020,T12101,True,True,0.1654533133570228,2820,2819,0.2109881376566183,-0.7062425957770402
pdf-0e1f1bd32a5dd33391d9,W4387595881,2024,T11689,True,False,,9232,9232,0.2248482769145755,0.2521001910947703
pdf-0e273483b88902bf5b6a,W4405354486,2025,T11269,True,False,,3672,3672,0.2146866220075582,-0.4505153094839668
pdf-0e4e4a88d0be1156d20b,W4385965217,2024,T11714,True,False,,8564,8564,0.215440724943133,-0.3983737620278648
pdf-0ed637c17a956852212c,W4281710326,2023,T10036,True,False,,22056,22056,0.2073834491634649,-0.9554844794291188
pdf-0f0011151d9c358a227b,W4387436656,2024,T13650,True,False,,2085,2085,0.233589935594698,0.8565317473348065
pdf-0f066cb87f280c4b3d26,W3128917876,2022,T11273,True,True,0.1931295621161715,6233,6232,0.2120304892853713,-0.6341704364568482
pdf-0f32ec494b0dbc6b6984,W3217151167,2022,T12026,True,False,0.206919739532121,3387,3387,0.226220882439432,0.3470073619019749
pdf-0f40262877ecc21fc35d,W4387583283,2024,T10462,True,False,,8121,8121,0.2300021356558193,0.6084576026115135
pdf-0f61a1a2bf1d9e052e5e,W4403362824,2025,T10181,True,False,,18451,18451,0.2148456466874036,-0.4395197377925078
pdf-0f6ac9a5b75126e1feb3,W3135094205,2022,T10036,True,True,0.1800480003517356,17951,17950,0.2022628274634387,-1.3095437553993856
pdf-0f806107e037211e1cf2,W4403797250,2025,T10481,True,False,,3587,3587,0.2237770791762969,0.1780335019593521
pdf-0faff0ee8456a5267cb8,W4310418579,2023,T11714,True,False,,7352,7352,0.2144551596211311,-0.466519499942387
pdf-0fd36c75e749e6f5fcd3,W4399198767,2025,T10551,True,False,,8868,8868,0.226600220694459,0.3732362528044211
pdf-0fea94f6344220df0dda,W4293112739,2023,T10211,True,False,,22487,22487,0.2697054678157993,3.353697118761971
pdf-0ffda20b834e7cc66dbf,W4399151727,2025,T12205,True,False,,5538,5538,0.2426014603449211,1.479622870905956
pdf-101b1366de5c518b25d8,W3123709248,2021,T10860,True,True,0.2243723347008357,10705,10704,0.2128101421735047,-0.580262268025032
pdf-1089a0a8e9784c389563,W3113477609,2020,T11689,True,False,,2633,2633,0.2131360968764503,-0.5577245191178213
pdf-10b09457d7090f429f9f,W4388748038,2024,T10028,True,False,,35888,35888,0.2183870221047258,-0.1946555612044219
pdf-10f1dd250501236e68c2,W2996268457,2020,T11273,True,True,0.1882323594380923,2872,2871,0.2074832583661942,-0.9485832912289968
pdf-1178e3bea2de1d339522,W3033966357,2021,T10719,True,True,0.2173637341629219,4207,4206,0.2167075227308762,-0.3107825409214896
pdf-11dfb303a8153700cabd,W4388329025,2024,T11689,True,False,,9232,9232,0.2248482769145755,0.2521001910947703
pdf-126381d9b2498f6b5dc3,W4386978016,2024,T10028,True,False,,35888,35888,0.2183870221047258,-0.1946555612044219
pdf-1280636a4d83f9af8e5d,W3035247252,2021,T10719,True,True,0.2041309539023318,4207,4206,0.2167106688983181,-0.31056500292868
pdf-128695266b1cdab5b799,W4396821247,2025,T10181,True,False,,18451,18451,0.2148456466874036,-0.4395197377925078
pdf-1289e539a28008715d90,W4383175358,2024,T10775,True,False,,7254,7254,0.2193741021072751,-0.1264050925112292
pdf-1296625490ae43eccd38,W3114861563,2021,T11612,True,True,0.1748606207330982,2709,2708,0.182432478557656,-2.680689562906167
pdf-12ab548a1d9a1c98f64d,W4281253315,2023,T10688,True,False,,8754,8754,0.2087482280520212,-0.8611184720477744
pdf-12b2b2618deb1f9e4379,W3202562536,2022,T12026,True,True,0.2391879959419359,3387,3386,0.2262170528134714,0.3467425669856017
pdf-12bedede8b52e922d089,W3208824612,2022,T10036,True,True,0.1677555434658734,17951,17950,0.2022635122799783,-1.3094964045770865
pdf-12c71e9b07f33771246f,W4388788954,2024,T12205,True,False,,5123,5123,0.2401058403527249,1.3070662050758284
pdf-12cef0dff371d2b9d278,W4403344543,2025,T11307,True,False,,9511,9511,0.2097569291323577,-0.7913730397358123
pdf-12e080f4687c2fb64cac,W3022061250,2021,T11307,True,True,0.188625005917297,5338,5337,0.2031381049747495,-1.2490237365262546
pdf-12f5d05830015c777ec3,W4313446709,2023,T11714,True,False,,7352,7352,0.2144551596211311,-0.466519499942387
pdf-12fd9fc64e73fa5293f6,W3091744265,2021,T10320,True,True,0.2072647271375463,9858,9857,0.2281439470124553,0.4799753666200801
pdf-13246fcc34965c2f29b4,W4387559066,2024,T11307,True,False,,9241,9241,0.2076211307271275,-0.9390502713833592
pdf-133c667ad65325355dc3,W4403882321,2025,T12650,True,False,,802,802,0.2398150878671022,1.2869624714714485
pdf-133f39cd1a4879f87980,W2990378874,2021,T11689,True,True,0.2120221950643555,4775,4774,0.2158470159654029,-0.3702812542026182
pdf-1352ff523995bc61adf7,W4403938542,2025,T11448,True,False,,10620,10620,0.2232658996633544,0.1426886046312959
pdf-137cf6849c2b13756323,W4304701495,2023,T11206,True,False,,8052,8052,0.2281475201314834,0.4802224256707493
pdf-137e239a806fee0905cd,W4403851264,2025,T10462,True,False,,7568,7568,0.2328093768679064,0.802560945770089
pdf-13b3b7bd363386030eb2,W4403324091,2025,T10201,True,False,,9299,9299,0.2149484689202145,-0.4324102172234582
pdf-13b701ec9e4136affa1a,W4382322703,2024,T10080,True,False,,1334,1334,0.2358466621932661,1.01257041458253
pdf-13d0b8296ab5f932e33d,W4387559352,2024,T10320,True,False,,10530,10530,0.2350340197448136,0.9563812223755928
pdf-13d5b7ec53aeab118638,W4318242507,2024,T10860,True,False,,11162,11162,0.2175252780660593,-0.254239824263811
pdf-14209701f443e6166793,W4380136221,2024,T10028,True,False,,35888,35888,0.2183870221047258,-0.1946555612044219
pdf-14370f6c1346b567ea17,W4403885548,2025,T12205,True,False,,5538,5538,0.2426014603449211,1.479622870905956
pdf-149946ded2d52beba1ca,W4288096926,2023,T10036,True,False,,22056,22056,0.2073834491634649,-0.9554844794291188
pdf-14a2026025b741e0acd1,W4399794743,2025,T10036,True,False,,28272,28272,0.2160919940193008,-0.3533425390479273
pdf-14ef24b5ab1aa035d0ce,W3203399909,2022,T12072,True,True,0.2253714832941343,3816,3815,0.2199171318172626,-0.0888579513218032
pdf-14f75b62760f409d706d,W4403578584,2025,T11574,True,False,,2769,2769,0.2290184205379295,0.5404397948520971
pdf-14fbb72554111387c41b,W4388926661,2024,T10028,True,False,,35888,35888,0.2183870221047258,-0.1946555612044219
pdf-150f537afcbd6a0463d6,W4302305417,2024,T10764,True,False,,15412,15412,0.2410106462782917,1.3696279309104409
pdf-15129f0941d52240a130,W3128277316,2021,T12026,True,True,0.1866254718919828,2080,2079,0.2239938724285822,0.193023412645193
pdf-1529b74edd91c28f8fe1,W4405655746,2025,T10181,True,False,,18451,18451,0.2148456466874036,-0.4395197377925078
pdf-152c20e41a2145cbceea,W4385644063,2024,T10320,True,False,,10530,10530,0.2350340197448136,0.9563812223755928
pdf-1567b6c2e386c9b5adfd,W4403622999,2025,T11063,True,False,,5065,5065,0.2187580452616946,-0.169001607833115
pdf-156c694ec4852d896863,W3115351254,2021,T11612,True,True,0.1978932562099838,2709,2708,0.1824239731531224,-2.6812776589514136
pdf-156d0976ebcd50ccd982,W4406072499,2025,T10181,True,False,,18451,18451,0.2148456466874036,-0.4395197377925078
pdf-15d41f51506a6062bf66,W4404405510,2025,T11197,True,False,,1120,1120,0.226362369568715,0.3567903205909193
pdf-15d5710750f10cf5a705,W4399062401,2025,T10320,True,False,,12661,12661,0.2368102749686702,1.0791982698629834
pdf-16111c646a025b457208,W4377864750,2024,T13702,True,False,,6031,6031,0.2572193205235639,2.490357366496277
pdf-161a176b664c2f227d94,W4377865162,2024,T10775,True,False,,7254,7254,0.2193741021072751,-0.1264050925112292
pdf-163e33c2e0b677079f77,W2977517840,2020,T11612,True,True,0.1827289474038411,2136,2135,0.1809459457401572,-2.7834741003905417
pdf-16447fec10ee1c3bc88c,W4310561510,2023,T10775,True,False,,6782,6782,0.2150272705752434,-0.4269615708365085
pdf-16557fd3d766d15d4880,W3168213033,2022,T10719,True,True,0.2240776643803043,4780,4779,0.2152544067205572,-0.4112565131564847
pdf-166a00d1a3fef3964fb3,W4388327621,2025,T10812,True,False,,11725,11725,0.2146928050473646,-0.4500877905760287
pdf-166fbc7660aa25ba641a,W4390042020,2024,T10201,True,False,,9287,9287,0.2127933478112585,-0.581423494158423
pdf-16a777bc0f9f3347d0ee,W4400668418,2025,T12761,True,False,,4281,4281,0.234673835767905,0.9314767311729512
pdf-16c8a78a50a45065bd55,W4388963482,2024,T11714,True,False,,8564,8564,0.215440724943133,-0.3983737620278648
pdf-178f59f96b27aeee64b0,W4302010416,2023,T11206,True,False,,8052,8052,0.2281475201314834,0.4802224256707493
pdf-1792790ddcd27cfefa25,W4404306347,2025,T13398,True,False,,962,962,0.219867324136471,-0.0923018439645155
pdf-17d5686b240fd0b221eb,W4390307254,2024,T11099,True,False,,9135,9135,0.2359605684926403,1.0204463297052369
pdf-182243e3361f1f3f3266,W4302011175,2023,T10028,True,False,,32238,32238,0.2164176689326195,-0.3308241358605357
pdf-1835be3be91728fc382f,W4380994276,2024,T11714,True,False,,8564,8564,0.215440724943133,-0.3983737620278648
pdf-1877170cffde4c1721fb,W4405425366,2025,T10320,True,False,,12661,12661,0.2368102749686702,1.0791982698629834
pdf-18c9be04407b4759230f,W3093170800,2021,T10775,True,True,0.1862981340506716,4905,4904,0.208959910486316,-0.8464819427721102
pdf-18ed509a85b1f13e056b,W4400222407,2025,T10320,True,False,,12661,12661,0.2368102749686702,1.0791982698629834
pdf-19057b0f62451689d0cc,W4404313628,2025,T10627,True,False,,10256,10256,0.2179729334736013,-0.2232872253874517
pdf-194e76623f0380f1212b,W4404306866,2025,T10052,True,False,,5638,5638,0.2341392686393935,0.8945147250795672
pdf-1950ae21d102aac83b34,W4404310838,2025,T10036,True,False,,28272,28272,0.2160919940193008,-0.3533425390479273
pdf-1955d3fcbdb014eb961f,W4403622766,2025,T10462,True,False,,7568,7568,0.2328093768679064,0.802560945770089
pdf-197c850eae0d735d7023,W4387596095,2024,T10028,True,False,,35888,35888,0.2183870221047258,-0.1946555612044219
pdf-19ccd88ef346ae9fe39b,W4400517417,2025,T11309,True,False,,8388,8388,0.235152664946819,0.9645848032648366
pdf-19e04da94b6113a3bd22,W4377866384,2024,T10320,True,False,,10530,10530,0.2350340197448136,0.9563812223755928
pdf-19e2344a015f12a7875f,W4390438010,2024,T11714,True,False,,8564,8564,0.215440724943133,-0.3983737620278648
pdf-19e2de90aa1c0193f0db,W3168682985,2022,T11307,True,True,0.2192371930225918,7372,7371,0.20345016887439,-1.227446450634854
pdf-1a10eace9e9dfed8e88c,W4403579452,2025,T12171,True,False,,440,440,0.2217782877342519,0.0398294532630037
pdf-1a20e679e9ee62219a16,W4402701355,2025,T11714,True,False,,9303,9303,0.2166108880572939,-0.3174642300925548
pdf-1a425e94c4b9145ea3cb,W4302011463,2023,T10462,True,False,,8172,8172,0.2282775090224803,0.4892103523965801
pdf-1a57eeddc86bbea7113d,W4402704384,2025,T10028,True,False,,35329,35329,0.221402111029327,0.0138191639690476
pdf-1a891610e3c528fa0a91,W4386875407,2025,T12814,True,False,,2637,2637,0.2147597098324238,-0.4454617390641854
pdf-1a8e0689369cb5ece94f,W4404088341,2025,T10531,True,False,,11347,11347,0.2108688804630102,-0.7144884920952369
pdf-1ab5d28157311224ec14,W4304192788,2023,T10764,True,False,,12915,12915,0.2383254288624475,1.18396177750729
pdf-1adb40c28801702e462f,W4404307372,2025,T13643,True,False,,2086,2086,0.2493681018919141,1.9474942246648927
pdf-1b601a2ba9f7455e00db,W4221159672,2023,T10028,True,False,,32238,32238,0.2164176689326195,-0.3308241358605357
pdf-1b60fba10a946f4763ee,W4388275229,2024,T10531,True,False,,11224,11224,0.2105528413912859,-0.7363406365159938
pdf-1b8bfc324cd6310feebd,W4285662688,2022,T10260,True,False,,5680,5680,0.2223088974958094,0.0765178319414779
pdf-1ba3d98632c8bc89c423,W4387723786,2024,T12205,True,False,,5123,5123,0.2401058403527249,1.3070662050758284
pdf-1baa47db53455970d055,W4311559518,2023,T11307,True,False,,8248,8248,0.2051300416060141,-1.111293655540076
pdf-1bfc2c66d63bc559dc24,W4404649984,2025,T10181,True,False,,18451,18451,0.2148456466874036,-0.4395197377925078
pdf-1c9901294f06ceeee15c,W4404648578,2025,T10028,True,False,,35329,35329,0.221402111029327,0.0138191639690476
pdf-1ca2bf0cc9d0df0ffebc,W4378945417,2024,T11307,True,False,,9241,9241,0.2076211307271275,-0.9390502713833592
pdf-1cb701941b73d40fe8a6,W4405033201,2025,T11550,True,False,,4820,4820,0.2208666033305243,-0.0232078767345503
pdf-1cdd98849daa9196b687,W4389471355,2024,T13910,True,False,,2570,2570,0.2336141343154846,0.8582049390023488
pdf-1cf5cea3f86ff5950287,W4403851694,2025,T11307,True,False,,9511,9511,0.2097569291323577,-0.7913730397358123
pdf-1d12c4afc3740cc2007d,W4300995290,2024,T12535,True,False,,5077,5077,0.2153823917209413,-0.4024071430554266
pdf-1d2ee6a9bde1e4edecdf,W3204495782,2021,T12026,True,False,0.1706018000203248,2080,2080,0.2239759068514012,0.191781204252983
pdf-1d36ac52d3f63feb716e,W4390306697,2024,T10028,True,False,,35888,35888,0.2183870221047258,-0.1946555612044219
pdf-1d4603a8fc8f55e4583d,W4403345223,2025,T11201,True,False,,7062,7062,0.2309019604439941,0.6706749136461533
pdf-1d4e7d68df13db5f485f,W4405306791,2025,T10181,True,False,,18451,18451,0.2148456466874036,-0.4395197377925078
pdf-1d60cdfbdcd405cd59e3,W4387964188,2024,T11307,True,False,,9241,9241,0.2076211307271275,-0.9390502713833592
pdf-1d86eb05abb22fc1d03f,W4386651302,2024,T10320,True,False,,10530,10530,0.2350340197448136,0.9563812223755928
pdf-1d92d88dc9b1e173e464,W4399417593,2025,T10531,True,False,,11347,11347,0.2108688804630102,-0.7144884920952369
pdf-1dde6612e2b8306ae3b8,W4403780114,2025,T12597,True,False,,4920,4920,0.2566724771479748,2.4525465339504486
pdf-1de24212e4b4699b636a,W4387994357,2024,T11206,True,False,,9688,9688,0.2315967692023854,0.7187166359886882
pdf-1de34f875f89707582a0,W4386977391,2024,T10181,True,False,,19125,19125,0.2114480374098093,-0.6744433762344455
pdf-1dee8491167c03c3e6d7,W4226026666,2022,T11448,True,False,,8259,8259,0.2107577118370154,-0.7221751140595482
pdf-1e06bed2620af4739209,W3176419593,2022,T11273,True,True,0.2099639583746224,6233,6232,0.2120277880022747,-0.6343572134525763
pdf-1e226dd753a16b2790b7,W4403884240,2025,T10824,True,False,,4337,4337,0.229806076455181,0.5949013231806499
pdf-1e9b2472ca1abaf1d11f,W4399151425,2025,T10586,True,False,,20427,20427,0.2410821732508112,1.3745735780576336
pdf-1ea43ba02618f4591b3e,W4405095669,2025,T10648,True,False,,6275,6275,0.2518732898650391,2.1207124571169214
pdf-1ea8d83b1a06bad927ae,W4394868337,2025,T11304,True,False,,450,450,0.237108109348883,1.0997916726165315
pdf-1eade50c76ab69a8b8ee,W4282979466,2023,T11948,True,False,,8479,8479,0.2266596515724563,0.3773455299326042
pdf-1eea2a71ae7db7689038,W4403580159,2025,T12592,True,False,,491,491,0.2358535866156535,1.0130491955041865
pdf-1efbbb70c7ff7daa3ce7,W4404341052,2025,T13717,True,False,,3259,3259,0.2424820117785177,1.471363742344232
pdf-1f241a76bce719b2ece7,W4361193944,2024,T10057,True,False,,8280,8280,0.2064639203940495,-1.0190641987298823
pdf-1f29b327c94b7589cce4,W4307206211,2023,T11689,True,False,,8127,8127,0.2203438853724921,-0.0593505860771667
pdf-1f4807efeeecf6ff6106,W3174416479,2022,T12814,True,True,0.2050382659625886,3370,3369,0.2089251827664652,-0.8488831495135514
pdf-1f8cb2334421496403b2,W2974885182,2020,T11307,True,True,0.1199188998504481,3512,3511,0.203840942558266,-1.200426870652865
pdf-1fcd50bb487af7f73066,W4221151703,2023,T11307,True,False,,8248,8248,0.2051300416060141,-1.111293655540076
pdf-1fd97005b6818bf81d97,W4379137295,2024,T12814,True,False,,2993,2993,0.2115821059031493,-0.6651733702736184
pdf-1fe452fe2b0d809158eb,W4400065265,2025,T10719,True,False,,6599,6599,0.2126238501335331,-0.5931432087887377
pdf-203cdebc3b747937ab88,W4285787377,2023,T11697,True,False,,587,587,0.2209305918760393,-0.0187834651254484
pdf-204e0d73ee69e19aa8e0,W4379260442,2024,T10775,True,False,,7254,7254,0.2193741021072751,-0.1264050925112292
pdf-20684013a625eec8c4a1,W4387294209,2024,T10775,True,False,,7254,7254,0.2193741021072751,-0.1264050925112292
pdf-206f3f6b4da4e5a3b38a,W4403883660,2025,T10215,True,False,,6842,6842,0.2335249493172626,0.8520383487428638
pdf-20790ed96106077a04de,W4402618436,2025,T10181,True,False,,18451,18451,0.2148456466874036,-0.4395197377925078
pdf-209ff71e77f28b89aa91,W4403580911,2025,T12535,True,False,,5217,5217,0.219463278390199,-0.1202391048606329
pdf-20e3140a98cf97ce330a,W3198654078,2022,T11273,True,True,0.2007096828331968,6233,6232,0.2120292729630483,-0.6342545376121875
pdf-20f391bb18114ee2714d,W3172301219,2022,T11307,True,True,0.2077446807353584,7372,7371,0.2034517280267827,-1.2273386449035109
pdf-20f401fae88e00a83b99,W4386907043,2024,T11714,True,False,,8564,8564,0.215440724943133,-0.3983737620278648
pdf-2133502a48f6f7f3ba38,W4405354502,2025,T11512,True,False,,18404,18404,0.2468813719368146,1.7755522498395346
pdf-2147b3015c9be7925782,W4399062219,2025,T10719,True,False,,6599,6599,0.2126238501335331,-0.5931432087887377
pdf-2152d494eb14c6ba8450,W4403348184,2025,T11019,True,False,,10816,10816,0.217892296543539,-0.2288627696761788
pdf-215612365566330d82d1,W4320169248,2023,T12814,True,False,,3194,3194,0.2095811118931348,-0.8035297129034509
pdf-21e67f16d6b6663e669a,W4297847583,2023,T10689,True,False,,13293,13293,0.211368167262884,-0.6799659022183258
pdf-22169e070792815875fc,W4388482290,2024,T10462,True,False,,8121,8121,0.2300021356558193,0.6084576026115135
pdf-222c4d17715793f0791c,W4404313486,2025,T10181,True,False,,18451,18451,0.2148456466874036,-0.4395197377925078
pdf-23254902cffa2d063ad9,W3217076384,2022,T11206,True,True,0.2191510837460913,6813,6812,0.2253013195144835,0.2834252809576442
pdf-2326ea1d54005e07cc9f,W4221162104,2023,T11948,True,False,,8479,8479,0.2266596515724563,0.3773455299326042
pdf-234cff8156983e7b04ba,W4405032219,2025,T10824,True,False,,4337,4337,0.229806076455181,0.5949013231806499
pdf-234fa2369fc6db021d0a,W4400703301,2025,T12072,True,False,,3145,3145,0.2259830174205966,0.3305604690672459
pdf-236d689fa3b080926c85,W4401202627,2025,T10320,True,False,,12661,12661,0.2368102749686702,1.0791982698629834
pdf-238cdeb88215f1210fd2,W4403884101,2025,T10662,True,False,,609,609,0.2417068871184798,1.4177686728396184
pdf-23b14e16e242abed5ffe,W4315881263,2024,T11512,True,False,,15016,15016,0.2456158327553644,1.688048053563136
pdf-23ba00f6f11aac8b2467,W4378942403,2024,T10320,True,False,,10530,10530,0.2350340197448136,0.9563812223755928
pdf-242c0fe599ba13bd0673,W4405134085,2025,T10036,True,True,0.1849283562224604,28272,28271,0.2160930963374995,-0.3532663205716951
pdf-2432d0b03418f19f39af,W4287163490,2023,T12072,True,False,,3627,3627,0.2211420612868984,-0.0041616651009994
pdf-243d4cf38400a9297123,W4381551003,2024,T10028,True,False,,35888,35888,0.2183870221047258,-0.1946555612044219
pdf-245628ffea9708e38f20,W4387559712,2024,T10028,True,False,,35888,35888,0.2183870221047258,-0.1946555612044219
pdf-24710d090c527cd61dea,W4403785809,2025,T10502,True,False,,24548,24548,0.2403108250183016,1.3212396251272882
pdf-24c8f0eee5f2211d25ec,W4380353706,2024,T10320,True,False,,10530,10530,0.2350340197448136,0.9563812223755928
pdf-24d8b039b4b97adbb1fd,W4387929746,2024,T10775,True,False,,7254,7254,0.2193741021072751,-0.1264050925112292
pdf-24f5a54e23d363db04ed,W3204342617,2022,T10028,True,True,0.2114755646957098,29821,29820,0.2147082377393695,-0.4490207155063195
pdf-252cae1614e34fcfa3da,W4384811601,2024,T11719,True,False,,2799,2799,0.2295791257998214,0.5792090909821247
pdf-254b0b8f465c24bed913,W4286695273,2022,T11307,True,False,,7372,7372,0.2034523103589461,-1.2272983802410873
pdf-254d26f8d4a5cf1d05be,W4404308902,2025,T14339,True,False,,3033,3033,0.2482510020961897,1.870253692551639
pdf-255304a1b47057d18735,W4300973456,2023,T11307,True,False,,8248,8248,0.2051300416060141,-1.111293655540076
pdf-255e5280376b7d3ff261,W4402705251,2025,T11309,True,False,,8388,8388,0.235152664946819,0.9645848032648366
pdf-26002c52b4a1136a0305,W4405902769,2025,T11309,True,False,,8388,8388,0.235152664946819,0.9645848032648366
pdf-2635251dd239b2f309d4,W4387561413,2024,T10320,True,False,,10530,10530,0.2350340197448136,0.9563812223755928
pdf-264e09aee4e29ef09c55,W4402953029,2025,T10429,True,False,,29021,29021,0.2505550454124076,2.029564017768601
pdf-2653e44130882bceb8c2,W4404355547,2025,T10799,True,False,,6428,6428,0.2248948103800639,0.2553176920281297
pdf-2668b4f872e51f4e0b37,W4387623047,2024,T10502,True,False,,22381,22381,0.2398172208769743,1.2871099558933004
pdf-26943759b10f25e521e5,W4320169845,2022,T10201,True,False,,8838,8838,0.2089316522565137,-0.8484358243455077
pdf-2696d41e6714df80d2b2,W4387838493,2024,T11206,True,False,,9688,9688,0.2315967692023854,0.7187166359886882
pdf-26c570e152e7d2ef1b55,W4387801484,2024,T10824,True,False,,4482,4482,0.2268761181832198,0.3923128553802715
pdf-26ca0b234ef222c7889c,W4403885200,2025,T10601,True,False,,8533,8533,0.2232891274625941,0.1442946630872711
pdf-26dd724d43a410c0f746,W3096052269,2021,T10462,True,True,0.2139043521287426,6396,6395,0.2266610079767043,0.3774393168854636
pdf-26e45679593ed2863e27,W4399598105,2025,T14339,True,False,,3033,3033,0.2482510020961897,1.870253692551639
pdf-272882a132c555c3c7dd,W3166337444,2022,T12072,True,True,0.2214840533457763,3816,3815,0.2199181508028323,-0.0887874947807507
pdf-272b14d8b5da21e4b89a,W4379474321,2024,T10320,True,False,,10530,10530,0.2350340197448136,0.9563812223755928
pdf-2742cd9ebc2491e9f760,W4404987730,2025,T10203,True,False,,15085,15085,0.2263315989413645,0.3546627222876041
pdf-27806a52c6b69c952c51,W4400141996,2025,T10901,True,False,,2554,2554,0.2243786601472474,0.2196291002069468
pdf-2783e1ca82562adf3eb4,W4378718239,2024,T10320,True,False,,10530,10530,0.2350340197448136,0.9563812223755928
pdf-27b9eff6fc437cdf8c39,W4399252014,2025,T10719,True,False,,6599,6599,0.2126238501335331,-0.5931432087887377
pdf-27cb6b0290732c57ed53,W4388843489,2024,T11307,True,False,,9241,9241,0.2076211307271275,-0.9390502713833592
pdf-27d18b1de8390ff63e78,W4399454855,2025,T11063,True,False,,5065,5065,0.2187580452616946,-0.169001607833115
pdf-27f6c8821d29d0d7d791,W4313483158,2023,T11652,True,False,,5693,5693,0.2314855890751278,0.711029218783293
pdf-282e0e91e0ab3c27c798,W4389766306,2024,T11304,True,False,,462,462,0.238735351184238,1.2123053672039217
pdf-285533e3a4e278fc9891,W4281831435,2023,T10320,True,False,,10369,10369,0.2327098565742494,0.7956797338429595
pdf-289ce78a3431adf253da,W4389217313,2024,T10028,True,False,,35888,35888,0.2183870221047258,-0.1946555612044219
pdf-28d454628aab73841839,W3186979696,2022,T10036,True,True,0.1536723242232786,17951,17950,0.2022642968604375,-1.3094421556976354
pdf-28e84dbe4f2b451fc779,W3201970400,2022,T11309,True,True,0.2325126399455935,7213,7212,0.2259871129637341,0.3308436505094441
pdf-28f2aed09956be34aa4b,W4378942726,2024,T11206,True,False,,9688,9688,0.2315967692023854,0.7187166359886882
pdf-29020858444edc8a3b99,W4380993498,2024,T10028,True,False,,35888,35888,0.2183870221047258,-0.1946555612044219
pdf-29115ab0516d7caf277f,W4403569927,2025,T11948,True,False,,13237,13237,0.2316969813625612,0.7256456862005208
pdf-295ca05d7bba3c63b9d6,W4387839176,2024,T10775,True,False,,7254,7254,0.2193741021072751,-0.1264050925112292
pdf-295cc35936dcc96ba35e,W3217587896,2022,T13702,True,True,0.2094930078099275,4198,4197,0.2550016481376539,2.3370190561714703
pdf-298fcd23008ad360a161,W4287392538,2022,T11307,True,False,,7372,7372,0.2034523103589461,-1.2272983802410873
pdf-29b7211663ea5e1b2e28,W4387561060,2025,T11273,True,False,,9560,9560,0.2195324605454067,-0.1154555873079149
pdf-29be2021e3da44740014,W4287241484,2022,T11273,True,False,,6233,6233,0.2120274568889059,-0.6343801078912776
pdf-29cb62953b78e4e22974,W4309795371,2023,T10462,True,False,,8172,8172,0.2282775090224803,0.4892103523965801
pdf-2a318f4376c262e72422,W4378474129,2024,T12814,True,False,,2993,2993,0.2115821059031493,-0.6651733702736184
pdf-2a3c559826fe7d561dfe,W4405173523,2025,T11273,True,False,,9560,9560,0.2195324605454067,-0.1154555873079149
pdf-2a705a58a00f1bef4837,W4310513139,2023,T11273,True,False,,7427,7427,0.2145553801124823,-0.4595898736813773
pdf-2a800f279b09208bed4d,W4398856151,2025,T10211,True,False,,30124,30124,0.2699390580788924,3.369848438712829
pdf-2a847840b1829eff0604,W3126873962,2021,T10775,True,True,0.16003134753086,4905,4904,0.2089652666825884,-0.8461115949734922
pdf-2a95ff415f594e9196f3,W4281621864,2023,T11307,True,False,,8248,8248,0.2051300416060141,-1.111293655540076
pdf-2a96f8b5b8639bc21dba,W4403365162,2025,T14011,True,False,,1439,1439,0.26102971217095,2.753822349240413
pdf-2aa67fef4ad141e37db2,W4387226755,2024,T11714,True,False,,8564,8564,0.215440724943133,-0.3983737620278648
pdf-2ab6f64e1e00549867e1,W4403365194,2025,T12039,True,False,,333,333,0.2383456487305842,1.1853598561571272
pdf-2ad2138674a7c219471f,W3215707055,2022,T12536,True,True,0.2238994690443378,1265,1264,0.2240514634944981,0.1970054781628288
pdf-2ad6b32b3519d0def24b,W4224951374,2023,T12859,True,False,,5997,5997,0.2495966613954399,1.963297698749698
pdf-2aec8fb0bcbd38fdec36,W4307474217,2023,T11689,True,False,,8127,8127,0.2203438853724921,-0.0593505860771667
pdf-2b0c6f7b9e27b98cd15c,W4405468025,2025,T12031,True,False,,2687,2687,0.2400591349208526,1.303836813732096
pdf-2b2918e286aaa075c134,W4285024991,2023,T11689,True,False,,8127,8127,0.2203438853724921,-0.0593505860771667
pdf-2b7344d7c88fe4cc5217,W4398795414,2025,T13083,True,False,,4983,4983,0.2395211847194176,1.2666408890991268
pdf-2b75226d36e4a9c09187,W4403444422,2025,T12292,True,False,,2825,2825,0.2088327873678027,-0.8552717190798751
pdf-2b97fa212b02b70caef8,W4309201443,2023,T11612,True,False,,3043,3043,0.1860336219516437,-2.4316928009048118
pdf-2b9a4ab41cbbb3e297e8,W4399448122,2025,T11273,True,False,,9560,9560,0.2195324605454067,-0.1154555873079149
pdf-2bdef04bcedd3528d39b,W4387355946,2024,T12808,True,False,,1649,1649,0.2206596237602367,-0.0375192320913238
pdf-2c0211fb6a57042f5db8,W4389217765,2025,T11689,True,False,,9776,9776,0.2287751891636718,0.5236218517764527
pdf-2c317a9b02478ab02a2b,W4387929140,2024,T11612,True,False,,2801,2801,0.1880049290878714,-2.295389121731592
pdf-2c3b00454d1ae742d3b8,W4300979565,2023,T10036,True,False,,22056,22056,0.2073834491634649,-0.9554844794291188
pdf-2c6e35e566c5c7b455b8,W4399151590,2025,T11948,True,False,,13237,13237,0.2316969813625612,0.7256456862005208
pdf-2c9b5c967ce81b17e77c,W4388185066,2024,T10462,True,False,,8121,8121,0.2300021356558193,0.6084576026115135
pdf-2ca008674fd45d75f546,W4404089372,2025,T14339,True,False,,3033,3033,0.2482510020961897,1.870253692551639
pdf-2ca9c917f82ac61b1540,W4380993193,2024,T10181,True,False,,19125,19125,0.2114480374098093,-0.6744433762344455
pdf-2ce3ccd439926f4d5a72,W4386794522,2024,T12031,True,False,,2632,2632,0.2402998757783626,1.3204825529996589
pdf-2ced230b878572107898,W4378718323,2024,T11307,True,False,,9241,9241,0.2076211307271275,-0.9390502713833592
pdf-2cf9125ee7ab458439d4,W4399251607,2025,T10824,True,False,,4337,4337,0.229806076455181,0.5949013231806499
pdf-2d166665f2aeeaf54dec,W4281640225,2023,T11948,True,False,,8479,8479,0.2266596515724563,0.3773455299326042
pdf-2d3fa75a084cf1e25123,W4403572833,2025,T10531,True,False,,11347,11347,0.2108688804630102,-0.7144884920952369
pdf-2d94557ffbcd6288bf22,W4311638861,2023,T10531,True,False,,11128,11128,0.2099182635420814,-0.7802177645285898
pdf-2dffd6d2dd26c93883e8,W4311113370,2022,T11303,True,False,,4697,4697,0.2071347872178165,-0.9726779128821664
pdf-2e35963e31e45c17e608,W4387725601,2024,T10775,True,False,,7254,7254,0.2193741021072751,-0.1264050925112292
pdf-2e383352acbfd0d84e93,W4306801767,2023,T10201,True,False,,9012,9012,0.2107778646946999,-0.720781668767452
pdf-2e46387ec3587e749187,W3035018839,2021,T11550,True,True,0.2013821178364027,3973,3972,0.2088601042509139,-0.8533829257999332
pdf-2e5a38faca4226860386,W4403344566,2025,T10181,True,False,,18451,18451,0.2148456466874036,-0.4395197377925078
pdf-2e81e2630682e88894c2,W4287183307,2022,T11512,True,False,,10955,10955,0.238208775403682,1.1758959133272169
pdf-2ea06b7e4ad3b4689a1e,W4400519227,2025,T10054,True,False,,2498,2498,0.2175752839267611,-0.2507822287077378
pdf-2eae7253c5f356453bb8,W4400326360,2025,T10462,True,False,,7568,7568,0.2328093768679064,0.802560945770089
pdf-2eea2c5fdd6851f56bce,W4404401775,2025,T10531,True,False,,11347,11347,0.2108688804630102,-0.7144884920952369
pdf-2f058ccd17d44068a750,W4386977624,2024,T11307,True,False,,9241,9241,0.2076211307271275,-0.9390502713833592
pdf-2f34cbfdd5325b933984,W3132413728,2022,T12814,True,True,0.1795754372645205,3370,3369,0.2089327407447075,-0.8483605621284613
pdf-2f376476d44ee9967543,W4404313166,2025,T13650,True,False,,7651,7651,0.2624614731819333,2.8528197555336003
pdf-2f4d12a2a15a1c038da3,W4387687181,2024,T11689,True,False,,9232,9232,0.2248482769145755,0.2521001910947703
pdf-2f865266fc7d44f99c41,W4392822139,2025,T11612,True,False,,2370,2370,0.1914699965020851,-2.0558011709446014
pdf-2fdee2b4838b95731d29,W4399252662,2025,T12031,True,False,,2687,2687,0.2400591349208526,1.303836813732096
pdf-3003c24660186da9107e,W4389363423,2024,T10775,True,False,,7254,7254,0.2193741021072751,-0.1264050925112292
pdf-3040857a76eb5f1702b1,W4388184259,2024,T11206,True,False,,9688,9688,0.2315967692023854,0.7187166359886882
pdf-3048599639acb63c64f4,W4404992450,2025,T10911,True,False,,384,384,0.2538661704252999,2.258507804946965
pdf-3051e41de16c03bb5033,W4311647354,2023,T10036,True,False,,22056,22056,0.2073834491634649,-0.9554844794291188
pdf-3060dd3bb5edb3266624,W4286850363,2022,T10036,True,False,,17951,17951,0.2022615899375565,-1.309629322649522
pdf-30670dcd730c7e259311,W3039818644,2021,T10775,True,True,0.2116415332663201,4905,4904,0.2089547425827239,-0.846839271298078
pdf-30c62314357f86ceb1c3,W4403623319,2025,T12702,True,False,,12418,12418,0.2451870601456655,1.6584010832069571
pdf-30daf054b81c95d80407,W4387561008,2024,T10028,True,False,,35888,35888,0.2183870221047258,-0.1946555612044219
pdf-31273241d7f3ae17e3fa,W2935974388,2020,T11689,True,True,0.2197264408700824,2633,2632,0.2131335929463615,-0.557897650375361
pdf-315d2934698361bea443,W4377130591,2024,T11273,True,False,,8830,8830,0.2168147606927979,-0.303367700033256
pdf-31b05fe6c0d0b8de9802,W3210614523,2022,T11612,True,True,0.1745371936513218,3155,3154,0.1835990929877606,-2.6000254004945647
pdf-31c7828f3f716bb77f65,W4310414541,2023,T11273,True,False,,7427,7427,0.2145553801124823,-0.4595898736813773
pdf-31d359fabf1d14d6db29,W3200221028,2022,T10462,True,True,0.2404838985412111,7924,7923,0.2262622623562053,0.3498685268602066
pdf-31f89d044cdcb387bf04,W4298167352,2023,T10320,True,True,0.2199943825529519,10369,10368,0.2327110829895678,0.7957645328664206
pdf-321ddc1bb0ce40d36182,W4225744354,2023,T10775,True,False,,6782,6782,0.2150272705752434,-0.4269615708365085
pdf-3247f7405d00ab6fc8ff,W4378765435,2024,T10719,True,False,,5783,5783,0.2138133101371057,-0.5108994164659509
pdf-32563d77fcffbc1576eb,W4295124836,2024,T11307,True,False,,9241,9241,0.2076211307271275,-0.9390502713833592
pdf-3258e765cac072715993,W4388482541,2024,T10772,True,False,,1047,1047,0.2239542377159102,0.1902829177416383
pdf-32820b34a7d10d8f593d,W3207728292,2022,T10320,True,True,0.1897330917311295,10353,10352,0.2305256746515654,0.6446570816269427
pdf-32aaf25519b022a22441,W4403707796,2025,T10824,True,False,,4337,4337,0.229806076455181,0.5949013231806499
pdf-32cc20db57dfa76183f9,W4403321980,2025,T10719,True,False,,6599,6599,0.2126238501335331,-0.5931432087887377
pdf-32f36e9699e0ef30225b,W4403322022,2025,T11689,True,False,,9776,9776,0.2287751891636718,0.5236218517764527
pdf-32fbdbf4544e0541cafc,W4387559131,2024,T12205,True,True,0.1888700266706122,5123,5122,0.2401158434401287,1.307757856615647
pdf-33006dd0bf6bd5d1eea8,W4383047489,2024,T12031,True,False,,2632,2632,0.2402998757783626,1.3204825529996589
pdf-33319ae7bffd216785f6,W4399317730,2025,T10531,True,False,,11347,11347,0.2108688804630102,-0.7144884920952369
pdf-334f2690eee117ca8d6e,W4399794330,2025,T12292,True,False,,2825,2825,0.2088327873678027,-0.8552717190798751
pdf-336f13ce5d92d995fe76,W4404988207,2025,T11512,True,False,,18404,18404,0.2468813719368146,1.7755522498395346
pdf-338a1e7e57240f61855e,W4291165960,2023,T10764,True,False,,12915,12915,0.2383254288624475,1.18396177750729
pdf-339b60c833680dc9dd84,W4303649027,2023,T11714,True,False,,7352,7352,0.2144551596211311,-0.466519499942387
pdf-33bafa41d37c53322cb0,W4400488549,2025,T11512,True,False,,18404,18404,0.2468813719368146,1.7755522498395346
pdf-33ceeb82dd32ecd5bcc8,W4283032374,2023,T10211,True,False,,22487,22487,0.2697054678157993,3.353697118761971
pdf-33f33e96bc6ba1f42a5a,W3201861176,2022,T10036,True,True,0.1928831763447488,17951,17950,0.2022621124118513,-1.3095931967879773
pdf-33f758ab8045ee8dd39b,W4302307901,2023,T10211,True,False,,22487,22487,0.2697054678157993,3.353697118761971
pdf-33f7d6c2d6de9bbdff8d,W4388444892,2024,T10531,True,False,,11224,11224,0.2105528413912859,-0.7363406365159938
pdf-33fe824fa4adefc4db33,W4405264709,2025,T12537,True,False,,705,705,0.2489278225701178,1.917051636434038
pdf-343cbc9e750165aaa6f5,W4403345601,2025,T10462,True,False,,7568,7568,0.2328093768679064,0.802560945770089
pdf-344099ed0c77ac46176b,W4320458372,2023,T10028,True,False,,32238,32238,0.2164176689326195,-0.3308241358605357
pdf-3444c250ed71356cb973,W4386942465,2024,T10028,True,False,,35888,35888,0.2183870221047258,-0.1946555612044219
pdf-34881b86f731949230ef,W3203399231,2022,T10028,True,True,0.1631003269202744,29821,29820,0.2147098599807435,-0.4489085475626598
pdf-34975b9fb391ef61afd1,W4387994739,2025,T10028,True,False,,35329,35329,0.221402111029327,0.0138191639690476
pdf-34a22edb8df67e7ca1c9,W3214870369,2022,T10462,True,True,0.2374468754574461,7924,7923,0.2262626456735199,0.349895030878435
pdf-34dee4ce5b8337a79fde,W4387322998,2024,T10201,True,False,,9287,9287,0.2127933478112585,-0.581423494158423
pdf-35318f1209dac51a8238,W4320502957,2023,T11016,True,False,,520,520,0.2681905129571015,3.2489473731606795
pdf-353c3c50acd905767e70,W4387560997,2024,T10531,True,False,,11224,11224,0.2105528413912859,-0.7363406365159938
pdf-359ae3e4514d0acde32c,W4404990333,2025,T12072,True,False,,3145,3145,0.2259830174205966,0.3305604690672459
pdf-35a146d5ec38caf8384e,W4306890370,2023,T11273,True,False,,7427,7427,0.2145553801124823,-0.4595898736813773
pdf-35f469c1b271b118df32,W4300978696,2023,T10860,True,False,,11076,11076,0.2160455033401475,-0.3565570815712052
pdf-35fb853f25e6a6d5db27,W4399453732,2025,T10812,True,False,,11725,11725,0.2146928050473646,-0.4500877905760287
pdf-3664f035bac6f1428498,W4387209110,2024,T10181,True,False,,19125,19125,0.2114480374098093,-0.6744433762344455
pdf-36763f52a7aa6605d679,W4378711594,2024,T12026,True,False,,5632,5632,0.2336371727984251,0.8597979074087659
pdf-368ce0f50f953cea96cf,W4391766770,2025,T11307,True,False,,9511,9511,0.2097569291323577,-0.7913730397358123
pdf-36a696e485a71576a7ec,W4400713690,2025,T10876,True,False,,8364,8364,0.2487487015527409,1.9046665274690089
pdf-36b5f903e639548569b8,W4398880453,2025,T13523,True,False,,319,319,0.2369750236041971,1.0905896176384782
pdf-36bfd9cd0f2d496841e9,W4404310962,2025,T11211,True,False,,6676,6676,0.2506865092985191,2.038653931271225
pdf-37569b4adf6ead2d909d,W4405792769,2025,T11714,True,False,,9303,9303,0.2166108880572939,-0.3174642300925548
pdf-3778810854792591a947,W4387427746,2024,T10036,True,False,,26582,26582,0.2123541108261378,-0.6117940112638747
pdf-378278d147b6390bc4fe,W4399061752,2025,T12205,True,False,,5538,5538,0.2426014603449211,1.479622870905956
pdf-3787586fd8abeeb5ee97,W4403346503,2025,T10191,True,False,,14274,14274,0.2212837290052116,0.0056337802009047
pdf-378cb33160a5a10b9d15,W2947137521,2020,T10775,True,True,0.1880914234662966,3519,3518,0.2061558909047811,-1.0403625301311823
pdf-379001c3bdbd4f25290c,W4296545444,2023,T11307,True,False,,8248,8248,0.2051300416060141,-1.111293655540076
pdf-37daa69519d6b7d9d5dd,W4310510141,2023,T11307,True,False,,8248,8248,0.2051300416060141,-1.111293655540076
pdf-385a5e129c2e984fc160,W4387560339,2024,T10036,True,False,,26582,26582,0.2123541108261378,-0.6117940112638747
pdf-38d97a26866fb025c05f,W4308829776,2023,T11307,True,False,,8248,8248,0.2051300416060141,-1.111293655540076
pdf-39d8825ff0adfd50524f,W4399555037,2025,T13643,True,False,,2086,2086,0.2493681018919141,1.9474942246648927
pdf-39e7e1320407bf25f825,W4320167333,2023,T11689,True,False,,8127,8127,0.2203438853724921,-0.0593505860771667
pdf-3a06635e0e4822d748d1,W4403579809,2025,T11596,True,False,,1246,1246,0.222554481408492,0.0934984384787481
pdf-3a19d7cb9ef9ac787661,W4403574180,2025,T11206,True,False,,11112,11112,0.2342057247251083,0.8991097518107698
pdf-3a20a553b37b244cf2df,W4388963869,2024,T10775,True,False,,7254,7254,0.2193741021072751,-0.1264050925112292
pdf-3a2a970b887978d8990d,W2961295589,2020,T11273,True,True,0.1721481132235121,2872,2871,0.2074888606811418,-0.9481959258483262
pdf-3a4cbfbf2f841262125b,W4404351310,2025,T11273,True,False,,9560,9560,0.2195324605454067,-0.1154555873079149
pdf-3a5cff0e28405b0e6489,W4403819867,2025,T10028,True,False,,35329,35329,0.221402111029327,0.0138191639690476
pdf-3a9d744bb7dfc6757be0,W3203251489,2022,T10462,True,True,0.2129667758407427,7924,7923,0.2262657354248284,0.3501086680450295
pdf-3ad3bcb5eb5f3c36a7f2,W4405627594,2025,T10028,True,False,,35329,35329,0.221402111029327,0.0138191639690476
pdf-3afb7fed074da0c0e883,W4379548477,2024,T10028,True,False,,35888,35888,0.2183870221047258,-0.1946555612044219
pdf-3b0fd89e68276bb4a870,W4402427428,2025,T10181,True,False,,18451,18451,0.2148456466874036,-0.4395197377925078
pdf-3b2b854fd3a4d5ff970d,W4403345527,2025,T10201,True,False,,9299,9299,0.2149484689202145,-0.4324102172234582
pdf-3b416c559bf7c9582f28,W4388514504,2024,T11689,True,False,,9232,9232,0.2248482769145755,0.2521001910947703
pdf-3ba32917309a4d7a49ef,W4390529356,2025,T10522,True,False,,3757,3757,0.2445557276406275,1.6147483506434304
pdf-3bfcadb96de317fade33,W4405301039,2025,T10531,True,False,,11347,11347,0.2108688804630102,-0.7144884920952369
pdf-3c0b9363e081cb75a37f,W3169306953,2022,T10036,True,True,0.2024655646143237,17951,17950,0.2022615785740647,-1.3096301083645956
pdf-3cae5d00fb52481e0eba,W4226041189,2023,T12176,True,False,,549,549,0.2189826737030925,-0.1534699423474101
pdf-3cbd222f3c65411cabc6,W4293816526,2023,T13702,True,False,,5083,5083,0.2554958098839957,2.3711872803386824
pdf-3cd27fcdecf9e6005e68,W4389599469,2024,T11273,True,False,,8830,8830,0.2168147606927979,-0.303367700033256
pdf-3cebe8ac7da2f7e0b3fd,W4387389936,2024,T10036,True,False,,26582,26582,0.2123541108261378,-0.6117940112638747
pdf-3cef7fb7c9d04d4e77da,W4403344241,2025,T10775,True,False,,7451,7451,0.2222556699969312,0.072837480058735
pdf-3cfc477e0fe0c43b8216,W3204723935,2022,T11948,True,True,0.188747265921786,6700,6699,0.2258287979847205,0.3198971502349733
pdf-3d0a37b5a8bb68370ab6,W4387634859,2024,T10028,True,False,,35888,35888,0.2183870221047258,-0.1946555612044219
pdf-3d0a7673b7d287487136,W4404395371,2025,T11550,True,False,,4820,4820,0.2208666033305243,-0.0232078767345503
pdf-3d13ec8e2e2a4746389c,W4405033754,2025,T10181,True,False,,18451,18451,0.2148456466874036,-0.4395197377925078
pdf-3d25c32d3c788e231320,W4283317014,2023,T11689,True,False,,8127,8127,0.2203438853724921,-0.0593505860771667
pdf-3d32febc5cfe9b3b6659,W4403928888,2025,T12859,True,False,,10312,10312,0.2558546224123116,2.3959969443652067
pdf-3d44d1b991e6dad429f5,W4387595597,2024,T10036,True,False,,26582,26582,0.2123541108261378,-0.6117940112638747
pdf-3d4c6df04c22ed425e08,W4312226146,2023,T12205,True,False,,4805,4805,0.2376972664583501,1.1405282377897763
pdf-3d50ba7cef2ec024c8ce,W4379539704,2024,T10521,True,False,,997,997,0.2397902986291037,1.285248449196079
pdf-3d57eca9493edafcee72,W3212919788,2022,T12026,True,True,0.2204957576724029,3387,3386,0.2262225732618676,0.3471242718012838
pdf-3d5b9145d3f322e09c67,W4287029626,2022,T10775,True,False,,6265,6265,0.2118283693731377,-0.6481457765574953
pdf-3d665d669b96d1dff8ca,W4306802200,2023,T12254,True,False,,4573,4573,0.2465171575543819,1.7503690810572328
pdf-3d6b22e167c97ce8b7e4,W4385714029,2024,T11714,True,False,,8564,8564,0.215440724943133,-0.3983737620278648
pdf-3d6f6edea3e8c2e8371c,W4403585459,2025,T11283,True,False,,434,434,0.2454983617285829,1.6799256596183658
pdf-3d920698e279eed4c720,W4403322888,2025,T11714,True,False,,9303,9303,0.2166108880572939,-0.3174642300925548
pdf-3d9683cb2e05a0d669ed,W4401202824,2025,T10320,True,False,,12661,12661,0.2368102749686702,1.0791982698629834
pdf-3d9a8e203ba325c97ac8,W4307076412,2023,T10775,True,False,,6782,6782,0.2150272705752434,-0.4269615708365085
pdf-3dcaaf18ed446c244290,W4400141677,2025,T11948,True,False,,13237,13237,0.2316969813625612,0.7256456862005208
pdf-3e16a26e523cb1256a3c,W4377130946,2024,T11309,True,False,,8096,8096,0.2325710193931993,0.7860800026618595
pdf-3e2d7119166d5daaab91,W4403324120,2025,T11714,True,False,,9303,9303,0.2166108880572939,-0.3174642300925548
pdf-3e3d49988f3ab0e7c3ac,W4387322754,2024,T10036,True,False,,26582,26582,0.2123541108261378,-0.6117940112638747
pdf-3e5123cd48c511f9f3d8,W3183413276,2022,T10462,True,False,0.1966520826178059,7924,7924,0.226264057110898,0.3499926230313877
pdf-3e6438758de686a04a41,W4387560487,2024,T11447,True,False,,2835,2835,0.2216259732460071,0.0292978497611308
pdf-3e81f07dc8b80336fee8,W4386655632,2024,T11307,True,False,,9241,9241,0.2076211307271275,-0.9390502713833592
pdf-3edbfd05c7363de0e3d0,W4390437693,2024,T11714,True,False,,8564,8564,0.215440724943133,-0.3983737620278648
pdf-3f02a4da98f800c9b9bd,W3127760629,2021,T12254,True,False,,3628,3628,0.2429795942532733,1.5057684886949645
pdf-3f0323b1fd6a110088cd,W3204663557,2022,T11438,True,True,0.2709473241706375,9080,9079,0.2386717537487319,1.2079079984295926
pdf-3f13cf5d47f63d9e666c,W4379662536,2024,T10775,True,False,,7254,7254,0.2193741021072751,-0.1264050925112292
pdf-3f258724aa0ed02483a3,W4399198361,2025,T11307,True,False,,9511,9511,0.2097569291323577,-0.7913730397358123
pdf-3f4e7a2f566b765bb72e,W4390436935,2024,T12535,True,False,,5077,5077,0.2153823917209413,-0.4024071430554266
pdf-3fa26c0f81cea1a88df4,W4403443811,2025,T11512,True,False,,18404,18404,0.2468813719368146,1.7755522498395346
pdf-3fbaa056b6a4193e1b66,W4311553423,2023,T10860,True,False,,11076,11076,0.2160455033401475,-0.3565570815712052
pdf-3fced668e4c8142802bb,W3202187012,2022,T10500,True,True,0.2109735894939048,6805,6804,0.1938935637092625,-1.8882265089393824
pdf-3fef631f41799c7b1bb2,W4380136171,2024,T11304,True,False,,462,462,0.238735351184238,1.2123053672039217
pdf-401fc7a49b3d94124e69,W4399795545,2025,T11612,True,False,,2370,2370,0.1914699965020851,-2.0558011709446014
pdf-402e058feef1473b05e4,W4324107312,2024,T11714,True,False,,8564,8564,0.215440724943133,-0.3983737620278648
pdf-4053dc7dd2c2adb2ebb4,W4366197547,2024,T10719,True,False,,5783,5783,0.2138133101371057,-0.5108994164659509
pdf-405ce8a8d04f1da03d24,W4403784685,2025,T10378,True,False,,676,676,0.2359982679866365,1.0230530162231386
pdf-40613563b0bd51bafb7f,W4403577239,2025,T11714,True,False,,9303,9303,0.2166108880572939,-0.3174642300925548
pdf-4077edbd43045c2d7292,W4403363154,2025,T13910,True,False,,3204,3204,0.2366361658881283,1.0671597052886423
pdf-407e1f72ae04c558791c,W4391631420,2025,T10764,True,False,,18111,18111,0.2428389748029139,1.496045524629613
pdf-4085fdfe61ebd4057444,W4399759452,2025,T10481,True,False,,3587,3587,0.2237770791762969,0.1780335019593521
pdf-40910eccb5f9a0f55b9a,W4288055195,2023,T10462,True,False,,8172,8172,0.2282775090224803,0.4892103523965801
pdf-4097156b86556a25945c,W3204238027,2022,T11307,True,False,0.1573948237171825,7372,7372,0.2034523103589461,-1.2272983802410873
pdf-4106fc9f95f1eeacbe03,W4388964408,2024,T11714,True,False,,8564,8564,0.215440724943133,-0.3983737620278648
pdf-410af1cb8bdf2c45d14b,W4282962092,2023,T10036,True,False,,22056,22056,0.2073834491634649,-0.9554844794291188
pdf-412a9b69f13c931e4536,W3033434706,2021,T10028,True,True,0.2054261266966519,23899,23898,0.2127016845251153,-0.587761442678376
pdf-412e2929ba0308dfa856,W4387356026,2024,T12808,True,False,,1649,1649,0.2206596237602367,-0.0375192320913238
pdf-4159c1ef81ac13e8a8d6,W4287124607,2022,T11307,True,False,,7372,7372,0.2034523103589461,-1.2272983802410873
pdf-415ba903b0ef516d6454,W4399062413,2025,T12090,True,False,,649,649,0.2155741434031555,-0.3891487018449581
pdf-4166affb4c614740665d,W3215263399,2022,T10775,True,True,0.2091524918892306,6265,6264,0.2118287965566441,-0.6481162394637919
pdf-419a1ee68eed87097cde,W4399026182,2025,T11273,True,False,,9560,9560,0.2195324605454067,-0.1154555873079149
pdf-41adfce84ac35add9278,W4387156600,2024,T11307,True,False,,9241,9241,0.2076211307271275,-0.9390502713833592
pdf-41d76915c2ef5c2e267d,W4387947324,2024,T11273,True,False,,8830,8830,0.2168147606927979,-0.303367700033256
pdf-4206e946ec884e7b2d5f,W4387928506,2024,T12303,True,False,,1713,1713,0.2120556393549538,-0.6324314649122564
pdf-423cc54d8509c879c6ab,W4387389872,2024,T11307,True,False,,9241,9241,0.2076211307271275,-0.9390502713833592
pdf-4286595290dc1f759edd,W4378471263,2024,T12026,True,False,,5632,5632,0.2336371727984251,0.8597979074087659
pdf-4296aafa4aa200e9d95b,W4307311560,2023,T10100,True,False,,11810,11810,0.2210896969316744,-0.00778233594594
pdf-42c2380b5ccb79bc63ab,W4311207664,2023,T10320,True,True,0.2383455090066312,10369,10368,0.2327093130120935,0.7956421498864331
pdf-42f9c10eca683e5450f0,W4297900071,2023,T10028,True,False,,32238,32238,0.2164176689326195,-0.3308241358605357
pdf-4302c99200081f7b7bc7,W4300980117,2023,T11309,True,False,,7569,7569,0.2295242059047525,0.5754117203846528
pdf-4328a4fd3af981f1fff6,W4387634446,2024,T10764,True,False,,15412,15412,0.2410106462782917,1.3696279309104409
pdf-433d466e8cf8d1bbdfac,W3008349919,2020,T11206,True,True,0.2213626330848271,4338,4337,0.2196814082676924,-0.1051567748200407
pdf-434003a1887b17349009,W4404340630,2025,T11948,True,False,,13237,13237,0.2316969813625612,0.7256456862005208
pdf-4347faf406606b8a5a68,W4403883673,2025,T10215,True,False,,6842,6842,0.2335249493172626,0.8520383487428638
pdf-435daa8ea52ce9bfe3b3,W4392617406,2025,T12761,True,False,,4281,4281,0.234673835767905,0.9314767311729512
pdf-437fdacc8d2f93ef41a7,W4405172852,2025,T12205,True,False,,5538,5538,0.2426014603449211,1.479622870905956
pdf-43b5aff2dd84640bbb43,W4409692933,2025,T12761,True,False,,4281,4281,0.234673835767905,0.9314767311729512
pdf-44e661b1cdd26927a0e1,W3205121613,2022,T11307,True,True,0.1904457080399261,7372,7371,0.203454074923092,-1.227176371559235
pdf-450c79cb6265664320ba,W4281258849,2023,T12535,True,False,,4769,4769,0.2126989942768453,-0.5879474566841827
pdf-451b8c3bcb3c1d8b82ba,W4312122288,2023,T10028,True,False,,32238,32238,0.2164176689326195,-0.3308241358605357
pdf-454c827c54e80471698a,W4389501315,2024,T10211,True,False,,26483,26483,0.2702259668497532,3.389686403247485
pdf-4551f9ab4265a307849c,W2979556024,2020,T10036,True,True,0.2192222629870677,8985,8984,0.1964999690026699,-1.7080097256796127
pdf-459199c565c7187cf104,W4401661892,2025,T10719,True,False,,6599,6599,0.2126238501335331,-0.5931432087887377
pdf-45c7fe88e605be583de3,W4403322701,2025,T12111,True,False,,14722,14722,0.2563821185377523,2.4324700343905232
pdf-45c8467cdc909b235767,W2976020782,2020,T10057,True,True,0.2083537448276573,10595,10594,0.1946745523987736,-1.8342259781155843
pdf-45d62ef3f887cf6094d5,W4387596640,2024,T10028,True,False,,35888,35888,0.2183870221047258,-0.1946555612044219
pdf-45e59a99e5524bf1a526,W3024886890,2020,T11689,True,False,,2633,2633,0.2131360968764503,-0.5577245191178213
pdf-45e76412adc0f0a975e8,W4387356156,2024,T11689,True,False,,9232,9232,0.2248482769145755,0.2521001910947703
pdf-460f375c565bdb8d6ecd,W4390307295,2024,T10331,True,False,,17716,17716,0.2134884245295429,-0.5333632440488882
pdf-461e909ce8d9c84e40fd,W4403345965,2025,T10860,True,False,,11510,11510,0.2189281195501123,-0.1572420241446714
pdf-464e506bf98cc75f22d4,W4298186173,2023,T10627,True,False,,11014,11014,0.2153097577079217,-0.4074293351967409
pdf-46ac66d064cc7740bf39,W4287327028,2022,T11689,True,False,,7000,7000,0.2172188205328634,-0.2754294646386104
pdf-46e4fddfb0ab44c84085,W4400222289,2025,T11689,True,False,,9776,9776,0.2287751891636718,0.5236218517764527
pdf-46fad7eeeb7c8f7ebb3c,W4226166806,2022,T10531,True,False,,11215,11215,0.2098620975909474,-0.7841012921855097
pdf-47005c6f360af64a0d33,W4389600256,2024,T11689,True,False,,9232,9232,0.2248482769145755,0.2521001910947703
pdf-4704b3ecb5f35d5cfffe,W4403344663,2025,T10181,True,False,,18451,18451,0.2148456466874036,-0.4395197377925078
pdf-470b4778f5c664350561,W4403160201,2025,T10688,True,False,,8825,8825,0.2152161894297349,-0.4138990021179375
pdf-47b22f79c5ca5d1fd67e,W4387432030,2024,T10775,True,False,,7254,7254,0.2193741021072751,-0.1264050925112292
pdf-47dcfbb25874566ecff9,W4298186049,2023,T10466,True,False,0.2329199518674938,897,897,0.2292468607859292,0.5562350231558865
pdf-47fd628f840c5d58b6be,W4281649050,2023,T11612,True,False,,3043,3043,0.1860336219516437,-2.4316928009048118
pdf-48143686cec7ff808809,W4403347021,2025,T10462,True,False,,7568,7568,0.2328093768679064,0.802560945770089
pdf-48209f57926704bdb3d2,W4388926664,2024,T10531,True,False,,11224,11224,0.2105528413912859,-0.7363406365159938
pdf-482da572f1a436f9e39b,W4302307280,2023,T11636,True,False,,4917,4917,0.2654001511006258,3.0560111329002924
pdf-4842689cb0a8814bc93a,W4380551476,2025,T10462,True,False,,7568,7568,0.2328093768679064,0.802560945770089
pdf-48465bee78295c921380,W4378945511,2024,T10627,True,False,,10597,10597,0.2173728192848003,-0.264781404733931
pdf-4848a9d73685f32ba583,W4404342937,2025,T11307,True,False,,9511,9511,0.2097569291323577,-0.7913730397358123
pdf-48ad7e645db73119dc63,W4293796150,2024,T10764,True,True,0.1801421928795189,15412,15411,0.2410145959540687,1.3699010265280904
pdf-48e81cd6b490fb74f1d0,W4297411542,2023,T10036,True,False,,22056,22056,0.2073834491634649,-0.9554844794291188
pdf-491401deac5fe3658ec2,W4399115890,2025,T10320,True,False,,12661,12661,0.2368102749686702,1.0791982698629834
pdf-491510ab7343da184f74,W4403344759,2025,T10320,True,False,,12661,12661,0.2368102749686702,1.0791982698629834
pdf-491733d59873810c1c8b,W4221143937,2023,T11689,True,True,0.2156464172124804,8127,8126,0.2203444634512713,-0.0593106155099154
pdf-49233aff110c60667db3,W4389364303,2024,T10581,True,False,,6633,6633,0.2358164426581104,1.0104809208913033
pdf-494693be0a43b6c9a011,W4389471196,2024,T12814,True,False,,2993,2993,0.2115821059031493,-0.6651733702736184
pdf-49849e2d980693dbfef5,W4283816583,2023,T11652,True,False,,5693,5693,0.2314855890751278,0.711029218783293
pdf-4998364ee05fd6027c97,W4387560992,2024,T10775,True,False,,7254,7254,0.2193741021072751,-0.1264050925112292
pdf-49f81996e187b8211b90,W4404343017,2025,T11512,True,False,,18404,18404,0.2468813719368146,1.7755522498395346
pdf-4a32d35acedb0b90b0a3,W4388964383,2024,T10775,True,False,,7254,7254,0.2193741021072751,-0.1264050925112292
pdf-4a47de89dbe8c7b417c3,W4403818765,2025,T12761,True,False,,4281,4281,0.234673835767905,0.9314767311729512
pdf-4a7790a77e2eb9b85df7,W4403323894,2025,T10627,True,False,,10256,10256,0.2179729334736013,-0.2232872253874517
pdf-4a8cdca0df2ebbaf3c72,W4399657778,2025,T14339,True,False,,3033,3033,0.2482510020961897,1.870253692551639
pdf-4abcbef096e94cdb6dfe,W4320812537,2023,T12026,True,False,,4356,4356,0.2302841730122791,0.627958739011457
pdf-4adff6642d94450669bb,W4398796428,2025,T10320,True,False,,12661,12661,0.2368102749686702,1.0791982698629834
pdf-4ae3f7f3a68b88d84a0e,W4387947257,2024,T10764,True,False,,15412,15412,0.2410106462782917,1.3696279309104409
pdf-4afda9f625e7d2394801,W4281396910,2023,T11714,True,False,,7352,7352,0.2144551596211311,-0.466519499942387
pdf-4b804ce062f94d31af97,W4403882948,2025,T10682,True,False,,17332,17332,0.2199977325092399,-0.0832849126722116
pdf-4bac3fd977d743dab500,W4404307969,2025,T10052,True,False,,5638,5638,0.2341392686393935,0.8945147250795672
pdf-4bbad45ae5c3cdae4d6d,W4399198757,2025,T12805,True,False,,2842,2842,0.2501459675658052,2.001278818300971
pdf-4bc2543d4466694972bc,W4386942555,2024,T10028,True,False,,35888,35888,0.2183870221047258,-0.1946555612044219
pdf-4bc856a0f75038f98f0c,W4378446805,2024,T11689,True,False,,9232,9232,0.2248482769145755,0.2521001910947703
pdf-4bfd29af99748c32a398,W4388327601,2024,T11714,True,False,,8564,8564,0.215440724943133,-0.3983737620278648
pdf-4c055f614ab1463918c4,W4401661886,2025,T11992,True,False,,1382,1382,0.2339721507129714,0.8829595555128781
pdf-4c2fb1182cf0b5def88b,W4323640897,2023,T12026,True,False,,4356,4356,0.2302841730122791,0.627958739011457
pdf-4c3b254a85fcddbaaed9,W4394645901,2024,T10028,True,False,,35888,35888,0.2183870221047258,-0.1946555612044219
pdf-4c6e0ac665f4a62aac8f,W4404399852,2025,T10601,True,False,,8533,8533,0.2232891274625941,0.1442946630872711
pdf-4cadfe8c8750e039c4bc,W4405561716,2025,T10320,True,False,,12661,12661,0.2368102749686702,1.0791982698629834
pdf-4cfaddef65784476c3fd,W4403578128,2025,T10181,True,False,,18451,18451,0.2148456466874036,-0.4395197377925078
pdf-4d04d2c9695e28dd06b6,W4399317914,2025,T12026,True,False,,6912,6912,0.2375910459783148,1.133183749472207
pdf-4d0fb21517e9cab7d02d,W4404311576,2025,T10799,True,False,,6428,6428,0.2248948103800639,0.2553176920281297
pdf-4d15b6fa66b81eada8d9,W4403852030,2025,T10824,True,False,,4337,4337,0.229806076455181,0.5949013231806499
pdf-4d1c72bea9e950a91f0b,W4389821313,2024,T11512,True,False,,15016,15016,0.2456158327553644,1.688048053563136
pdf-4d28f62a5e5876e31b27,W3207447946,2022,T11307,True,True,0.1707189154048104,7372,7371,0.2034567511939691,-1.226991324003577
pdf-4d34b9586808503e9f64,W4404306529,2025,T13114,True,False,,2680,2680,0.241294342865844,1.3892437928639771
pdf-4d3a8db1c2eaab2f83e4,W4382603361,2024,T11307,True,False,,9241,9241,0.2076211307271275,-0.9390502713833592
pdf-4d665b6b902ed53bcc54,W3092228416,2021,T10054,True,True,0.2564137759084011,2911,2910,0.215860489716394,-0.3693496277713053
pdf-4d66e7e2324eec5cf19e,W4283704755,2023,T12535,True,False,,4769,4769,0.2126989942768453,-0.5879474566841827
pdf-4d86bdedbb20876010b9,W4398796262,2025,T12549,True,False,,1959,1959,0.2440158096688023,1.577416366875366
pdf-4df070ab28234fcf3729,W4404344202,2025,T10531,True,False,,11347,11347,0.2108688804630102,-0.7144884920952369
pdf-4e1865fd255c4c1af9aa,W4391912470,2025,T10679,True,False,,1266,1266,0.2440658057374408,1.5808732853709169
pdf-4e438d248d25efff3829,W4405082010,2025,T11693,True,False,,1587,1587,0.2340703003075853,0.8897459920906117
pdf-4e545d72818062a6005c,W3023211159,2021,T10057,True,True,0.2396173692023527,9926,9925,0.1979043005531782,-1.610908896693822
pdf-4e72354f193f5cb5fa90,W4391710035,2025,T11714,True,False,,9303,9303,0.2166108880572939,-0.3174642300925548
pdf-4e9a82f4bc81e8a93f84,W4306818203,2023,T12814,True,False,,3194,3194,0.2095811118931348,-0.8035297129034509
pdf-4ecc30290d06c218ab92,W2947675203,2020,T10028,True,True,0.1907259024914572,18278,18277,0.2114830205536217,-0.6720245085080311
pdf-4edcc4335fc61d868f44,W4403324160,2025,T12031,True,False,,2687,2687,0.2400591349208526,1.303836813732096
pdf-4ee09bbfe9c1a17e2b30,W4404261781,2025,T10627,True,False,,10256,10256,0.2179729334736013,-0.2232872253874517
pdf-4f01219ce2556e6708e7,W4403578388,2025,T10320,True,False,,12661,12661,0.2368102749686702,1.0791982698629834
pdf-4f5ec671af3f3432609d,W4403581937,2025,T11357,True,False,,1318,1318,0.265189444334156,3.0414420650119176
pdf-4f8a0b78901469012c36,W4405784009,2025,T11307,True,False,,9511,9511,0.2097569291323577,-0.7913730397358123
pdf-4fd00e4e6ee1bdf4f931,W4298186886,2023,T10812,True,False,,10056,10056,0.2109665607126179,-0.7077345078177976
pdf-4fdd27bc82d1a7487031,W4387724473,2024,T10462,True,False,,8121,8121,0.2300021356558193,0.6084576026115135
pdf-4fe7deefdaafbb51c59e,W4387596240,2024,T10211,True,False,,26483,26483,0.2702259668497532,3.389686403247485
pdf-502029d8cb39b6963cd0,W4280574594,2023,T10036,True,False,,22056,22056,0.2073834491634649,-0.9554844794291188
pdf-50359eea3eeed35aad07,W4388185108,2024,T10028,True,False,,35888,35888,0.2183870221047258,-0.1946555612044219
pdf-504a2f0a0d51a689e8b5,W3096471977,2021,T10462,True,True,0.2047179530405941,6396,6395,0.2266624444738252,0.377538641764424
pdf-505158d4d5ad3531021a,W4303443326,2023,T10531,True,False,,11128,11128,0.2099182635420814,-0.7802177645285898
pdf-5052d2990d24d2bebc2c,W4385966560,2024,T11307,True,False,,9241,9241,0.2076211307271275,-0.9390502713833592
pdf-508791e38a0640bc22a5,W4311795711,2024,T10764,True,False,,15412,15412,0.2410106462782917,1.3696279309104409
pdf-508862d11a43f8d1b45a,W4377164434,2024,T10260,True,False,,6121,6121,0.2259697183354474,0.3296409196971071
pdf-509f47b2286d907e42d6,W4387355950,2024,T10028,True,False,,35888,35888,0.2183870221047258,-0.1946555612044219
pdf-50be52db1badfd01a053,W4404089365,2025,T10237,True,False,,13450,13450,0.2314070344536456,0.7055976532360907
pdf-50d07a740f33dbf11d7b,W4283073974,2023,T10764,True,False,,12915,12915,0.2383254288624475,1.18396177750729
pdf-510e8bbe54fd10955a19,W4403580162,2025,T10201,True,False,,9299,9299,0.2149484689202145,-0.4324102172234582
pdf-513f65c80788add8f0b7,W4287111271,2022,T11307,True,False,,7372,7372,0.2034523103589461,-1.2272983802410873
pdf-51536a621666436ddcd0,W4403570394,2025,T10052,True,False,,5638,5638,0.2341392686393935,0.8945147250795672
pdf-51749becc895856c834a,W4398795635,2025,T11273,True,False,,9560,9560,0.2195324605454067,-0.1154555873079149
pdf-517767098ffc93856f9b,W4281712776,2023,T12026,True,False,,4356,4356,0.2302841730122791,0.627958739011457
pdf-5180643fcd1d920ac6ee,W4403322033,2025,T10824,True,False,,4337,4337,0.229806076455181,0.5949013231806499
pdf-51cdc401d4544a68f2ce,W4388184986,2024,T11948,True,False,,10699,10699,0.2282684785194856,0.4885859490449437
pdf-51f24a1ef3ac3ab25190,W4391421553,2025,T11689,True,False,,9776,9776,0.2287751891636718,0.5236218517764527
pdf-51fb4d9aab2d34f47ad1,W4386043860,2024,T12026,True,False,,5632,5632,0.2336371727984251,0.8597979074087659
pdf-522536b4c0a8853d0d4f,W4389260615,2024,T11948,True,False,,10699,10699,0.2282684785194856,0.4885859490449437
pdf-526d0239378fb8920140,W4379258954,2024,T11273,True,False,,8830,8830,0.2168147606927979,-0.303367700033256
pdf-5271714a363df9b78493,W4306313009,2023,T10883,True,False,,6252,6252,0.2369491677612043,1.0888018462337703
pdf-52942072db46625c98ef,W4403525052,2025,T10502,True,False,,24548,24548,0.2403108250183016,1.3212396251272882
pdf-5294f0303e7168441666,W4403443831,2025,T10320,True,False,,12661,12661,0.2368102749686702,1.0791982698629834
pdf-5299398ee9e98fbdeb7f,W4396821501,2025,T12002,True,False,,1750,1750,0.217526681513716,-0.2541427845506076
pdf-52ae82d7775cdc4bb639,W2976969310,2020,T11689,True,True,0.2030677194119473,2633,2632,0.2131399222478274,-0.5574600183795438
pdf-52da3a1093e5414b343e,W4310562527,2023,T12026,True,False,,4356,4356,0.2302841730122791,0.627958739011457
pdf-52fe8d7bd8ea4525a3b8,W4378501763,2024,T11273,True,False,,8830,8830,0.2168147606927979,-0.303367700033256
pdf-5304925557226cbbd5b9,W4380136176,2024,T10775,True,False,,7254,7254,0.2193741021072751,-0.1264050925112292
pdf-532405c8190b8e3a4340,W4399655955,2025,T11303,True,False,,3880,3880,0.2126209909614931,-0.5933409028270138
pdf-5343fec157cd42c528cf,W3046041674,2021,T11714,True,True,0.1614771733742918,4891,4890,0.2119760873209073,-0.6379319953608015
pdf-53444cc372370f5abfce,W4378501272,2024,T12072,True,False,,3410,3410,0.2228574156605375,0.114444465783455
pdf-53595777a74f54447bb9,W4393968631,2025,T11105,True,False,,9236,9236,0.2057520118064092,-1.068288268357137
pdf-53b964255bf2cf6bdf2f,W4296567377,2023,T10036,True,False,,22056,22056,0.2073834491634649,-0.9554844794291188
pdf-53c688a543eb98a22390,W4399116338,2025,T11550,True,False,,4820,4820,0.2208666033305243,-0.0232078767345503
pdf-53ddf0b79e693fa585dd,W3173701235,2022,T10653,True,True,0.2306080364579461,7528,7527,0.232958959101608,0.812903630792523
pdf-53f2b9aa85bcbaab7f66,W3035486405,2021,T10812,True,True,0.2470301768954987,8074,8073,0.2074773607380124,-0.9489910756907948
pdf-542ac1ed24faaadce584,W4387964204,2024,T11948,True,False,,10699,10699,0.2282684785194856,0.4885859490449437
pdf-543d16937dfc72240031,W4387995101,2024,T12814,True,False,,2993,2993,0.2115821059031493,-0.6651733702736184
pdf-5448141223827f470c41,W4404306327,2025,T11325,True,False,,2207,2207,0.2339624050290986,0.8822857018329997
pdf-54ba2a8694f56f1de6a7,W4403364543,2025,T10181,True,False,,18451,18451,0.2148456466874036,-0.4395197377925078
pdf-54ee08df47078fe2f58a,W4377372335,2024,T10627,True,False,,10597,10597,0.2173728192848003,-0.264781404733931
pdf-5509bea2d016f2e7892c,W4310418677,2023,T11714,True,False,,7352,7352,0.2144551596211311,-0.466519499942387
pdf-550cd80203912a0d56e2,W4399510650,2025,T11689,True,False,,9776,9776,0.2287751891636718,0.5236218517764527
pdf-553382aab660e67b8f1b,W4281961687,2023,T10462,True,False,,8172,8172,0.2282775090224803,0.4892103523965801
pdf-555880ee6d7090779031,W3135353648,2022,T11689,True,True,0.15651559090705,7000,6999,0.2172274936618284,-0.2748297714877346
pdf-55b9a5914067e4f93798,W3183876471,2022,T10462,True,False,,7924,7924,0.226264057110898,0.3499926230313877
pdf-55d5315d27531f950277,W4387226145,2024,T10531,True,False,,11224,11224,0.2105528413912859,-0.7363406365159938
pdf-55e7fb1af729dffd6c5c,W4403564682,2025,T10824,True,False,,4337,4337,0.229806076455181,0.5949013231806499
pdf-562b76ef4b0f5b79cfe0,W4399378636,2025,T10054,True,False,,2498,2498,0.2175752839267611,-0.2507822287077378
pdf-5634582738d36edac765,W4287105722,2022,T12535,True,False,,4422,4422,0.2101212994993351,-0.7661790855883294
pdf-5665375a7d2a0c346c65,W4394838599,2025,T10775,True,False,,7451,7451,0.2222556699969312,0.072837480058735
pdf-5669d3eea5f7c5f560d2,W3217764910,2022,T10775,True,True,0.2042523374025865,6265,6264,0.2118295788290717,-0.6480621501704272
pdf-56ab5d3397362a039c61,W4308614615,2023,T11273,True,False,,7427,7427,0.2145553801124823,-0.4595898736813773
pdf-56da233419d6a16ef712,W4403853660,2025,T10320,True,False,,12661,12661,0.2368102749686702,1.0791982698629834
pdf-5703090abddc2e9ab7c8,W4311554882,2023,T10775,True,False,,6782,6782,0.2150272705752434,-0.4269615708365085
pdf-570b4ba279a565b497d7,W2976354383,2020,T10775,True,True,0.1663692778037163,3519,3518,0.2061620654771696,-1.0399355966927553
pdf-570db287d18bf53239a7,W3199813191,2022,T10392,True,True,0.2269816453589184,2272,2271,0.2351646083484982,0.9654106155194598
pdf-57521772636a4f8b7588,W4307479070,2023,T10388,True,False,,10059,10059,0.2256817684309359,0.3097309672187726
pdf-5766e6ba150fb85d5a5f,W4391013670,2024,T11689,True,False,,9232,9232,0.2248482769145755,0.2521001910947703
pdf-5772badc50fdd89dfe00,W4396822322,2025,T11948,True,False,,13237,13237,0.2316969813625612,0.7256456862005208
pdf-57de92864c66e84b2041,W4302305810,2023,T11714,True,False,,7352,7352,0.2144551596211311,-0.466519499942387
pdf-57fe83fd045ed7b7896b,W4389708742,2024,T10775,True,False,,7254,7254,0.2193741021072751,-0.1264050925112292
pdf-585c6d8c7aad8fc3f8ad,W4403884753,2025,T10462,True,False,,7568,7568,0.2328093768679064,0.802560945770089
pdf-5874c28941fb6c746770,W4396570446,2025,T11986,True,False,,2825,2825,0.2416439307768881,1.4134156317388549
pdf-587e77abf9247b32fb7a,W3167913840,2022,T12026,True,True,0.1931605062645937,3387,3386,0.2262306462835474,0.3476824712501584
pdf-5891df27147ebcb6e2c9,W3216083906,2022,T10775,True,True,0.259922298579014,6265,6264,0.2118206915428047,-0.6486766509723566
pdf-58bb473d9b9db7455d4d,W4200634587,2022,T11307,True,False,,7372,7372,0.2034523103589461,-1.2272983802410873
pdf-58d473bf7f9cd4083d77,W4387838903,2024,T11714,True,False,,8564,8564,0.215440724943133,-0.3983737620278648
pdf-5909e593010a523ef65f,W4379256056,2024,T10036,True,False,,26582,26582,0.2123541108261378,-0.6117940112638747
pdf-59170008dd493f37c383,W4403345239,2025,T10320,True,False,,12661,12661,0.2368102749686702,1.0791982698629834
pdf-5926beb1af64941b9303,W3166432673,2021,T10581,True,True,0.2179864356847789,5920,5919,0.2357801526607502,1.0079716923360569
pdf-593751142bc2bebc6024,W3092063351,2021,T11307,True,True,0.1621158013862396,5338,5337,0.2031430720357446,-1.2486802950219498
pdf-595a3ff7ff8446396fb4,W4403853894,2025,T12535,True,False,,5217,5217,0.219463278390199,-0.1202391048606329
pdf-5a07c44624a2f3e6bf30,W4379548460,2024,T10028,True,False,,35888,35888,0.2183870221047258,-0.1946555612044219
pdf-5a20a21a47d7c35e78db,W4403706496,2025,T10181,True,False,,18451,18451,0.2148456466874036,-0.4395197377925078
pdf-5a68a7c73d50fe77703b,W4403662696,2025,T10764,True,False,,18111,18111,0.2428389748029139,1.496045524629613
pdf-5ac25e98f0f0eb34bb47,W4378508688,2024,T12535,True,False,,5077,5077,0.2153823917209413,-0.4024071430554266
pdf-5ac70cc2a371b7f37871,W3092442149,2021,T10775,True,True,0.1845943570463009,4905,4904,0.2089602579122957,-0.8464579204173992
pdf-5ad43d0ea345579403a9,W4405470088,2025,T10181,True,False,,18451,18451,0.2148456466874036,-0.4395197377925078
pdf-5af911fa7eba12d98806,W4379919625,2024,T12535,True,False,,5077,5077,0.2153823917209413,-0.4024071430554266
pdf-5b07647f1371fee8dfa4,W4403570346,2025,T10481,True,False,,3587,3587,0.2237770791762969,0.1780335019593521
pdf-5b2cd51c6b7691d8a42b,W3204578390,2022,T10627,True,True,0.187436294331709,11769,11768,0.2137972561302062,-0.5120094516125052
pdf-5b34302ae4c93fdde939,W4378718328,2024,T10028,True,False,,35888,35888,0.2183870221047258,-0.1946555612044219
pdf-5ba32b8e5e7dfcab4b06,W4387390339,2024,T13910,True,False,,2570,2570,0.2336141343154846,0.8582049390023488
pdf-5ba4e506e0bdfdd1dc90,W4403347193,2025,T10388,True,False,,10139,10139,0.230087082922648,0.6143311799915548
pdf-5bbddf47d894601fb902,W4367060332,2024,T11206,True,False,,9688,9688,0.2315967692023854,0.7187166359886882
pdf-5bd270f968e2fa6ee465,W4380551225,2024,T10775,True,False,,7254,7254,0.2193741021072751,-0.1264050925112292
pdf-5c102a274709aeeee616,W4298183756,2023,T11438,True,False,,10715,10715,0.241367640443997,1.394311866424477
pdf-5c33f8dba3deea165572,W4384615688,2024,T10462,True,False,,8121,8121,0.2300021356558193,0.6084576026115135
pdf-5c5e1b147202e8a808b7,W4399400520,2025,T11269,True,False,,3672,3672,0.2146866220075582,-0.4505153094839668
pdf-5c5f3418680b4ed7651d,W4403346092,2025,T11714,True,False,,9303,9303,0.2166108880572939,-0.3174642300925548
pdf-5c8d9832962b77d3f55f,W4302013001,2023,T10462,True,False,,8172,8172,0.2282775090224803,0.4892103523965801
pdf-5ca812812e41ab3d9fb4,W4404310921,2025,T10028,True,False,,35329,35329,0.221402111029327,0.0138191639690476
pdf-5d042671a5edc20cfc89,W4391710006,2025,T10320,True,False,,12661,12661,0.2368102749686702,1.0791982698629834
pdf-5dcce1ad425120449d19,W4285597223,2023,T10203,True,False,,13478,13478,0.226846502503037,0.3902651145204382
pdf-5dd7735fa0f5fab8622d,W4399912938,2025,T10028,True,False,,35329,35329,0.221402111029327,0.0138191639690476
pdf-5e0fc1db7c78059bab37,W3091229675,2021,T10028,True,True,0.2027236537356449,23899,23898,0.2127017976087608,-0.5877536236446715
pdf-5e3f86640507e624d9e0,W3091860746,2021,T10462,True,False,,6396,6396,0.2266590135026819,0.3773014113595893
pdf-5e6daee0313ab4c87f85,W4403346234,2025,T11273,True,False,,9560,9560,0.2195324605454067,-0.1154555873079149
pdf-5e763c5a63626a4b2e58,W4387559672,2024,T11714,True,False,,8564,8564,0.215440724943133,-0.3983737620278648
pdf-5e851c6ee2626cf241b3,W4400434231,2025,T11675,True,False,,103,103,0.2316187085483685,0.7202336058820096
pdf-5eeffbdf132fab48ca69,W4288099645,2023,T10044,True,False,,2513,2513,0.2133283678219757,-0.5444301740654377
pdf-5f11480e68e92c1c133a,W4313304937,2023,T10531,True,False,,11128,11128,0.2099182635420814,-0.7802177645285898
pdf-5f375da72aacdfaf6309,W4221153175,2023,T11206,True,False,,8052,8052,0.2281475201314834,0.4802224256707493
pdf-5f50523d1e05d0c596fc,W3162560993,2021,T10260,True,True,0.2397226727514061,5352,5351,0.2207356148371862,-0.0322649197712353
pdf-5fb8b3c8bc9df3ed215d,W3166861954,2022,T12814,True,True,0.1502298459968803,3370,3369,0.2089414512200021,-0.8477582867101955
pdf-5fc162cfa62f18168351,W4393248014,2025,T10036,True,False,,28272,28272,0.2160919940193008,-0.3533425390479273
pdf-5fe5f48b67946d3528ac,W4387800181,2024,T10028,True,False,,35888,35888,0.2183870221047258,-0.1946555612044219
pdf-5ff85530be3edea24bdd,W4403570192,2025,T10320,True,False,,12661,12661,0.2368102749686702,1.0791982698629834
pdf-6027e4d6319008defd04,W4306175903,2023,T10775,True,False,,6782,6782,0.2150272705752434,-0.4269615708365085
pdf-602e9f5791be6d5f91d6,W4387560012,2024,T10462,True,False,,8121,8121,0.2300021356558193,0.6084576026115135
pdf-60a648daefa27b330ecd,W4320858387,2023,T10812,True,False,,10056,10056,0.2109665607126179,-0.7077345078177976
pdf-60d2f91663d59331ba06,W4405255213,2025,T10429,True,False,,29021,29021,0.2505550454124076,2.029564017768601
pdf-60ec6b7c0ff0fb4d6f60,W4404354192,2025,T10320,True,False,,12661,12661,0.2368102749686702,1.0791982698629834
pdf-61076e64a9034af37d5e,W4403580708,2025,T10331,True,False,,17660,17660,0.2161463112792852,-0.3495868369341207
pdf-611a943095eb3eba6e34,W3206897836,2022,T10719,True,True,0.2349086292110606,4780,4779,0.215252140354198,-0.4114132183534777
pdf-6167292743ca4a0946cc,W4403444501,2025,T11307,True,False,,9511,9511,0.2097569291323577,-0.7913730397358123
pdf-618db4ecc373e0e4967b,W3206051518,2022,T11448,True,True,0.224807846984692,8259,8258,0.2107560104401702,-0.7222927551137881
pdf-618f908226416bb5ef9f,W4307786058,2023,T11689,True,False,,8127,8127,0.2203438853724921,-0.0593505860771667
pdf-6195ba00917805d9daed,W3205325185,2022,T10531,True,False,0.1696226838109041,11215,11215,0.2098620975909474,-0.7841012921855097
pdf-61b398586c1510d715c1,W4399116092,2025,T11063,True,False,,5065,5065,0.2187580452616946,-0.169001607833115
pdf-61b7141581f78be57242,W4281489967,2023,T10462,True,False,,8172,8172,0.2282775090224803,0.4892103523965801
pdf-61d86d40da925c021add,W4405173297,2025,T10388,True,False,,10139,10139,0.230087082922648,0.6143311799915548
pdf-61db072e990c45555375,W4387765849,2024,T11273,True,False,,8830,8830,0.2168147606927979,-0.303367700033256
pdf-61eff306acdecf2f2bb5,W4380993964,2024,T10764,True,False,,15412,15412,0.2410106462782917,1.3696279309104409
pdf-61f9d518e7426f6f258f,W4403577749,2025,T11512,True,False,,18404,18404,0.2468813719368146,1.7755522498395346
pdf-620c19439f027215a621,W4402155831,2025,T10028,True,True,0.2756836793121739,35329,35328,0.2214005745266016,0.0137129243219197
pdf-625e40509a9835d7fde3,W4399554411,2025,T13310,True,False,,371,371,0.2413890989573634,1.3957955897203922
pdf-626830b7ccdcb814e5d9,W4404305233,2025,T11273,True,False,,9560,9560,0.2195324605454067,-0.1154555873079149
pdf-629f7cd0a3c1e77e7b53,W4378470374,2024,T11206,True,False,,9688,9688,0.2315967692023854,0.7187166359886882
pdf-62a0d62dec7f9edbf341,W4372280041,2024,T10028,True,False,,35888,35888,0.2183870221047258,-0.1946555612044219
pdf-632776f4d7283b955a44,W3037723470,2020,T12535,True,False,,3018,3018,0.2072814067930504,-0.9625400773435406
pdf-635ca1b9faf4f0377362,W4378942396,2024,T10775,True,False,,7254,7254,0.2193741021072751,-0.1264050925112292
pdf-63bf29f922524d0912a6,W4294016731,2023,T10627,True,False,,11014,11014,0.2153097577079217,-0.4074293351967409
pdf-63d7b2f46eccce8a3714,W4405253947,2025,T11714,True,False,,9303,9303,0.2166108880572939,-0.3174642300925548
pdf-6417667901abe5a11a9e,W4405418864,2025,T10627,True,False,,10256,10256,0.2179729334736013,-0.2232872253874517
pdf-6430be73bdbca7974f15,W4403443836,2025,T10181,True,False,,18451,18451,0.2148456466874036,-0.4395197377925078
pdf-6499e5ad45e7950df4a0,W4379278311,2024,T11512,True,False,,15016,15016,0.2456158327553644,1.688048053563136
pdf-64c2c658aba75357d927,W4404306225,2025,T11273,True,False,,9560,9560,0.2195324605454067,-0.1154555873079149
pdf-64c91cf2f896204ae7ab,W3175214727,2022,T11307,True,True,0.1994854629083911,7372,7371,0.2034528485284551,-1.2272611691526956
pdf-652532a679d492a631d0,W3209374680,2022,T10028,True,True,0.1703717692685837,29821,29820,0.214709616136265,-0.4489254078980964
pdf-652e1e319a4442ebc66f,W4303438998,2023,T12205,True,False,,4805,4805,0.2376972664583501,1.1405282377897763
pdf-6538b1e7ce86c7ee558e,W4386081616,2024,T11439,True,False,,3519,3519,0.242502327299425,1.4727684347907244
pdf-6542eee9de860cfd0f16,W4398192814,2025,T10320,True,False,,12661,12661,0.2368102749686702,1.0791982698629834
pdf-65448db2cd72c9b7689d,W4281810095,2023,T10028,True,False,,32238,32238,0.2164176689326195,-0.3308241358605357
pdf-6573a6554d506b7f41b6,W4387074793,2024,T10531,True,False,,11224,11224,0.2105528413912859,-0.7363406365159938
pdf-65931c3171578c65ec48,W4387390083,2024,T10775,True,False,,7254,7254,0.2193741021072751,-0.1264050925112292
pdf-65ea5ec7453596d9c459,W4403564601,2025,T11273,True,False,,9560,9560,0.2195324605454067,-0.1154555873079149
pdf-65fe153edcbccf58c530,W4298186065,2023,T10320,True,False,,10369,10369,0.2327098565742494,0.7956797338429595
pdf-65ffc8e334c24b939268,W4378473948,2024,T11714,True,False,,8564,8564,0.215440724943133,-0.3983737620278648
pdf-66014b931a1c5d1bd7a1,W4404334619,2025,T10860,True,False,,11510,11510,0.2189281195501123,-0.1572420241446714
pdf-661990281c41648647cf,W4404390819,2025,T12101,True,False,,3255,3255,0.2146844795392436,-0.4506634478985367
pdf-662e63d8cd874f9ce226,W4385327794,2024,T10136,True,False,,3569,3569,0.18123435932032,-2.763532087612699
pdf-663a810cea7714414199,W4387723911,2024,T11714,True,False,,8564,8564,0.215440724943133,-0.3983737620278648
pdf-6645f9fb6597a0984158,W4389156578,2024,T11206,True,False,,9688,9688,0.2315967692023854,0.7187166359886882
pdf-669be93822ae56f34bf7,W3201808024,2022,T10028,True,True,0.2138925482150573,29821,29820,0.2147081566869375,-0.4490263197799891
pdf-66b8ceb4550e09bebb9f,W4291962725,2023,T11016,True,False,,520,520,0.2681905129571015,3.2489473731606795
pdf-66ba1409ede524c46bb6,W4403573844,2025,T10028,True,False,,35329,35329,0.221402111029327,0.0138191639690476
pdf-66bbf0a2befa894d3d4b,W4378718382,2024,T11689,True,False,,9232,9232,0.2248482769145755,0.2521001910947703
pdf-66da30c60a36988e54c5,W4403580099,2025,T12254,True,False,,5772,5772,0.2495604235730126,1.96079207776792
pdf-67169a456ff09344443f,W4287112993,2022,T11309,True,False,,7213,7213,0.2259880176534584,0.3309062042006847
pdf-6768ec9266f5708d5bbd,W4405254993,2025,T10462,True,False,,7568,7568,0.2328093768679064,0.802560945770089
pdf-67810f3b8365f3db7f33,W4402705799,2025,T11954,True,False,,871,871,0.2408627641615359,1.3594027984451316
pdf-67c239ca2a1e38e2753a,W4388514569,2024,T10320,True,False,,10530,10530,0.2350340197448136,0.9563812223755928
pdf-67cf225b90770003d239,W4388092951,2024,T10057,True,False,,8280,8280,0.2064639203940495,-1.0190641987298823
pdf-67e3bc13fad860f2c767,W4389421187,2024,T11948,True,False,,10699,10699,0.2282684785194856,0.4885859490449437
pdf-67ffb9d561987f82bfc4,W4403885589,2025,T10586,True,False,,20427,20427,0.2410821732508112,1.3745735780576336
pdf-681aac1b133fadb13e99,W3170647102,2024,T10036,True,True,0.2146974129618362,26582,26581,0.2123540226691032,-0.6118001067768137
pdf-681d58a691f2df68675f,W4402705788,2025,T10320,True,False,,12661,12661,0.2368102749686702,1.0791982698629834
pdf-68a5df9dae7a814af03f,W4281489706,2023,T10862,True,False,,12483,12483,0.2484242155283471,1.8822303285873865
pdf-692a6e8885e43566f7cf,W3125507956,2021,T10181,True,True,0.1595243206792331,19442,19441,0.2066007504562221,-1.0096032473880636
pdf-6970e9658a34a820b77a,W4403885197,2025,T10601,True,False,,8533,8533,0.2232891274625941,0.1442946630872711
pdf-69940bd0cd452d88b048,W4388514955,2024,T11714,True,False,,8564,8564,0.215440724943133,-0.3983737620278648
pdf-69ac6081b8acb14d99ef,W4386721882,2024,T10775,True,False,,7254,7254,0.2193741021072751,-0.1264050925112292
pdf-69e137335ab2f74c51a2,W3207750165,2022,T11714,True,True,0.1621581065715461,6428,6427,0.213169238146506,-0.5554330055540267
pdf-69ebfc3c79dbc73ea92a,W4380715584,2024,T11307,True,False,,9241,9241,0.2076211307271275,-0.9390502713833592
pdf-6a3069b29b142a1c979b,W4403322517,2025,T10860,True,False,,11510,11510,0.2189281195501123,-0.1572420241446714
pdf-6a3848feba52e0e8ac2c,W4403885684,2025,T10715,True,False,,586,586,0.242506816631024,1.4730788442661056
pdf-6a5c817eb5ef1f7bc633,W4387963776,2024,T10201,True,False,,9287,9287,0.2127933478112585,-0.581423494158423
pdf-6a6bc656a04dda7df40c,W4403322631,2025,T11106,True,False,,3565,3565,0.2226611894307365,0.1008766373204847
pdf-6a6c3cfadc156f527984,W3172084791,2021,T11206,True,False,,5374,5374,0.2221905386415632,0.0683340502262907
pdf-6a8e950378996428e394,W4287062814,2022,T10036,True,False,,17951,17951,0.2022615899375565,-1.309629322649522
pdf-6a9c8474e7322ffdc3b6,W4403819521,2025,T13062,True,False,,752,752,0.2628255517485986,2.8779935334967632
pdf-6a9f9b7a00ec5fbc186a,W4406316555,2025,T11309,True,False,,8388,8388,0.235152664946819,0.9645848032648366
pdf-6aab1b5bcca143c78bae,W4302306054,2023,T11105,True,False,,7615,7615,0.2026213098762687,-1.2847569168141355
pdf-6ad09c24b10a1a4c874c,W4403590162,2025,T11273,True,False,,9560,9560,0.2195324605454067,-0.1154555873079149
pdf-6aeedcbca27839b1c0cc,W4403573318,2025,T11714,True,False,,9303,9303,0.2166108880572939,-0.3174642300925548
pdf-6b2ed052d46c2e1da2a5,W3168300215,2021,T10036,True,False,,13174,13174,0.1992266313503607,-1.5194779119285886
pdf-6b469cf3de07ced1c43a,W4304730805,2023,T10028,True,False,,32238,32238,0.2164176689326195,-0.3308241358605357
pdf-6b709ce8a16ea92b53f7,W4387390198,2024,T11512,True,False,,15016,15016,0.2456158327553644,1.688048053563136
pdf-6bc32fbc0f913c46859b,W4387634912,2024,T10775,True,False,,7254,7254,0.2193741021072751,-0.1264050925112292
pdf-6c1c9d0be457c5ad7e21,W4372283941,2024,T10719,True,False,,5783,5783,0.2138133101371057,-0.5108994164659509
pdf-6c1f4d63dac19f9db339,W4387390373,2024,T10028,True,False,,35888,35888,0.2183870221047258,-0.1946555612044219
pdf-6c259cd793e1d2d8ebd9,W4403364940,2025,T12535,True,False,,5217,5217,0.219463278390199,-0.1202391048606329
pdf-6c3323819a3f965fc183,W4403758624,2025,T12859,True,False,,10312,10312,0.2558546224123116,2.3959969443652067
pdf-6cdb621cc2a99853ac0f,W4401201742,2025,T10719,True,False,,6599,6599,0.2126238501335331,-0.5931432087887377
pdf-6d38a09eae3e099b4e48,W4386875765,2024,T10028,True,False,,35888,35888,0.2183870221047258,-0.1946555612044219
pdf-6d537faeb9477e966b09,W3202117861,2022,T10462,True,True,0.2323848046476597,7924,7923,0.226263284581864,0.3499392074333443
pdf-6d58437bcf36fd586ef4,W4388513224,2024,T10481,True,False,,3263,3263,0.2263819220293926,0.358142252148544
pdf-6d65dc463d522b4e15d5,W4403995499,2025,T12292,True,False,,2825,2825,0.2088327873678027,-0.8552717190798751
pdf-6d8387eb7efd0be3b9ae,W4386348147,2024,T10028,True,False,,35888,35888,0.2183870221047258,-0.1946555612044219
pdf-6dc1d63a2d7fabd767ae,W4399758769,2025,T10028,True,False,,35329,35329,0.221402111029327,0.0138191639690476
pdf-6dd06fb152c416638e65,W3161821165,2022,T11448,True,True,0.1761724863632136,8259,8258,0.210761899924382,-0.721885533757076
pdf-6e50ac2a91ecd04e7cef,W4387322659,2024,T10028,True,False,,35888,35888,0.2183870221047258,-0.1946555612044219
pdf-6e55cc59d634297d9e07,W4280576739,2023,T10531,True,False,,11128,11128,0.2099182635420814,-0.7802177645285898
pdf-6e74d604dd5ecf2b61d5,W4323655724,2025,T11636,True,False,0.2596931894910146,19921,19921,0.2553961473105207,2.364296230643344
pdf-6e9177c972d127dfbf95,W4404089436,2025,T10824,True,False,,4337,4337,0.229806076455181,0.5949013231806499
pdf-6e9d0a2eb5a7efbbdf30,W4402501160,2025,T11206,True,False,,11112,11112,0.2342057247251083,0.8991097518107698
pdf-6eb51a9018197543cac7,W4387838686,2024,T12026,True,False,,5632,5632,0.2336371727984251,0.8597979074087659
pdf-6ec63507c3c5ce443ac3,W4401202553,2025,T11714,True,False,,9303,9303,0.2166108880572939,-0.3174642300925548
pdf-6f10b418cd618913bbdb,W4387596631,2024,T11598,True,False,,5034,5034,0.2361790455327067,1.0355526638875916
pdf-6f3308067ebceb73ae8f,W4399152176,2025,T10812,True,False,,11725,11725,0.2146928050473646,-0.4500877905760287
pdf-6f4e1babc5b1b46f39b6,W4387838520,2024,T10775,True,False,,7254,7254,0.2193741021072751,-0.1264050925112292
pdf-6f4e4630e05e249f674f,W4403363899,2025,T10181,True,False,,18451,18451,0.2148456466874036,-0.4395197377925078
pdf-6fb928ac8329cc7d7a84,W4379086927,2024,T11273,True,False,,8830,8830,0.2168147606927979,-0.303367700033256
pdf-70005bb072fa59873f39,W4387427728,2024,T10522,True,False,,3424,3424,0.2455266223477398,1.6818797064008355
pdf-7010bfb6b63d15a2b772,W4403882605,2025,T10028,True,False,,35329,35329,0.221402111029327,0.0138191639690476
pdf-703edc1e584986e49ce1,W4403346563,2025,T10824,True,False,,4337,4337,0.229806076455181,0.5949013231806499
pdf-70487ec1a871f10dde4d,W3167286912,2022,T11307,True,True,0.2297709683885616,7372,7371,0.2034487397907696,-1.227545262916172
pdf-70a2698758cbb597922e,W4310832297,2023,T11273,True,False,,7427,7427,0.2145553801124823,-0.4595898736813773
pdf-70c1f9555859ac75c0d1,W4399252095,2025,T12794,True,False,,3331,3331,0.2236318316675403,0.1679905363197334
pdf-70e66f5ab0254167165f,W4403619106,2025,T12814,True,False,,2637,2637,0.2147597098324238,-0.4454617390641854
pdf-70f188058ea028180dd6,W4403748156,2025,T11106,True,False,,3565,3565,0.2226611894307365,0.1008766373204847
pdf-7110dd0084f10110ba6e,W4383987894,2024,T11307,True,False,,9241,9241,0.2076211307271275,-0.9390502713833592
pdf-712777972869cddfbda0,W4399151845,2025,T10191,True,False,,14274,14274,0.2212837290052116,0.0056337802009047
pdf-71898a2f9d0c6b9d122a,W4399198301,2025,T11206,True,False,,11112,11112,0.2342057247251083,0.8991097518107698
pdf-7199245255a4bd7e9298,W4283010791,2023,T11303,True,False,,4507,4507,0.2085370029184561,-0.8757233818102791
pdf-71bc2aa3bcefcabf8fcc,W4294435908,2023,T10462,True,False,,8172,8172,0.2282775090224803,0.4892103523965801
pdf-71dbb2a902dcdb317b16,W3217525021,2023,T10719,True,True,0.2144612247733796,5280,5279,0.2143290564256165,-0.4752387548916807
pdf-71f2d580ce1d3457f345,W4403160074,2025,T10820,True,False,,3311,3311,0.2313293506200799,0.7002262972800903
pdf-7257c1bb9c0f9293771b,W4403007176,2025,T14025,True,False,,2427,2427,0.2523188092176322,2.1515173610232297
pdf-727e6adfb6bb47495783,W4221154412,2023,T11612,True,False,,3043,3043,0.1860336219516437,-2.4316928009048118
pdf-7289398ddabc561a0ac5,W4403445186,2025,T11714,True,False,,9303,9303,0.2166108880572939,-0.3174642300925548
pdf-729a66eec5544b12a27b,W3204888193,2022,T10462,True,True,0.1907689718922302,7924,7923,0.2262685371166053,0.350302387679116
pdf-72a1455436e703d871a0,W4387390029,2024,T10531,True,False,,11224,11224,0.2105528413912859,-0.7363406365159938
pdf-72c41a2d94d3e8e712a5,W2992977009,2020,T10462,True,True,0.1981810951858973,4875,4874,0.2282002475551939,0.4838682004528634
pdf-7334b4a2fca3bd7ac350,W4306892766,2023,T10799,True,False,,6895,6895,0.2235084721811122,0.1594609918605992
pdf-7341a7e74e7cb2547d96,W4403322379,2025,T11512,True,False,,18404,18404,0.2468813719368146,1.7755522498395346
pdf-7371dd1f8e464ac41ea2,W4402560476,2025,T10901,True,False,,2554,2554,0.2243786601472474,0.2196291002069468
pdf-737a2cdc23d1d6b381c6,W4387222181,2024,T10028,True,False,,35888,35888,0.2183870221047258,-0.1946555612044219
pdf-73a7f43588ff1ad6fe5f,W4403571069,2025,T11714,True,False,,9303,9303,0.2166108880572939,-0.3174642300925548
pdf-741f766651cdc3ff7047,W4399911902,2025,T10136,True,False,,3456,3456,0.1826329592055958,-2.6668275677786464
pdf-7422993e0c0c7aea9d3d,W4389713832,2024,T11490,True,False,,5719,5719,0.252569430603988,2.1688462776653905
pdf-74607cf91a41e1c63d66,W4287120591,2022,T10201,True,False,,8838,8838,0.2089316522565137,-0.8484358243455077
pdf-74c707ec808f14ffc704,W4384919669,2024,T10036,True,False,,26582,26582,0.2123541108261378,-0.6117940112638747
pdf-74c94eb0af9bae46dfd9,W4400375186,2025,T10883,True,False,,10874,10874,0.2386859065018316,1.208886573651313
pdf-74caee7d0d7c971c8c6d,W4387559957,2024,T11550,True,False,,4596,4596,0.2185882809847704,-0.1807397561468438
pdf-74d1ad38ef49da5ef266,W4387390253,2024,T10211,True,False,,26483,26483,0.2702259668497532,3.389686403247485
pdf-754449cf366d39eb9659,W4387838992,2024,T10260,True,False,,6121,6121,0.2259697183354474,0.3296409196971071
pdf-754814d321eff5ab807e,W4404405840,2025,T10320,True,False,,12661,12661,0.2368102749686702,1.0791982698629834
pdf-755302bc07655a7ce82c,W3202099651,2022,T10028,True,False,0.205908868879351,29821,29821,0.2147081293367993,-0.4490282108726532
pdf-758abc370304ec017db1,W4309395027,2023,T10201,True,False,,9012,9012,0.2107778646946999,-0.720781668767452
pdf-75e0b9d4212757abefdb,W4399838032,2025,T10320,True,False,,12661,12661,0.2368102749686702,1.0791982698629834
pdf-75ed652cf2d2de120707,W4396913657,2025,T10775,True,False,,7451,7451,0.2222556699969312,0.072837480058735
pdf-75fa84661a9e8690cb82,W4287023196,2022,T10764,True,False,,11125,11125,0.2346986740162408,0.9331941422096064
pdf-7644b207148ffcf20420,W3168403139,2022,T11307,True,True,0.2207832199448308,7372,7371,0.2034499591298611,-1.2274609531699732
pdf-764d0a4fc170401aace2,W4300979305,2023,T11689,True,False,,8127,8127,0.2203438853724921,-0.0593505860771667
pdf-7675a51d1bbf026a9ba6,W4387561026,2024,T11948,True,False,,10699,10699,0.2282684785194856,0.4885859490449437
pdf-76876231eff70cc70bf6,W4405639254,2025,T10653,True,False,,8620,8620,0.2319884549240248,0.7457992777333075
pdf-76a8f474454eece7950f,W4280551904,2023,T11307,True,False,,8248,8248,0.2051300416060141,-1.111293655540076
pdf-76c68e330afa9cf93c76,W4399401130,2025,T12111,True,False,,14722,14722,0.2563821185377523,2.4324700343905232
pdf-76d249a40e3ded79d66f,W4283449034,2023,T10812,True,False,,10056,10056,0.2109665607126179,-0.7077345078177976
pdf-76d429302b75a99beb40,W4403580131,2025,T10444,True,False,,9203,9203,0.241082701241912,1.374610085372142
pdf-771e8ca5c2e2ac9b4f93,W3094127791,2021,T10775,True,True,0.1695564317294967,4905,4904,0.2089633243734125,-0.8462458936233085
pdf-77625f2e32394cda07d2,W4377121497,2024,T10531,True,False,,11224,11224,0.2105528413912859,-0.7363406365159938
pdf-7796f88dab454e2022c8,W4389982819,2024,T10775,True,False,,7254,7254,0.2193741021072751,-0.1264050925112292
pdf-77c13434604ecdbd9f58,W3128985129,2022,T10812,True,True,0.2066308082518925,9326,9325,0.2086648716144236,-0.866882053439295
pdf-77c3ef8b48da41356c05,W4386755420,2024,T10028,True,False,,35888,35888,0.2183870221047258,-0.1946555612044219
pdf-77f7791f105710c52df6,W3202388704,2022,T10036,True,True,0.21187172380672,17951,17950,0.202261054554054,-1.309666341102817
pdf-782b1108b23f43168ad9,W4403949309,2025,T10531,True,False,,11347,11347,0.2108688804630102,-0.7144884920952369
pdf-7842679217061f6b36d4,W4403852084,2025,T12761,True,False,,4281,4281,0.234673835767905,0.9314767311729512
pdf-787448a82f78ab6af685,W3115037017,2021,T11307,True,True,0.1599259865410937,5338,5337,0.2031434823439412,-1.2486519247513992
pdf-7894b075c47c5763140c,W4390041233,2024,T11273,True,False,,8830,8830,0.2168147606927979,-0.303367700033256
pdf-78960d7b1b9a680029ca,W4287083607,2022,T11689,True,False,,7000,7000,0.2172188205328634,-0.2754294646386104
pdf-78affe835bb0f172233a,W4288043037,2023,T10531,True,False,,11128,11128,0.2099182635420814,-0.7802177645285898
pdf-78ebe0ded06c19400dfe,W4380993341,2024,T11689,True,False,,9232,9232,0.2248482769145755,0.2521001910947703
pdf-7938542adc07f752019a,W4399657809,2025,T10181,True,False,,18451,18451,0.2148456466874036,-0.4395197377925078
pdf-794132fc56fe064db49c,W4383047560,2024,T10531,True,False,,11224,11224,0.2105528413912859,-0.7363406365159938
pdf-79564e9fd3e9b7286fa3,W4389421523,2024,T11714,True,False,,8564,8564,0.215440724943133,-0.3983737620278648
pdf-7971cfcde24499e7a677,W4387723860,2024,T10201,True,False,,9287,9287,0.2127933478112585,-0.581423494158423
pdf-79993893befe92b7340e,W4399794940,2025,T12072,True,False,,3145,3145,0.2259830174205966,0.3305604690672459
pdf-79c0a2899dcc2ccc0844,W4281800886,2023,T12101,True,False,,3840,3840,0.2114126313961999,-0.6768914827882797
pdf-7a013cf30d92c799a938,W4221139070,2023,T11689,True,False,,8127,8127,0.2203438853724921,-0.0593505860771667
pdf-7a05cb47b169d1192a34,W4309870516,2023,T11689,True,False,,8127,8127,0.2203438853724921,-0.0593505860771667
pdf-7a0869cbb534074a580b,W4393335758,2025,T10320,True,False,,12661,12661,0.2368102749686702,1.0791982698629834
pdf-7a48a6c5727852ca9aea,W2990215755,2020,T10028,True,False,0.1786683657203678,18278,18278,0.2114818849196321,-0.672103030564861
pdf-7ab49d3cd16e99806a9e,W4378470234,2024,T11975,True,False,,3589,3589,0.23034065987165,0.6318644554854105
pdf-7ab8778babf5b0702df7,W3132422450,2021,T11307,True,True,0.2197740819029024,5338,5337,0.2031322685355542,-1.249427290148607
pdf-7ac7ef861bcae68ad093,W4403851704,2025,T11273,True,False,,9560,9560,0.2195324605454067,-0.1154555873079149
pdf-7b14ced7e08071413ad5,W4403853733,2025,T11707,True,False,,3246,3246,0.2438181795848694,1.5637514705939566
pdf-7b619026dc3cd5f76186,W4399991953,2025,T12423,True,False,,334,334,0.2457991856041128,1.7007257674576486
pdf-7b6ec6bb974949236190,W3126267552,2021,T10028,True,True,0.1791955018569786,23899,23898,0.2127027821326489,-0.5876855499154586
pdf-7b9833d7b3cc8ac11d03,W4300980466,2023,T10627,True,False,,11014,11014,0.2153097577079217,-0.4074293351967409
pdf-7b9edd28944c1f30870a,W4289782239,2023,T11901,True,False,,4569,4569,0.1916627985021105,-2.042470106762643
pdf-7ba0bd90c46fe652ef68,W4226078977,2023,T12814,True,True,0.1888693245428776,3194,3193,0.2095875985161696,-0.8030812030955113
pdf-7bbf83a946e2e38ede29,W3215060717,2022,T11550,True,True,0.2232417500648424,4233,4232,0.2116598928806608,-0.6597948825525902
pdf-7bdb16dd93a7209086b3,W4404345554,2025,T10775,True,False,,7451,7451,0.2222556699969312,0.072837480058735
pdf-7be5a5fa4f661b49ed79,W4306175892,2023,T11273,True,False,,7427,7427,0.2145553801124823,-0.4595898736813773
pdf-7bee99f52e6309237602,W4320166019,2023,T10627,True,False,,11014,11014,0.2153097577079217,-0.4074293351967409
pdf-7c006c7155b435d339b4,W2970562249,2020,T10500,True,True,0.1922703218670264,6983,6982,0.1917729091822515,-2.034856635201733
pdf-7c23a6d051ab57e58c98,W3092772963,2021,T12056,True,True,0.2039843552199189,1316,1315,0.2023568879201552,-1.303040057381173
pdf-7c36418c6404b68ce54a,W4403570894,2025,T10181,True,False,,18451,18451,0.2148456466874036,-0.4395197377925078
pdf-7c678e7f64ec99cab4bd,W4221144390,2023,T11512,True,False,,12731,12731,0.2423345158155803,1.4611653100238142
pdf-7c7fa6054278fedc5f4b,W4392222513,2025,T10637,True,False,,3697,3697,0.2045372505069689,-1.152281488585518
pdf-7cb0b2efefe1eb3b5763,W4310998087,2023,T12535,True,False,,4769,4769,0.2126989942768453,-0.5879474566841827
pdf-7cb661331f83fc35e66e,W4405655724,2025,T11942,True,False,,727,727,0.2484345332259656,1.882943733475015
pdf-7cdffdabc1707ac900fd,W4387156668,2024,T10028,True,False,,35888,35888,0.2183870221047258,-0.1946555612044219
pdf-7ceae4c4441532ca7d4a,W4309864877,2023,T10824,True,False,,4916,4916,0.2225508188040368,0.0932451920650216
pdf-7cf2f6a44ae010f255c2,W4399554995,2025,T10824,True,False,,4337,4337,0.229806076455181,0.5949013231806499
pdf-7d2d74f995b082960ee5,W3181291875,2022,T10462,True,True,0.2101692484856282,7924,7923,0.2262660885142333,0.3501330819905167
pdf-7d4fa34cd8f1021e5bc3,W4387561416,2024,T10036,True,False,,26582,26582,0.2123541108261378,-0.6117940112638747
pdf-7d7d2b92d61dc3210a25,W4387225640,2024,T10028,True,False,,35888,35888,0.2183870221047258,-0.1946555612044219
pdf-7d84b857fd1302a27555,W2994964253,2020,T10799,True,True,0.2271320819607488,6858,6857,0.2233513923219904,0.1485998924769223
pdf-7dc0f101d151c5b195db,W4404350095,2025,T11211,True,False,,6676,6676,0.2506865092985191,2.038653931271225
pdf-7de2d449560d91a8b516,W2914012070,2020,T12303,True,False,0.1493818444117522,1312,1312,0.2094525851847329,-0.8124165387588678
pdf-7de4e8f745cb57bb9f7a,W3203449083,2022,T10462,True,True,0.208573526768021,7924,7923,0.2262662899179588,0.3501470078107463
pdf-7dfe8c45d21d0b659164,W4403346252,2025,T13643,True,False,,2086,2086,0.2493681018919141,1.9474942246648927
pdf-7e157f7373afb13beffe,W4322718191,2024,T10181,True,False,,19125,19125,0.2114480374098093,-0.6744433762344455
pdf-7e3eaca07dc0aede0bcd,W4387947356,2024,T10883,True,False,,8195,8195,0.2376236779401961,1.1354400475301447
pdf-7e65623d5605161e954f,W4388927510,2024,T10444,True,False,,9025,9025,0.2420582016269911,1.4420598952356678
pdf-7e8595b8f05a38272e9e,W3139049060,2023,T10036,True,True,0.188560586689848,22056,22055,0.2073843026144952,-0.955425468576224
pdf-7e9ba637d242d051423f,W4383174249,2024,T11775,True,False,,18682,18682,0.2717457150106261,3.49476757600685
pdf-7ecc9a5c1ab36bbd7dbe,W4303647896,2023,T11612,True,False,,3043,3043,0.1860336219516437,-2.4316928009048118
pdf-7ed24dba58fbc2f1f327,W3172102895,2022,T11512,True,True,0.2205495940537821,10955,10954,0.2382103875254046,1.1760073815596566
pdf-7ed5fe924c71bef00ed2,W4403322259,2025,T11574,True,False,,2769,2769,0.2290184205379295,0.5404397948520971
pdf-7ee5520ce2b24e0b7bdd,W4387929419,2024,T12205,True,False,,5123,5123,0.2401058403527249,1.3070662050758284
pdf-7ef8e30ddb825234cf3b,W4403851612,2025,T10860,True,False,,11510,11510,0.2189281195501123,-0.1572420241446714
pdf-7f14d0c141a6f7d390de,W3210469818,2022,T11307,True,True,0.2186348021596819,7372,7371,0.2034502505988321,-1.2274407998958414
pdf-7f31255ed0029834df14,W4400376742,2025,T10320,True,False,,12661,12661,0.2368102749686702,1.0791982698629834
pdf-7f36740bf27d3e4611e9,W4380137125,2024,T10028,True,False,,35888,35888,0.2183870221047258,-0.1946555612044219
pdf-7f58f8a1dc4ff11913e6,W4403854042,2025,T10181,True,False,,18451,18451,0.2148456466874036,-0.4395197377925078
pdf-7f5febf4e1da2521c465,W4387963828,2024,T10901,True,False,,2326,2326,0.2249381992486234,0.2583177635599205
pdf-7f93199f4ed9b9639674,W2975364676,2021,T10775,True,True,0.1976783846676501,4905,4904,0.2089575898805621,-0.8466423982873108
pdf-8015af669f8a58a661e8,W4403964572,2025,T11349,True,False,,2911,2911,0.2321505466273167,0.7570069151004739
pdf-80265299c15ab0706aa5,W4405468027,2025,T10812,True,False,,11725,11725,0.2146928050473646,-0.4500877905760287
pdf-80978e4a11c614bc4da3,W3206419535,2022,T11689,True,True,0.1696479250406393,7000,6999,0.2172256173460499,-0.2749595071028481
pdf-80beb9d040a8758db051,W4380357717,2024,T10764,True,False,,15412,15412,0.2410106462782917,1.3696279309104409
pdf-80c8c7372d1739f0bbdb,W4391832481,2025,T10094,True,False,,2155,2155,0.240143018088363,1.309636815234785
pdf-80d138944a3306610030,W4287686213,2022,T10036,True,False,,17951,17951,0.2022615899375565,-1.309629322649522
pdf-816b377a33ae4f07c2e7,W4385260981,2024,T11206,True,False,,9688,9688,0.2315967692023854,0.7187166359886882
pdf-816d4764f483aacdd4de,W4387356427,2024,T11273,True,False,,8830,8830,0.2168147606927979,-0.303367700033256
pdf-81708909580116b9389a,W4403322524,2025,T10320,True,False,,12661,12661,0.2368102749686702,1.0791982698629834
pdf-81742c102fa1eec8392c,W4389471427,2024,T11714,True,False,,8564,8564,0.215440724943133,-0.3983737620278648
pdf-8186c632ab3332424d2c,W4287325269,2022,T10462,True,False,,7924,7924,0.226264057110898,0.3499926230313877
pdf-819eadc8366cd94046a3,W4403751243,2025,T11448,True,False,,10620,10620,0.2232658996633544,0.1426886046312959
pdf-81e1d8ec39a03fe7959c,W4403443917,2025,T11714,True,False,,9303,9303,0.2166108880572939,-0.3174642300925548
pdf-8200ee02ccadc93efbf7,W4404311453,2025,T10237,True,False,,13450,13450,0.2314070344536456,0.7055976532360907
pdf-8240cbcda2c5355e630d,W4353007640,2024,T11307,True,False,,9241,9241,0.2076211307271275,-0.9390502713833592
pdf-82468bbb3801152c5fec,W4300980427,2023,T10028,True,False,,32238,32238,0.2164176689326195,-0.3308241358605357
pdf-824e7e1bb0bbe592b0b6,W4402500919,2025,T11307,True,False,,9511,9511,0.2097569291323577,-0.7913730397358123
pdf-827abbf628dc25bb03c0,W4287120898,2022,T12026,True,False,,3387,3387,0.226220882439432,0.3470073619019749
pdf-82888e82555c3f68ae6c,W4399448042,2025,T14510,True,False,,4216,4216,0.2610903380100461,2.7580142505275886
pdf-8299635995be157ee312,W4392538633,2025,T10637,True,False,,3697,3697,0.2045372505069689,-1.152281488585518
pdf-82aca4a42b165cca328e,W4394782279,2025,T11714,True,False,,9303,9303,0.2166108880572939,-0.3174642300925548
pdf-82bd8348bd690f823e19,W4404261333,2025,T12814,True,False,,2637,2637,0.2147597098324238,-0.4454617390641854
pdf-82c34d24ebcd2c3f38ab,W4387323402,2024,T10028,True,False,,35888,35888,0.2183870221047258,-0.1946555612044219
pdf-82e59a04082d56e2cce1,W4404088591,2025,T10181,True,False,,18451,18451,0.2148456466874036,-0.4395197377925078
pdf-82fbd031f4ec8eb9ae95,W4283022354,2023,T13114,True,False,,2194,2194,0.2395272790135822,1.2670622717955764
pdf-8309c5021d3b6f0967be,W4399115794,2025,T11182,True,False,,589,589,0.2319391970053653,0.7423933977370781
pdf-8326ef20ecd6b413c71f,W4306178264,2023,T10028,True,True,0.2239196951431594,32238,32237,0.2164174362178442,-0.3308402266459269
pdf-8369e154ff4ef364fda8,W4399115016,2025,T12423,True,False,,334,334,0.2457991856041128,1.7007257674576486
pdf-83b022da7a0c8ce22a77,W4403885583,2025,T10054,True,False,,2498,2498,0.2175752839267611,-0.2507822287077378
pdf-83b3a66de72862a0ff1a,W4387636040,2024,T11714,True,False,,8564,8564,0.215440724943133,-0.3983737620278648
pdf-83bac52ff5f07ce34338,W4375958814,2024,T10775,True,False,,7254,7254,0.2193741021072751,-0.1264050925112292
pdf-83cd38fe7920f67440e8,W4281557458,2023,T10764,True,False,,12915,12915,0.2383254288624475,1.18396177750729
pdf-83db0fbd8db87733955e,W4307001525,2023,T10567,True,False,,1619,1619,0.2237953809900437,0.1792989590276038
pdf-83ee574e6290f9f1f997,W4387226195,2024,T10481,True,False,,3263,3263,0.2263819220293926,0.358142252148544
pdf-8427698da3fd62d895ae,W3196438449,2022,T10036,True,True,0.1733318918931372,17951,17950,0.2022632016198988,-1.3095178847975113
pdf-843e77fd66e2383a403a,W4403963670,2025,T11948,True,False,,13237,13237,0.2316969813625612,0.7256456862005208
pdf-84588433aa897860eee1,W4387723908,2024,T10515,True,False,,288,288,0.2567143801271749,2.455443865435906
pdf-846e2a38fe356a2767c5,W4379540121,2024,T11689,True,False,,9232,9232,0.2248482769145755,0.2521001910947703
pdf-847690e83cdac579b26f,W2946894912,2020,T11307,True,True,0.1962736305579923,3512,3511,0.2038191952695426,-1.201930560976183
pdf-8495cb5899dc1535a2fc,W4387725649,2024,T13523,True,False,,248,248,0.2316000274344164,0.7189419225537623
pdf-84e0d85444dc1e801618,W4404391299,2025,T10860,True,False,,11510,11510,0.2189281195501123,-0.1572420241446714
pdf-84ec6c77c3c28a81e2fd,W4404403123,2025,T10388,True,False,,10139,10139,0.230087082922648,0.6143311799915548
pdf-8509b869cb30cd171ef6,W4403573523,2025,T12072,True,False,,3145,3145,0.2259830174205966,0.3305604690672459
pdf-851899ba420e09ec37d4,W4390305965,2024,T11689,True,False,,9232,9232,0.2248482769145755,0.2521001910947703
pdf-852c7e2c6cd9703e4e4d,W4304194242,2023,T10462,True,False,,8172,8172,0.2282775090224803,0.4892103523965801
pdf-854608e9c606063195b3,W4396601194,2025,T11448,True,False,,10620,10620,0.2232658996633544,0.1426886046312959
pdf-859dae5859d836f6bcbc,W4404305132,2025,T10571,True,False,,2612,2612,0.2308753891370954,0.6688376723435805
pdf-85c2f9037932571a237d,W4282027294,2023,T10799,True,False,,6895,6895,0.2235084721811122,0.1594609918605992
pdf-85efce1b765ec2d370e8,W4404312786,2025,T10201,True,False,,9299,9299,0.2149484689202145,-0.4324102172234582
pdf-861ebcf7bd1aab37658f,W4399062202,2025,T11714,True,False,,9303,9303,0.2166108880572939,-0.3174642300925548
pdf-862630dfaf5fc3c9ad51,W4403346778,2025,T10320,True,False,,12661,12661,0.2368102749686702,1.0791982698629834
pdf-86935081556f6904ee4d,W4404307423,2025,T10181,True,False,,18451,18451,0.2148456466874036,-0.4395197377925078
pdf-86bf72c930c620ec19c7,W4399837359,2025,T10664,True,False,,16141,16141,0.2403347774872012,1.3228957900020049
pdf-86d7fdbf0a08c9bfdb89,W4403444428,2025,T10812,True,False,,11725,11725,0.2146928050473646,-0.4500877905760287
pdf-86f94a8c5faf06bf7857,W4399911432,2025,T10181,True,False,,18451,18451,0.2148456466874036,-0.4395197377925078
pdf-870cfc19f4a4e406013f,W2996324353,2020,T12026,True,True,0.2711267476926999,1093,1092,0.2194926610113486,-0.1182074785894943
pdf-871be7d9752d0ae915ea,W3210633994,2022,T13702,True,True,0.2340348346554978,4198,4197,0.2549958006687843,2.3366147399154573
pdf-87951b31e0d0163b92a8,W4379086748,2025,T10211,True,False,,30124,30124,0.2699390580788924,3.369848438712829
pdf-87c84933bb6a17381cf2,W4403322223,2025,T10181,True,False,,18451,18451,0.2148456466874036,-0.4395197377925078
pdf-87cec8556e73afaf96e2,W4398794928,2025,T10181,True,False,,18451,18451,0.2148456466874036,-0.4395197377925078
pdf-87d438629498b97ba934,W4389599514,2024,T10028,True,False,,35888,35888,0.2183870221047258,-0.1946555612044219
pdf-87d58dc936086258b170,W4387322926,2024,T10028,True,False,,35888,35888,0.2183870221047258,-0.1946555612044219
pdf-87e3480402a4ce50f0a9,W3178132214,2022,T10036,True,True,0.1628336285680841,17951,17950,0.2022637864813654,-1.309477445249438
pdf-87ef63137d10c12ce810,W4296970958,2023,T12761,True,False,,4127,4127,0.2306675682383986,0.6544681443380873
pdf-882a19b7a9ca7a61f9a1,W4283360654,2024,T11689,True,False,,9232,9232,0.2248482769145755,0.2521001910947703
pdf-883989e1aa552bd3ac2d,W3046288222,2021,T10462,True,True,0.17746901548472,6396,6395,0.2266667054492054,0.3778332618215965
pdf-88527adcc65991bbb403,W4405254883,2025,T12056,True,False,,1015,1015,0.2054138736981791,-1.0916684242818198
pdf-885c8baf33b2719120aa,W4403619024,2025,T13650,True,False,,7651,7651,0.2624614731819333,2.8528197555336003
pdf-889d1b5ddfa38a259818,W4391985585,2025,T10320,True,False,,12661,12661,0.2368102749686702,1.0791982698629834
pdf-88ed8decaf121139a3cb,W4403569964,2025,T10181,True,False,,18451,18451,0.2148456466874036,-0.4395197377925078
pdf-88fa010160eaa708ce17,W4310631370,2023,T12015,True,False,,399,399,0.246138212148536,1.7241673532425432
pdf-8901521666944045276c,W4302306369,2024,T10028,True,False,,35888,35888,0.2183870221047258,-0.1946555612044219
pdf-8944d0543c6d3b0762fb,W4221166726,2022,T10601,True,False,,7334,7334,0.2153163015027833,-0.4069768723110797
pdf-896518853046a8cbc428,W3034357933,2022,T11245,True,True,0.2217419628987232,1752,1751,0.2162574293806277,-0.3419037084365969
pdf-8974bd268476a91d229e,W2978940263,2020,T11206,True,True,0.2493758712041496,4338,4337,0.2196749491396963,-0.1056033835163453
pdf-898e4631e53e37dfbb6a,W4399657736,2025,T10466,True,False,,1272,1272,0.2318498149914823,0.7362131850648552
pdf-89cca90c5bd179dc4d84,W4391800566,2025,T12535,True,False,,5217,5217,0.219463278390199,-0.1202391048606329
pdf-89eefe1eb8d10ecf276a,W4379924353,2024,T10764,True,False,,15412,15412,0.2410106462782917,1.3696279309104409
pdf-8a0447b69d2f57e7b00c,W4303648003,2023,T11714,True,False,,7352,7352,0.2144551596211311,-0.466519499942387
pdf-8a10379d19f4d8aa873e,W4399151919,2025,T10789,True,False,,1201,1201,0.2234187455727648,0.1532569526154037
pdf-8a34cdbde254d8127d0b,W3170243447,2021,T10028,True,True,0.1797036082791423,23899,23898,0.2127027608711868,-0.5876870200138812
pdf-8acbe0579a51cb113ac6,W4312107130,2023,T11273,True,False,,7427,7427,0.2145553801124823,-0.4595898736813773
pdf-8ad60db3e666dce84c9f,W4416116601,2025,T11714,True,False,,9303,9303,0.2166108880572939,-0.3174642300925548
pdf-8b0f1352d54931871ff2,W4366343219,2024,T11273,True,False,,8830,8830,0.2168147606927979,-0.303367700033256
pdf-8b1da7dabf3bfb490843,W4387559087,2024,T10181,True,False,,19125,19125,0.2114480374098093,-0.6744433762344455
pdf-8b1ff1ea7d5af3e2574b,W4309071063,2023,T10036,True,False,,22056,22056,0.2073834491634649,-0.9554844794291188
pdf-8b2f186f15b0e53bcf27,W4403884171,2025,T10028,True,False,,35329,35329,0.221402111029327,0.0138191639690476
pdf-8b327afad264c4760dca,W4396239636,2025,T10917,True,False,,5965,5965,0.2315304414642253,0.7141304836959738
pdf-8b379db6621334a61bf9,W4403883977,2025,T10653,True,False,,8620,8620,0.2319884549240248,0.7457992777333075
pdf-8b43470fda27e6cb91d5,W4399759138,2025,T11396,True,False,,16755,16755,0.2522100216948301,2.1439953775973253
pdf-8b44dbb91f47b58c5d6d,W4405089140,2025,T10320,True,False,,12661,12661,0.2368102749686702,1.0791982698629834
pdf-8b7a9fd7b504cb128f00,W4313444689,2023,T12814,True,False,,3194,3194,0.2095811118931348,-0.8035297129034509
pdf-8bb1ecd50d21a8db8062,W4387560526,2024,T11714,True,False,,8564,8564,0.215440724943133,-0.3983737620278648
pdf-8bda95424c1f98f37bbe,W3167569698,2022,T10028,True,True,0.2555806144521795,29821,29820,0.2147067586967888,-0.4491229821403211
pdf-8bdcec4b49eae696b93e,W4383473992,2024,T10775,True,False,,7254,7254,0.2193741021072751,-0.1264050925112292
pdf-8c04c2016de8649e078f,W3213030159,2022,T10462,True,False,0.2402720569883356,7924,7924,0.226264057110898,0.3499926230313877
pdf-8c078275a326502934be,W4403570205,2025,T11273,True,False,,9560,9560,0.2195324605454067,-0.1154555873079149
pdf-8c1a4e74ec9603986563,W4319452539,2024,T11309,True,False,,8096,8096,0.2325710193931993,0.7860800026618595
pdf-8c26f215350b3d1c53bc,W4405355269,2025,T10181,True,False,,18451,18451,0.2148456466874036,-0.4395197377925078
pdf-8c7e8f6c9857429c3d79,W4405783272,2025,T11512,True,False,,18404,18404,0.2468813719368146,1.7755522498395346
pdf-8cd35bbdba9c71d8fd32,W4399794768,2025,T13559,True,False,,11254,11254,0.2903716540287372,4.782635899297548
pdf-8cf135a1030c45cc1260,W4403849937,2025,T10531,True,False,,11347,11347,0.2108688804630102,-0.7144884920952369
pdf-8cff17544c79d3b2b792,W4389500772,2024,T12535,True,False,,5077,5077,0.2153823917209413,-0.4024071430554266
pdf-8d1066624486a5c9a376,W3119704821,2021,T10462,True,True,0.2050886500809391,6396,6395,0.2266623865071262,0.3775346337262034
pdf-8d1f4fc3b9a82ab04d93,W4387560896,2024,T10028,True,False,,35888,35888,0.2183870221047258,-0.1946555612044219
pdf-8d3cb94ec6d6ee1b36c7,W4387636037,2024,T10775,True,False,,7254,7254,0.2193741021072751,-0.1264050925112292
pdf-8d449201666b40a5c862,W4387635411,2024,T10462,True,False,,8121,8121,0.2300021356558193,0.6084576026115135
pdf-8d4ac57179a0219206dd,W4307207320,2023,T11304,True,False,,449,449,0.2388131238806617,1.2176828674761813
pdf-8d83653525f82515fc7c,W4404570442,2025,T11512,True,False,,18404,18404,0.2468813719368146,1.7755522498395346
pdf-8da0c790ea7be7b3917e,W4387839182,2024,T10462,True,False,,8121,8121,0.2300021356558193,0.6084576026115135
pdf-8da76ab4d2e6b1b776a3,W4385946842,2024,T11689,True,False,,9232,9232,0.2248482769145755,0.2521001910947703
pdf-8e3b0d01558d7c5defe7,W4402502809,2025,T10531,True,False,,11347,11347,0.2108688804630102,-0.7144884920952369
pdf-8e57a0e51c40066d91a8,W4388962805,2024,T10521,True,True,0.1953210536662497,997,996,0.2398349464654118,1.288335570550269
pdf-8eb01d27c4a6766a4ac3,W4404306423,2025,T11309,True,False,,8388,8388,0.235152664946819,0.9645848032648366
pdf-8eb77ea7fce1b975dfda,W4405434119,2025,T10444,True,False,,9203,9203,0.241082701241912,1.374610085372142
pdf-8ebdca94d74784dbd564,W4387994852,2024,T10481,True,False,,3263,3263,0.2263819220293926,0.358142252148544
pdf-8ed4ae58e489b6786b52,W4403012166,2025,T10627,True,False,,10256,10256,0.2179729334736013,-0.2232872253874517
pdf-8eedc4591cc49eb8c9d8,W4387560103,2025,T11975,True,False,,4514,4514,0.2396905846823714,1.2783538473581817
pdf-8f9105e70b41a0934ae9,W3211224382,2022,T10928,True,True,0.2546692883310176,3423,3422,0.2284457139991414,0.5008406847546444
pdf-8f9672fe4ef55994cb07,W4387294143,2024,T11714,True,False,,8564,8564,0.215440724943133,-0.3983737620278648
pdf-8fc751d4c4c9eaff28b5,W4383180694,2024,T10028,True,False,,35888,35888,0.2183870221047258,-0.1946555612044219
pdf-8fdd67fc3551f24d5a15,W4404342060,2025,T10181,True,False,,18451,18451,0.2148456466874036,-0.4395197377925078
pdf-9031c93c9b347f8fcd55,W3037507281,2021,T10775,True,False,0.2078812370505797,4905,4905,0.2089552903484086,-0.8468013966935657
pdf-905a10f487abf0d16810,W4387799685,2024,T12262,True,False,,7054,7054,0.2298238251942089,0.5961285385575531
pdf-90bcea99958427be16e8,W3003076898,2020,T10812,True,False,0.2314889534867136,6948,6948,0.2077348429885675,-0.9311877727820308
pdf-90d84fc52bf8dcbbe8f5,W4403344651,2025,T11689,True,False,,9776,9776,0.2287751891636718,0.5236218517764527
pdf-90ef46a2fa5bf1e44ec2,W4394948282,2025,T10784,True,False,,4084,4084,0.2418485220291942,1.4275618496992593
pdf-910e6935478fbc3f9e19,W4287208732,2022,T10429,True,False,,22473,22473,0.2510565204689848,2.064237912043581
pdf-911c22b5dbf2789c2a56,W4283316143,2023,T10181,True,False,,19328,19328,0.2096253310896205,-0.8004722293381966
pdf-914641c6619b30e34380,W3171693033,2021,T11689,True,True,0.2061138880891351,4775,4774,0.2158482535663612,-0.3701956817614373
pdf-9149137b73f2d59f243a,W4400337630,2025,T10320,True,False,,12661,12661,0.2368102749686702,1.0791982698629834
pdf-91be02067ed2ee7beee9,W3181158454,2022,T11714,True,True,0.2081491012483933,6428,6427,0.2131620822425575,-0.5559277919919525
pdf-91c4d79bc3a50f2ce3a8,W4319653963,2024,T10719,True,False,,5783,5783,0.2138133101371057,-0.5108994164659509
pdf-91fcd509058b37636247,W4399598149,2025,T10320,True,False,,12661,12661,0.2368102749686702,1.0791982698629834
pdf-9243e61fe078c62b1212,W4388032199,2024,T11714,True,False,,8564,8564,0.215440724943133,-0.3983737620278648
pdf-92450a3e743bbb659116,W4387725532,2024,T11206,True,False,,9688,9688,0.2315967692023854,0.7187166359886882
pdf-9263ea60a32fcaf9151d,W4399115410,2025,T10181,True,False,,18451,18451,0.2148456466874036,-0.4395197377925078
pdf-92a91fd19e7c2131ee35,W4303447594,2023,T10028,True,False,,32238,32238,0.2164176689326195,-0.3308241358605357
pdf-92b2b4e88a50d0eb4638,W4283332132,2023,T10775,True,False,,6782,6782,0.2150272705752434,-0.4269615708365085
pdf-92b679660fc8f3fc46fa,W4381714560,2024,T12535,True,False,,5077,5077,0.2153823917209413,-0.4024071430554266
pdf-92c23121ee4f6560d37e,W4400611538,2025,T10181,True,False,,18451,18451,0.2148456466874036,-0.4395197377925078
pdf-9360e6f8c99ae807efe0,W3109330917,2021,T10036,True,True,0.1680552163284019,13174,13173,0.1992289976613773,-1.5193142961775432
pdf-936389c8e92e33cb6503,W3036438999,2021,T10054,True,True,0.2100276841993376,2911,2910,0.2158764299540947,-0.3682474590602113
pdf-937d8edbbb6da65359ef,W4288055783,2023,T11689,True,False,,8127,8127,0.2203438853724921,-0.0593505860771667
pdf-93a6d534d63efd03c48b,W4404313509,2025,T12120,True,False,,12718,12718,0.2487726898286781,1.906325168178605
pdf-93ab6c3570bf53f1f4b5,W4405281490,2025,T10775,True,False,,7451,7451,0.2222556699969312,0.072837480058735
pdf-93e09e5f62784f15936e,W4403007399,2025,T12072,True,False,,3145,3145,0.2259830174205966,0.3305604690672459
pdf-94056c6f5c25eda16582,W4391912444,2025,T11206,True,False,,11112,11112,0.2342057247251083,0.8991097518107698
pdf-940c3140316d36fec78f,W4378469555,2024,T14339,True,False,,2163,2163,0.2467481874401378,1.7663433667729282
pdf-940dc3f8e7dff63c20a9,W4402562520,2025,T12814,True,False,,2637,2637,0.2147597098324238,-0.4454617390641854
pdf-9416c259ad82e93964ee,W3112913494,2021,T10500,True,True,0.2009827026839348,6906,6905,0.1924789845546372,-1.9860358962812936
pdf-9417829f11c42cad2b6a,W4403345625,2025,T12292,True,False,,2825,2825,0.2088327873678027,-0.8552717190798751
pdf-9425c6927c8ba7f2734a,W4281681455,2023,T12205,True,False,,4805,4805,0.2376972664583501,1.1405282377897763
pdf-944bba465ce7e44e0c5c,W4388926282,2024,T10201,True,False,,9287,9287,0.2127933478112585,-0.581423494158423
pdf-9469dc98eb70c01c828e,W4297950357,2023,T11321,True,False,,1394,1394,0.2073694033211645,-0.9564556624312262
pdf-9476a05724fbb7df48da,W4388275397,2024,T10028,True,False,,35888,35888,0.2183870221047258,-0.1946555612044219
pdf-947af28fad1c68870d8e,W4306176295,2023,T11273,True,False,,7427,7427,0.2145553801124823,-0.4595898736813773
pdf-948375d17904d657a7f1,W4392426331,2025,T12546,True,False,,1925,1925,0.2408138886146865,1.3560233570913425
pdf-94a8060a4b89396bce61,W4402386263,2025,T10320,True,False,,12661,12661,0.2368102749686702,1.0791982698629834
pdf-94bbb67aa64c1d67b7d7,W4387561465,2024,T13523,True,False,,248,248,0.2316000274344164,0.7189419225537623
pdf-94c713d032c91bf8bc5a,W4310418568,2023,T11714,True,False,,7352,7352,0.2144551596211311,-0.466519499942387
pdf-94ef355040db5b743c88,W3087665158,2021,T11309,True,True,0.1811748335002466,6474,6473,0.2243226501986096,0.215756359156439
pdf-94fa0b5e7328ff36478d,W4400480922,2025,T10028,True,False,,35329,35329,0.221402111029327,0.0138191639690476
pdf-94ff3e6300224d816c23,W4389713060,2024,T13114,True,False,,2380,2380,0.2427582715998681,1.4904653979745377
pdf-952bdf9e8c2017dbf4be,W4382490555,2024,T11714,True,False,,8564,8564,0.215440724943133,-0.3983737620278648
pdf-953180aa2eb42022ac59,W4289433311,2023,T11206,True,False,,8052,8052,0.2281475201314834,0.4802224256707493
pdf-953d85249e459bd15791,W4308049129,2023,T10320,True,False,,10369,10369,0.2327098565742494,0.7956797338429595
pdf-953d88c56f981d3f1dd7,W4404346332,2025,T10627,True,False,,10256,10256,0.2179729334736013,-0.2232872253874517
pdf-9542c833cd92262605a3,W4281637618,2023,T12761,True,False,,4127,4127,0.2306675682383986,0.6544681443380873
pdf-954e6a48709945792128,W4403364748,2025,T10531,True,False,,11347,11347,0.2108688804630102,-0.7144884920952369
pdf-95519ce4d7a531558cb9,W4403582403,2025,T12357,True,False,,5141,5141,0.2300075379710645,0.6088311392514613
pdf-9561095addf639ed95ab,W3181135285,2022,T10444,True,True,0.2168059382094197,9254,9253,0.242467312660896,1.4703473893997228
pdf-95722a24230149659d93,W4403883694,2025,T10719,True,False,,6599,6599,0.2126238501335331,-0.5931432087887377
pdf-95c2b0c68c61a96ec332,W4381573436,2024,T11439,True,False,,3519,3519,0.242502327299425,1.4727684347907244
pdf-9638fe55d2487902efaa,W4403365238,2025,T12072,True,False,,3145,3145,0.2259830174205966,0.3305604690672459
pdf-963cf5e9ccee4b68943b,W4400377405,2025,T11424,True,False,,4400,4400,0.2297591539872922,0.5916569251405883
pdf-9643061caa32d15537f1,W4403574086,2025,T10848,True,False,,7965,7965,0.2125087765631219,-0.6010998334741521
pdf-9675b4b77ea6fbb9b078,W2995738369,2020,T10036,True,True,0.1803161856351565,8985,8984,0.1965042995989913,-1.7077102917655456
pdf-96814b6dc47c41e5671e,W4386501629,2024,T10764,True,False,,15412,15412,0.2410106462782917,1.3696279309104409
pdf-9696f0d4de3f0caf9a28,W4399836774,2025,T10028,True,False,,35329,35329,0.221402111029327,0.0138191639690476
pdf-96a880e58202663a4042,W4389821426,2024,T12859,True,False,,6960,6960,0.2484717189393989,1.8855148952490897
pdf-96c194e2cc7b7a637fc9,W4387725369,2024,T11714,True,False,,8564,8564,0.215440724943133,-0.3983737620278648
pdf-96c238f9a4c84713a349,W4283313765,2024,T12808,True,False,,1649,1649,0.2206596237602367,-0.0375192320913238
pdf-96c4a2b5c0fe63991ab4,W4404311186,2025,T10883,True,False,,10874,10874,0.2386859065018316,1.208886573651313
pdf-9739ea6b57710ecc82a3,W4405254456,2025,T10502,True,False,,24548,24548,0.2403108250183016,1.3212396251272882
pdf-97808bd604d2bdb65992,W4403577653,2025,T13114,True,False,,2680,2680,0.241294342865844,1.3892437928639771
pdf-97e72c052335e37beba4,W4321472314,2025,T10028,True,False,,35329,35329,0.221402111029327,0.0138191639690476
pdf-97fa0e3d43f33e79f95b,W7144534111,2023,T10320,True,False,,10369,10369,0.2327098565742494,0.7956797338429595
pdf-9813435bcf180f04dbcc,W4386237643,2024,T10429,True,False,,27161,27161,0.2511586242485506,2.0712977560204786
pdf-981b9f56080124993957,W4399115604,2025,T10901,True,False,,2554,2554,0.2243786601472474,0.2196291002069468
pdf-9825866bb0b0682c9e78,W4403346104,2025,T12034,True,False,,2125,2125,0.2417892885283553,1.423466219979123
pdf-984030bb30bbe1e369ab,W4379087257,2024,T11689,True,False,,9232,9232,0.2248482769145755,0.2521001910947703
pdf-985fab6362195cec1805,W4391709338,2025,T10028,True,False,,35329,35329,0.221402111029327,0.0138191639690476
pdf-987ba3135d5ea54275c0,W4303441857,2024,T12026,True,False,,5632,5632,0.2336371727984251,0.8597979074087659
pdf-989f3877172a90a7917a,W4386557639,2024,T12814,True,False,,2993,2993,0.2115821059031493,-0.6651733702736184
pdf-98a775eb1f3a4e6ea8ac,W4380356004,2024,T10764,True,False,,15412,15412,0.2410106462782917,1.3696279309104409
pdf-98c8fadc1d31bdc1442a,W4399116141,2025,T10719,True,False,,6599,6599,0.2126238501335331,-0.5931432087887377
pdf-98e03f6c660e0c7a2e87,W3177775464,2022,T10775,True,True,0.2075927119053655,6265,6264,0.2118290455636658,-0.6480990221704673
pdf-9933f58da2dcbdc4e29f,W3205870294,2022,T11689,True,True,0.1935107075538624,7000,6999,0.2172222078900543,-0.2751952498684702
pdf-99534d40a65fc6aab40a,W4399597888,2025,T10824,True,False,,4337,4337,0.229806076455181,0.5949013231806499
pdf-995562e70917c9329f87,W4388481695,2024,T11948,True,False,,10699,10699,0.2282684785194856,0.4885859490449437
pdf-996b4524959ac305f109,W4403734186,2025,T10320,True,False,,12661,12661,0.2368102749686702,1.0791982698629834
pdf-9996c5b750dd9f04385e,W4405627087,2025,T10531,True,False,,11347,11347,0.2108688804630102,-0.7144884920952369
pdf-99f55ac990d5b5dc26e3,W4404388956,2025,T10054,True,False,,2498,2498,0.2175752839267611,-0.2507822287077378
pdf-9a34380e40b5d387d201,W4389072012,2024,T10028,True,False,,35888,35888,0.2183870221047258,-0.1946555612044219
pdf-9a3a81330ae03e8fbce4,W4304731097,2023,T10820,True,False,,3366,3366,0.2276951717436158,0.4489453362708575
pdf-9a41f3104a1c63f4fe88,W4396986729,2025,T10711,True,False,,6510,6510,0.2187969774194542,-0.1663096902504815
pdf-9a4b17d5020a28476d79,W4287865152,2022,T12205,True,False,,4615,4615,0.2347502169820232,0.9367580190619346
pdf-9a50fcc583454944a6bd,W4297949899,2023,T12015,True,False,,399,399,0.246138212148536,1.7241673532425432
pdf-9a51fb127b77ab20a21c,W4399836773,2025,T13910,True,False,,3204,3204,0.2366361658881283,1.0671597052886423
pdf-9a67e7dc945124106f12,W2966892770,2020,T10028,True,True,0.2060443194437421,18278,18277,0.2114821824282755,-0.6720824596847875
pdf-9a7bd740762a8e28cd82,W4303449890,2023,T11307,True,False,,8248,8248,0.2051300416060141,-1.111293655540076
pdf-9ab9319e2ac5c8ca2514,W4405031698,2025,T10901,True,False,,2554,2554,0.2243786601472474,0.2196291002069468
pdf-9aeabde178879b2cb712,W4403884296,2025,T12357,True,False,,5141,5141,0.2300075379710645,0.6088311392514613
pdf-9b422cdab0cd75eb2ef9,W4388747866,2024,T10237,True,False,,13564,13564,0.2302453466849615,0.6252741389484261
pdf-9b53fd8e0deebe4aa028,W4302009014,2023,T12535,True,False,,4769,4769,0.2126989942768453,-0.5879474566841827
pdf-9b72feecbaf5304420f1,W4404405759,2025,T10057,True,False,,8028,8028,0.2095910620817831,-0.8028417189849474
pdf-9b7d3f4dae8a723e1c9d,W4404396388,2025,T10462,True,False,,7568,7568,0.2328093768679064,0.802560945770089
pdf-9b867c593f0eb16b9efe,W4388093170,2024,T11612,True,False,,2801,2801,0.1880049290878714,-2.295389121731592
pdf-9b9ed80d1185f6e1a044,W4387636048,2024,T11714,True,False,,8564,8564,0.215440724943133,-0.3983737620278648
pdf-9bbeb3797f651040fbef,W4399795335,2025,T10799,True,False,,6428,6428,0.2248948103800639,0.2553176920281297
pdf-9be2d34d84eb895c36e9,W3033843238,2021,T10028,True,True,0.1839278387250598,23899,23898,0.2127025841103514,-0.5876992419308851
pdf-9bf882c1ea3a35d47ab2,W4226072009,2023,T10052,True,False,,6041,6041,0.2282899912388417,0.4900734203493254
pdf-9c13d6505bdd3dc8c4a7,W4390136440,2024,T11206,True,True,0.2292704667969287,9688,9687,0.2315970093492219,0.7187332406550819
pdf-9c314e2641c76dc326b8,W4392576359,2025,T10028,True,False,,35329,35329,0.221402111029327,0.0138191639690476
pdf-9c44341e30b97915686a,W4403573950,2025,T10320,True,False,,12661,12661,0.2368102749686702,1.0791982698629834
pdf-9c6c05dbd6ed79dabd34,W2946127590,2020,T11814,True,True,0.2897916258047429,2422,2421,0.2517739441308425,2.113843314895341
pdf-9c6fec150cddc2bfd6ed,W4377372415,2025,T10775,True,False,,7451,7451,0.2222556699969312,0.072837480058735
pdf-9cbc171a20dd105c7ea2,W4403345328,2025,T11714,True,False,,9303,9303,0.2166108880572939,-0.3174642300925548
pdf-9d5098c599753373e3ec,W4387560047,2024,T11307,True,False,,9241,9241,0.2076211307271275,-0.9390502713833592
pdf-9d50c67aeaa13394a601,W4300973224,2023,T10775,True,False,,6782,6782,0.2150272705752434,-0.4269615708365085
pdf-9d57b7c677f9642eb911,W4287331425,2022,T12026,True,False,,3387,3387,0.226220882439432,0.3470073619019749
pdf-9d59caca2f30c36da9a9,W3203762305,2022,T11948,True,True,0.2082549595367872,6700,6699,0.2258258859540271,0.3196958013481968
pdf-9d602b3a5247b3a887cd,W3035083561,2020,T10201,True,False,,7474,7474,0.2073941396387943,-0.9547452992715876
pdf-9d9197d90d8e8e15466b,W4304192845,2023,T10812,True,False,,10056,10056,0.2109665607126179,-0.7077345078177976
pdf-9d9a9595daf5cb64fbad,W4387559065,2024,T10028,True,False,,35888,35888,0.2183870221047258,-0.1946555612044219
pdf-9d9ab93692691d324453,W4394665089,2024,T10028,True,False,,35888,35888,0.2183870221047258,-0.1946555612044219
pdf-9d9ed9636d87623e0844,W4391047473,2025,T10036,True,False,,28272,28272,0.2160919940193008,-0.3533425390479273
pdf-9daa86b51e57e010e6e5,W4387436586,2024,T11307,True,False,,9241,9241,0.2076211307271275,-0.9390502713833592
pdf-9db6eb5cafcc5fd73318,W4403364738,2025,T10627,True,False,,10256,10256,0.2179729334736013,-0.2232872253874517
pdf-9dced7388f3b59f5e059,W3214224969,2022,T12026,True,True,0.1840844649463784,3387,3386,0.2262333267446573,0.3478678085344641
pdf-9df5a4513933d400f36b,W4388481646,2024,T11948,True,False,,10699,10699,0.2282684785194856,0.4885859490449437
pdf-9e6425c938a4fb89c456,W4387839234,2024,T12290,True,False,,1162,1162,0.2417898773785385,1.4235069353222456
pdf-9f1cd9ee62cd1cb604ca,W3138953166,2021,T10860,True,True,0.2222777980515738,10705,10704,0.2128103378514428,-0.5802487381075442
pdf-9f436521d5390fd19f95,W3215757929,2023,T11689,True,True,0.1675140274297879,8127,8126,0.2203503867086898,-0.0589010589451399
pdf-9f7888695be47a673ca3,W4387560040,2024,T10028,True,False,,35888,35888,0.2183870221047258,-0.1946555612044219
pdf-9f87ee194b77b10b6f86,W4389072152,2024,T12072,True,False,,3410,3410,0.2228574156605375,0.114444465783455
pdf-9fa9023ca888312d2c04,W4390528646,2025,T11714,True,False,,9303,9303,0.2166108880572939,-0.3174642300925548
pdf-9fe35fd94f6652bfe04f,W4404307915,2025,T10028,True,False,,35329,35329,0.221402111029327,0.0138191639690476
pdf-9ff162b13689edeef173,W4303648971,2023,T11714,True,False,,7352,7352,0.2144551596211311,-0.466519499942387
pdf-a024596b8ce6ea74d1b5,W4284976013,2023,T11307,True,False,,8248,8248,0.2051300416060141,-1.111293655540076
pdf-a0278fe0d18339ceab94,W4404308557,2025,T11099,True,False,,10357,10357,0.2352094500770314,0.9685111433201404
pdf-a03ae5340c37b328edbb,W4388585698,2024,T10036,True,False,,26582,26582,0.2123541108261378,-0.6117940112638747
pdf-a03bb8972eecf874f4ca,W4296611602,2023,T11307,True,False,,8248,8248,0.2051300416060141,-1.111293655540076
pdf-a0675366a8de32cd21de,W4388584642,2024,T10028,True,False,,35888,35888,0.2183870221047258,-0.1946555612044219
pdf-a07f221bf90d575893a3,W3033395418,2021,T10036,True,True,0.1554340098514938,13174,13173,0.1992299557731572,-1.5192480486820303
pdf-a09531bdcc8b52dcaf8f,W4294783083,2023,T11273,True,False,,7427,7427,0.2145553801124823,-0.4595898736813773
pdf-a0c2a4d2d6a332b29d7a,W4387294152,2024,T10862,True,False,,15489,15489,0.2489693502381606,1.9199230174774555
pdf-a0d4aab5d8177384f649,W4403365363,2025,T10181,True,False,,18451,18451,0.2148456466874036,-0.4395197377925078
pdf-a10bcc49f8a2d2942f95,W4298187228,2023,T10261,True,False,,186,186,0.2338532416512148,0.8747377303560616
pdf-a140ce584c05b43f41f8,W4400600814,2025,T10812,True,False,,11725,11725,0.2146928050473646,-0.4500877905760287
pdf-a149c5ade5732630b908,W4399911431,2025,T10181,True,False,,18451,18451,0.2148456466874036,-0.4395197377925078
pdf-a14e41f72d1d70ae991c,W4225595696,2023,T11307,True,True,0.2217893510120484,8248,8247,0.2051280215612213,-1.1114333291263443
pdf-a15871cbdbb4cc5544a7,W2994811754,2020,T10028,True,True,0.200667438057577,18278,18277,0.2114824766166755,-0.6720621183789881
pdf-a2cdad1b9aee457ed616,W4403882377,2025,T10181,True,False,,18451,18451,0.2148456466874036,-0.4395197377925078
pdf-a2dafc5485c1d3e82665,W4403344272,2025,T10824,True,False,,4337,4337,0.229806076455181,0.5949013231806499
pdf-a2fc8c9ab0367f8ad01e,W4378473798,2024,T10028,True,False,,35888,35888,0.2183870221047258,-0.1946555612044219
pdf-a36ef0be69df5c358820,W3091507139,2021,T10462,True,True,0.1969384602982484,6396,6395,0.2266636609699538,0.3776227549373446
pdf-a3b008dea931b2b36164,W3202050148,2022,T10028,True,True,0.1956450344021397,29821,29820,0.2147087686089299,-0.4489840091641566
pdf-a3ceabe893ae73d28f24,W4404356281,2025,T10181,True,False,,18451,18451,0.2148456466874036,-0.4395197377925078
pdf-a404c2ffc0a373bae20a,W4382491583,2024,T10627,True,False,,10597,10597,0.2173728192848003,-0.264781404733931
pdf-a419d0a49a56f883c14b,W4379470115,2024,T11714,True,False,,8564,8564,0.215440724943133,-0.3983737620278648
pdf-a41dba9e046cac7a57d0,W4389072896,2025,T11948,True,False,,13237,13237,0.2316969813625612,0.7256456862005208
pdf-a423fe49473968b3976c,W4386557721,2024,T10581,True,False,,6633,6633,0.2358164426581104,1.0104809208913033
pdf-a46c5d88ec1e2337123a,W4405469964,2025,T10824,True,False,,4337,4337,0.229806076455181,0.5949013231806499
pdf-a46d464e9cf6e22c6654,W4380136694,2024,T10824,True,False,,4482,4482,0.2268761181832198,0.3923128553802715
pdf-a48d6d4cdfd5ab55aeff,W4387561477,2024,T11307,True,False,,9241,9241,0.2076211307271275,-0.9390502713833592
pdf-a4a1d30b6643813902b1,W4387294353,2024,T11948,True,False,,10699,10699,0.2282684785194856,0.4885859490449437
pdf-a5349b13cfc0f6b8b83c,W4387156877,2024,T11099,True,False,,9135,9135,0.2359605684926403,1.0204463297052369
pdf-a5a3880fdf66a4208662,W4399062208,2025,T10848,True,False,,7965,7965,0.2125087765631219,-0.6010998334741521
pdf-a5f70b25c9371974758c,W4405562758,2025,T10028,True,False,,35329,35329,0.221402111029327,0.0138191639690476
pdf-a61a9840d3972bb6e87a,W4309866995,2023,T11273,True,False,,7427,7427,0.2145553801124823,-0.4595898736813773
pdf-a657fa5827cc72166ead,W4388444710,2024,T12814,True,False,,2993,2993,0.2115821059031493,-0.6651733702736184
pdf-a65f0065acf31a76ba23,W4387560443,2024,T10028,True,False,,35888,35888,0.2183870221047258,-0.1946555612044219
pdf-a6ad0237831d03608fd3,W4403571009,2025,T10211,True,False,,30124,30124,0.2699390580788924,3.369848438712829
pdf-a704e4f1fa4292238a31,W4403920266,2025,T10181,True,False,,18451,18451,0.2148456466874036,-0.4395197377925078
pdf-a72c9913bf6eafd24420,W4402428557,2025,T10211,True,False,,30124,30124,0.2699390580788924,3.369848438712829
pdf-a72ec68817ad74e42da6,W4404396541,2025,T12254,True,False,,5772,5772,0.2495604235730126,1.96079207776792
pdf-a78702bea8a2b35e7776,W4302013494,2023,T13702,True,False,,5083,5083,0.2554958098839957,2.3711872803386824
pdf-a7b1625a5983cc78cb5c,W4320858880,2023,T10036,True,False,,22056,22056,0.2073834491634649,-0.9554844794291188
pdf-a81ff5e19482e9647439,W4399759105,2025,T11689,True,False,,9776,9776,0.2287751891636718,0.5236218517764527
pdf-a844adb5c8f542239f55,W4387390056,2024,T10775,True,False,,7254,7254,0.2193741021072751,-0.1264050925112292
pdf-a86dd43fed4b99e317c3,W4307786378,2023,T10320,True,False,,10369,10369,0.2327098565742494,0.7956797338429595
pdf-a8944900c6e6df3b0247,W4403882543,2025,T12031,True,False,,2687,2687,0.2400591349208526,1.303836813732096
pdf-a8a2760fa1c24ed7b658,W4327810802,2024,T10812,True,False,,11077,11077,0.2131633046260181,-0.5558432717464903
pdf-a8fe49d478a9bdee8788,W4388327633,2024,T10775,True,False,,7254,7254,0.2193741021072751,-0.1264050925112292
pdf-a94bb95fa59d8afe9c7d,W4392224226,2025,T12535,True,False,,5217,5217,0.219463278390199,-0.1202391048606329
pdf-a95af4b3a7fb130a4371,W3207146706,2022,T10775,True,True,0.2178593372825243,6265,6264,0.2118274065749401,-0.6482123480897627
pdf-a998e4c4682bcb7785c1,W4294320948,2023,T11714,True,False,,7352,7352,0.2144551596211311,-0.466519499942387
pdf-a9b1d19af82746449b9f,W2932075841,2020,T10462,True,True,0.1854470540779172,4875,4874,0.228202860202118,0.4840488488062249
pdf-a9cc1b9d9ae8ef412351,W4303438660,2023,T10627,True,False,,11014,11014,0.2153097577079217,-0.4074293351967409
pdf-a9fbf6c19a1f57d5a7b7,W4362553764,2025,T11775,True,True,0.2950058440645602,21594,21593,0.2708264972066104,3.4312093580375094
pdf-aa091dd7ff9d24c15207,W4399759407,2025,T10531,True,False,,11347,11347,0.2108688804630102,-0.7144884920952369
pdf-aa291018367a7e40f754,W4402955413,2025,T10028,True,False,,35329,35329,0.221402111029327,0.0138191639690476
pdf-aa3850942e892a963b6b,W4320855730,2023,T11689,True,False,,8127,8127,0.2203438853724921,-0.0593505860771667
pdf-aa4c53997287330c65a5,W2971715690,2020,T11307,True,True,0.1914658709883618,3512,3511,0.2038205646114879,-1.2018358794616943
pdf-aa5cfa9218f5bd88ed82,W4403571388,2025,T12290,True,False,,1417,1417,0.2386898490347714,1.209159175386011
pdf-aa7224b86ac0410452c9,W4286959591,2022,T10028,True,False,,29821,29821,0.2147081293367993,-0.4490282108726532
pdf-aa758846860e34233461,W4404403075,2025,T11710,True,False,,5705,5705,0.2389895708440428,1.2298830821691595
pdf-aa7c40f66c1689b80cd7,W4286909342,2022,T11273,True,False,,6233,6233,0.2120274568889059,-0.6343801078912776
pdf-aaec29ef3eada1183597,W3172142426,2022,T11307,True,True,0.2153513743532478,7372,7371,0.2034506960509833,-1.2274099996384975
pdf-ab135201c1db9f0e5298,W4387839203,2024,T10260,True,False,,6121,6121,0.2259697183354474,0.3296409196971071
pdf-ab29827e58619c37a771,W4404344609,2025,T10181,True,False,,18451,18451,0.2148456466874036,-0.4395197377925078
pdf-ab808aefe57be383959b,W4378718421,2024,T12205,True,False,,5123,5123,0.2401058403527249,1.3070662050758284
pdf-ac16e091115856c21600,W4387891918,2024,T12535,True,False,,5077,5077,0.2153823917209413,-0.4024071430554266
pdf-ac52b49245964c4911f5,W4403936294,2025,T11122,True,False,,19032,19032,0.2380537671972305,1.1651780558949094
pdf-ac53fa20a85fe8ee6451,W4311432315,2023,T11689,True,False,,8127,8127,0.2203438853724921,-0.0593505860771667
pdf-ac7d82d949c19d4c6887,W4387560540,2024,T11439,True,False,,3519,3519,0.242502327299425,1.4727684347907244
pdf-ac9cd42c7a34104d26ff,W4302010612,2023,T10764,True,False,,12915,12915,0.2383254288624475,1.18396177750729
pdf-acb75ecf8c174a13ae7e,W4403346624,2025,T10901,True,False,,2554,2554,0.2243786601472474,0.2196291002069468
pdf-ace14bd27aaa9fc0d01a,W4379538468,2024,T10211,True,False,,26483,26483,0.2702259668497532,3.389686403247485
pdf-ace347847ac1de139ab3,W4387561531,2024,T10028,True,False,,35888,35888,0.2183870221047258,-0.1946555612044219
pdf-ace3cc568133869aa436,W3091165558,2021,T10775,True,True,0.1881624248674053,4905,4904,0.2089595303291348,-0.8465082282866878
pdf-ad146ba915e7446fe35c,W4286909468,2022,T10028,True,False,,29821,29821,0.2147081293367993,-0.4490282108726532
pdf-ad1efe48e18656d72aed,W3034689796,2020,T10028,True,False,,18278,18278,0.2114818849196321,-0.672103030564861
pdf-ad42dd66e613923d6b83,W4405418988,2025,T14470,True,False,,1313,1313,0.2678218028604769,3.223453353586232
pdf-ad704802a653f08f3d89,W4386557489,2024,T11307,True,False,,9241,9241,0.2076211307271275,-0.9390502713833592
pdf-ad705b91b165f9459d6e,W4403580141,2025,T10181,True,False,,18451,18451,0.2148456466874036,-0.4395197377925078
pdf-ad7faaff2982f9c9e81f,W3168353230,2022,T10764,True,True,0.1972802081211003,11125,11124,0.2347020377762098,0.9334267253780056
pdf-ad7fb56c2eafac2b12ac,W4200634382,2022,T10862,True,False,,10002,10002,0.2469464398386382,1.780051292252382
pdf-ad9fa5a574aafe7bb86b,W4226376398,2022,T10775,True,False,,6265,6265,0.2118283693731377,-0.6481457765574953
pdf-ada3fab9b68eb56745cf,W4391670890,2025,T11289,True,False,,4314,4314,0.2252539618723607,0.2801507933145576
pdf-ada49381b49456cfc6c9,W4379256019,2024,T10848,True,False,,7810,7810,0.212760344794944,-0.5837054483322843
pdf-ae0238d5f2bd876a7b18,W4404261178,2025,T10181,True,False,,18451,18451,0.2148456466874036,-0.4395197377925078
pdf-ae49d9e7ba9a28aeddcb,W4313679813,2024,T11992,True,False,,1151,1151,0.2364284151789553,1.0527950304539992
pdf-ae813bc7ef817bd92bfa,W4404314020,2025,T11344,True,False,,13322,13322,0.2453831932159178,1.6719624702641218
pdf-aeb5b153b7a30154e914,W4387928596,2024,T11689,True,False,,9232,9232,0.2248482769145755,0.2521001910947703
pdf-aeeb67f0c0c8fb01bbae,W4387356303,2024,T11273,True,False,,8830,8830,0.2168147606927979,-0.303367700033256
pdf-af024058dd535c73ee01,W4388444691,2024,T12611,True,False,,5415,5415,0.2494349230971309,1.952114497148293
pdf-af3da5260ad7480f2b35,W4399252456,2025,T10028,True,False,,35329,35329,0.221402111029327,0.0138191639690476
pdf-af5a7c58f4286a25e77a,W4387323008,2024,T11714,True,False,,8564,8564,0.215440724943133,-0.3983737620278648
pdf-af978933b2f41f6ba77c,W3206263120,2022,T10036,True,True,0.1683549378644061,17951,17950,0.2022634788875327,-1.3094987134578826
pdf-b02da22ffdbe0b4de800,W4389157186,2024,T10531,True,False,,11224,11224,0.2105528413912859,-0.7363406365159938
pdf-b043b2f529488f41d69f,W3201882754,2022,T11273,True,True,0.1704668772414103,6233,6232,0.2120341257880791,-0.6339189948172952
pdf-b04915dd1e09ddb5de30,W4399317863,2025,T10320,True,False,,12661,12661,0.2368102749686702,1.0791982698629834
pdf-b060c0c26b184a872469,W4389471205,2024,T12031,True,False,,2632,2632,0.2402998757783626,1.3204825529996589
pdf-b06b0270a4bac18b0265,W3207031492,2022,T11273,True,True,0.165324758345601,6233,6232,0.2120349509034347,-0.633861943200816
pdf-b08995bff9c99afe98f7,W4403345155,2025,T10201,True,False,,9299,9299,0.2149484689202145,-0.4324102172234582
pdf-b09885e0a7e53224be07,W4404087963,2025,T11689,True,False,,9776,9776,0.2287751891636718,0.5236218517764527
pdf-b09e11eb30ca9bb5d17d,W4387559119,2025,T12859,True,False,,10312,10312,0.2558546224123116,2.3959969443652067
pdf-b0c5aaf693acea662bc8,W4378771415,2024,T10824,True,False,,4482,4482,0.2268761181832198,0.3923128553802715
pdf-b1308ad18569e7cbd945,W4387963841,2024,T11948,True,False,,10699,10699,0.2282684785194856,0.4885859490449437
pdf-b197d0bcc5de8db6e262,W4399510412,2025,T12026,True,False,,6912,6912,0.2375910459783148,1.133183749472207
pdf-b199badc1ecb1970c884,W4324107479,2024,T10481,True,False,,3263,3263,0.2263819220293926,0.358142252148544
pdf-b1a76f1a38cb13e39e0c,W4399317652,2025,T10824,True,False,,4337,4337,0.229806076455181,0.5949013231806499
pdf-b1e2a5cdccd1419a1609,W4405185373,2025,T10211,True,True,0.2405877066031579,30124,30123,0.2699400324623029,3.369915811290819
pdf-b203be864e1001074899,W3112587064,2021,T10775,True,True,0.2031204146966871,4905,4904,0.2089564801680766,-0.8467191280326783
pdf-b23ce152ec2eaa616761,W4386554995,2024,T11338,True,False,,264,264,0.2197069001952921,-0.1033941659108524
pdf-b2974809c4b370d927dc,W4403573600,2025,T12535,True,False,,5217,5217,0.219463278390199,-0.1202391048606329
pdf-b29821e21321f611bc4b,W3106570356,2021,T10775,True,True,0.162212925055279,4905,4904,0.2089648218258338,-0.8461423540628491
pdf-b2b2c288428e4d1f14d7,W4399454157,2025,T10388,True,False,,10139,10139,0.230087082922648,0.6143311799915548
pdf-b2c875bb6e7747d4a2e3,W4388105655,2024,T10581,True,False,,6633,6633,0.2358164426581104,1.0104809208913033
pdf-b2eeb1fedc22235f9e93,W4401307635,2025,T10775,True,False,,7451,7451,0.2222556699969312,0.072837480058735
pdf-b2f59e04265e51065d52,W4403996091,2025,T10688,True,False,,8825,8825,0.2152161894297349,-0.4138990021179375
pdf-b314664aac053315d21a,W3202158018,2022,T11689,True,True,0.173909333627465,7000,6999,0.2172250084864147,-0.2750016059756507
pdf-b385624627b16093a1fc,W4403783034,2025,T10500,True,False,,5071,5071,0.1986423715578237,-1.5598758579676668
pdf-b3a5d1f874391e9fba46,W4387596558,2024,T10052,True,False,,5524,5524,0.2313642012984208,0.702636005839581
pdf-b3ac947642e2cf8af945,W4226538813,2022,T11206,True,False,,6813,6813,0.2253004167938364,0.2833628634159026
pdf-b3ee5d41d7969692a723,W4400104481,2025,T11398,True,False,,9296,9296,0.2382105057514474,1.176015556158282
pdf-b41fd116fa0a0f697b29,W4387294201,2024,T10601,True,False,,8261,8261,0.2203632170410776,-0.058013920925231
pdf-b42cd0e953dfe670fdcd,W4385002737,2024,T10775,True,False,,7254,7254,0.2193741021072751,-0.1264050925112292
pdf-b437ccebe1aa978e7420,W4400327027,2025,T10320,True,False,,12661,12661,0.2368102749686702,1.0791982698629834
pdf-b44cb38da3cdc21453d5,W4403819462,2025,T11105,True,False,,9236,9236,0.2057520118064092,-1.068288268357137
pdf-b4612cd87c9d12e15f14,W4386270030,2024,T10331,True,False,,17716,17716,0.2134884245295429,-0.5333632440488882
pdf-b46f647e4382a0e05a3d,W2991340425,2020,T10320,True,True,0.1814541888524313,9379,9378,0.2264649206044862,0.3638810895643343
pdf-b475c04ad4f69721e119,W4399991036,2025,T10100,True,False,,12255,12255,0.2270147683497294,0.4018996556641658
pdf-b4a274c503aa6f18b5ad,W4307307395,2023,T13702,True,False,,5083,5083,0.2554958098839957,2.3711872803386824
pdf-b4b45bf1f5c1c0780d39,W3205941301,2022,T12026,True,True,0.2396444426576062,3387,3386,0.2262169180093617,0.3467332461163231
pdf-b4da7ed61d8fb4b459c0,W4400375159,2025,T11439,True,False,,3804,3804,0.242455771752495,1.4695494070624422
pdf-b5063c9fc119297ad176,W4393929290,2025,T11122,True,False,,19032,19032,0.2380537671972305,1.1651780558949094
pdf-b54cdc007d1e190777c3,W4283775344,2023,T11307,True,False,,8248,8248,0.2051300416060141,-1.111293655540076
pdf-b5a2e391b80595d9f7a0,W4295683184,2023,T11206,True,False,,8052,8052,0.2281475201314834,0.4802224256707493
pdf-b5b49d45fe202c12a402,W4400267077,2025,T10215,True,False,,6842,6842,0.2335249493172626,0.8520383487428638
pdf-b5dbecce2237b04d6830,W3207090648,2022,T11303,True,True,0.1969995095987953,4697,4696,0.2071369454966962,-0.9725286812649422
pdf-b5ea71ecb15163be00dc,W3092178728,2021,T11689,True,True,0.1914818835008981,4775,4774,0.2158513185023873,-0.3699837604179262
pdf-b63c70604e4f6bbf497c,W4405433073,2025,T10057,True,False,,8028,8028,0.2095910620817831,-0.8028417189849474
pdf-b692b37cb20327e1edba,W4387225524,2024,T10320,True,False,,10530,10530,0.2350340197448136,0.9563812223755928
pdf-b6a22db1423ad4e45ed2,W4387145092,2024,T10028,True,False,,35888,35888,0.2183870221047258,-0.1946555612044219
pdf-b6c064ccf211e912e8de,W4399695064,2025,T11902,True,False,,3185,3185,0.2451806805548512,1.657959974014165
pdf-b7008b00bea2dcc7fbd0,W4226125322,2022,T10775,True,False,,6265,6265,0.2118283693731377,-0.6481457765574953
pdf-b7181b5746c53429b558,W4399912930,2025,T10775,True,False,,7451,7451,0.2222556699969312,0.072837480058735
pdf-b7249e71140aee479d57,W4399317141,2025,T10462,True,False,,7568,7568,0.2328093768679064,0.802560945770089
pdf-b738575a8625751b4f54,W4399695260,2025,T10181,True,False,,18451,18451,0.2148456466874036,-0.4395197377925078
pdf-b74c445ed2aa191b5300,W4387390125,2024,T10201,True,False,,9287,9287,0.2127933478112585,-0.581423494158423
pdf-b7984ef63401d84ace5f,W4306313145,2023,T10028,True,False,,32238,32238,0.2164176689326195,-0.3308241358605357
pdf-b7a1276c3c81b12b8292,W4303649096,2023,T10764,True,False,,12915,12915,0.2383254288624475,1.18396177750729
pdf-b7a9b95278866a7fd06c,W4302010408,2023,T11689,True,False,,8127,8127,0.2203438853724921,-0.0593505860771667
pdf-b7d34f2be5fbd4aab536,W4386231419,2024,T10028,True,False,,35888,35888,0.2183870221047258,-0.1946555612044219
pdf-b7d54f43972e7be87df2,W4403920268,2025,T10028,True,False,,35329,35329,0.221402111029327,0.0138191639690476
pdf-b7e7d587014b151f28f8,W4403853741,2025,T10028,True,False,,35329,35329,0.221402111029327,0.0138191639690476
pdf-b7e8c34801bd74526fd7,W4405957721,2025,T10764,True,False,,18111,18111,0.2428389748029139,1.496045524629613
pdf-b7ed872b70bc704eea13,W4403964524,2025,T10181,True,False,,18451,18451,0.2148456466874036,-0.4395197377925078
pdf-b81281833ef7cfc52f6a,W4367625571,2024,T11689,True,False,,9232,9232,0.2248482769145755,0.2521001910947703
pdf-b8471c042bd517d34c37,W4405355481,2025,T11099,True,False,,10357,10357,0.2352094500770314,0.9685111433201404
pdf-b85463f021cf1df041b2,W3043057662,2021,T11689,True,True,0.1822811372233357,4775,4774,0.2158532457638614,-0.369850502223488
pdf-b85689dd819b826b3c2b,W4221153185,2023,T10500,True,False,,6270,6270,0.195674851946175,-1.7650614597711582
pdf-b8682da75924cbaebe7c,W4292423008,2023,T11714,True,False,,7352,7352,0.2144551596211311,-0.466519499942387
pdf-b8a1fe5f1d154dce49cb,W3137639636,2021,T11307,True,False,,5338,5338,0.2031353861476499,-1.2492117265811236
pdf-b8a734525f4dceeeae08,W4387390372,2024,T10531,True,False,,11224,11224,0.2105528413912859,-0.7363406365159938
pdf-b8d6a2840399e17d07bc,W4306179347,2023,T12814,True,False,,3194,3194,0.2095811118931348,-0.8035297129034509
pdf-b91723a515344319096f,W4387390341,2024,T11714,True,False,,8564,8564,0.215440724943133,-0.3983737620278648
pdf-b928ba94e296cddebd37,W4405903547,2025,T12205,True,False,,5538,5538,0.2426014603449211,1.479622870905956
pdf-b9411a7f89ee5b0ea4ad,W4405172866,2025,T10181,True,False,,18451,18451,0.2148456466874036,-0.4395197377925078
pdf-b96279762dc6198e4ae7,W4404574070,2025,T11307,True,False,,9511,9511,0.2097569291323577,-0.7913730397358123
pdf-b967f4fec0cb9245da5d,W4386086200,2024,T11236,True,True,0.2625055861662362,1089,1088,0.2143256718194998,-0.4754727794420824
pdf-b9924e91b45731b969a7,W3205158828,2022,T11948,True,True,0.20737384142893,6700,6699,0.2258260174838237,0.3197048958190042
pdf-b99eda84f09da1756f37,W4404449926,2025,T10181,True,False,,18451,18451,0.2148456466874036,-0.4395197377925078
pdf-b9bb22be9603c3c2bd71,W3173053527,2022,T11689,True,True,0.1793058419925755,7000,6999,0.2172242374464997,-0.2750549186103328
pdf-ba116a0108228f996974,W4399695495,2025,T10429,True,False,,29021,29021,0.2505550454124076,2.029564017768601
pdf-ba3978719e7cb7f61e65,W4402706250,2025,T11949,True,False,,195,195,0.2546806767467126,2.314825872425193
pdf-ba3dc68fafaf8cea7b47,W4402703713,2025,T13996,True,False,,306,306,0.2394037777485456,1.2585229242237712
pdf-ba81a2b8137d6aed17ee,W4405089562,2025,T14474,True,False,,1713,1713,0.2533062677520747,2.2197940028524
pdf-baacb646f23eba8a4606,W4287815930,2022,T11612,True,False,,3155,3155,0.1835962207534225,-2.600223997709848
pdf-bab0ba320e1d1c8793ca,W4362655771,2024,T10028,True,False,,35888,35888,0.2183870221047258,-0.1946555612044219
pdf-babd05ef318d018a1abd,W4396786711,2025,T11714,True,False,,9303,9303,0.2166108880572939,-0.3174642300925548
pdf-bacb75a184a73d9c92ef,W3007960301,2020,T12026,True,True,0.1997093696244487,1093,1092,0.2195580615407151,-0.1136854370421814
pdf-bae8f259f0a10e71b99d,W4308503721,2024,T11714,True,False,,8564,8564,0.215440724943133,-0.3983737620278648
pdf-baef1b0d440e72ed04b9,W3007741598,2021,T10764,True,True,0.1696099420045155,8899,8898,0.2321705315552887,0.7583887490930221
pdf-baf737b221ca14a2bfef,W3001975179,2020,T10036,True,True,0.2135687113861124,8985,8984,0.1965005982938098,-1.7079662140948058
pdf-bb5e2878b2d566376cc0,W4389471022,2024,T11307,True,False,,9241,9241,0.2076211307271275,-0.9390502713833592
pdf-bbe1c7fc3d00f122f6ce,W4395443245,2025,T11338,True,False,,280,280,0.2213901885721005,0.012994799893611
pdf-bbed086e10046a50e0d2,W4292432849,2023,T11714,True,False,,7352,7352,0.2144551596211311,-0.466519499942387
pdf-bbfc34018eb0ebebd043,W4404304985,2025,T11439,True,False,,3804,3804,0.242455771752495,1.4695494070624422
pdf-bc0023d7d5bbca3fe3cf,W4285428860,2023,T12814,True,False,,3194,3194,0.2095811118931348,-0.8035297129034509
pdf-bc2256d67490f6b5e915,W4403578012,2025,T10028,True,False,,35329,35329,0.221402111029327,0.0138191639690476
pdf-bc34a792ade593252fc0,W4287327126,2022,T11612,True,False,,3155,3155,0.1835962207534225,-2.600223997709848
pdf-bc54035e52f2a4105bba,W4403883934,2025,T11105,True,False,,9236,9236,0.2057520118064092,-1.068288268357137
pdf-bc6a37191ca0615be63e,W3173024634,2022,T10028,True,True,0.2259149330720539,29821,29820,0.2147077535217847,-0.4490541961533019
pdf-bca2ca97d24ee35ec6a4,W4399455100,2025,T14470,True,False,,1313,1313,0.2678218028604769,3.223453353586232
pdf-bcaa8ad25144329f12a0,W4387891282,2024,T11689,True,False,,9232,9232,0.2248482769145755,0.2521001910947703
pdf-bcb7f99b119eab13f20f,W4387322622,2024,T10028,True,False,,35888,35888,0.2183870221047258,-0.1946555612044219
pdf-bcbd0b51ea9f83a74723,W4281662760,2023,T10906,True,False,,2015,2015,0.2325939351974491,0.787664488596629
pdf-bcbf23114606be9a45e1,W3134032827,2022,T10462,True,True,0.2150731207930709,7924,7923,0.2262654695728844,0.3500902860296557
pdf-bccbed9dda78f6f5bab1,W3214685499,2022,T11714,True,True,0.1798327330989159,6428,6427,0.2131664880879207,-0.5556231550727018
pdf-bce40b4721a3aa766f59,W4402427274,2025,T12535,True,False,,5217,5217,0.219463278390199,-0.1202391048606329
pdf-bcea3c07ab8db6d93edc,W4399403247,2025,T11439,True,False,,3804,3804,0.242455771752495,1.4695494070624422
pdf-bd2fb1b3b1466283a19e,W4400342216,2025,T10775,True,False,,7451,7451,0.2222556699969312,0.072837480058735
pdf-bd403157a0ee2f839af1,W4403574715,2025,T12031,True,False,,2687,2687,0.2400591349208526,1.303836813732096
pdf-bd5b3fead8d9e43bc474,W4404343164,2025,T11902,True,False,,3185,3185,0.2451806805548512,1.657959974014165
pdf-bd64890903e86bc78b61,W4389713725,2024,T10320,True,False,,10530,10530,0.2350340197448136,0.9563812223755928
pdf-bd735f85e6226bfa47ae,W4327485525,2024,T11105,True,False,,8635,8635,0.2044681741642417,-1.1570576898605631
pdf-bd81b19ffbcb3efb4fe0,W4310638782,2022,T10028,True,False,,29821,29821,0.2147081293367993,-0.4490282108726532
pdf-bda22578670336e3814a,W4281766758,2023,T11689,True,False,,8127,8127,0.2203438853724921,-0.0593505860771667
pdf-bdc872d176949eec9cc4,W4406074137,2025,T10531,True,False,,11347,11347,0.2108688804630102,-0.7144884920952369
pdf-bde5e08c1ed6a3b944d5,W4306802991,2023,T10028,True,False,,32238,32238,0.2164176689326195,-0.3308241358605357
pdf-bde6404bde8aa492dc91,W4387994502,2024,T12676,True,False,,4421,4421,0.2530359438316391,2.201102778006328
pdf-be0ec8b5e6fc397ff0b5,W4387427708,2024,T10719,True,False,,5783,5783,0.2138133101371057,-0.5108994164659509
pdf-be4076448adf1372acd7,W4403795271,2025,T11273,True,False,,9560,9560,0.2195324605454067,-0.1154555873079149
pdf-be455b88dc8ea196f70e,W4404337821,2025,T11612,True,False,,2370,2370,0.1914699965020851,-2.0558011709446014
pdf-be4e9c670f2d332e6827,W4387324080,2024,T10028,True,False,,35888,35888,0.2183870221047258,-0.1946555612044219
pdf-be64fd450a67e12ea141,W4404388685,2025,T10028,True,False,,35329,35329,0.221402111029327,0.0138191639690476
pdf-bea10613b168a3ee24f9,W4399836800,2025,T10211,True,False,,30124,30124,0.2699390580788924,3.369848438712829
pdf-bec7d1c96ed8177b6879,W3216280682,2022,T11206,True,True,0.1872655418167172,6813,6812,0.2253060003045494,0.2837489286002157
pdf-bef07d7982f4936748e6,W4295105983,2023,T12535,True,False,,4769,4769,0.2126989942768453,-0.5879474566841827
pdf-bf4210bbdcd1262d2d20,W4403996105,2025,T11975,True,False,,4514,4514,0.2396905846823714,1.2783538473581817
pdf-bf610169d4696adb64db,W4403577986,2025,T10181,True,False,,18451,18451,0.2148456466874036,-0.4395197377925078
pdf-bf66ae9b4ce9abeebb69,W3205146778,2022,T11948,True,True,0.202504280474373,6700,6699,0.2258267443924601,0.3197551570490942
pdf-bf7d0210d8988d30114b,W4387294159,2024,T10028,True,False,,35888,35888,0.2183870221047258,-0.1946555612044219
pdf-bf9246ebdc5f3313459e,W4399912854,2025,T10320,True,False,,12661,12661,0.2368102749686702,1.0791982698629834
pdf-bfe9be855ad9ebc8a237,W4403564655,2025,T10028,True,False,,35329,35329,0.221402111029327,0.0138191639690476
pdf-bfece1eaf0874894abdf,W4392780917,2025,T10181,True,False,,18451,18451,0.2148456466874036,-0.4395197377925078
pdf-c01523a121d8fb677c47,W4404395936,2025,T11010,True,False,,4200,4200,0.2032293329241374,-1.2427158888466678
pdf-c047ac5bdf305a4ade28,W4403995486,2025,T10812,True,False,,11725,11725,0.2146928050473646,-0.4500877905760287
pdf-c04d20ac3a5c66580612,W4403885480,2025,T12535,True,False,,5217,5217,0.219463278390199,-0.1202391048606329
pdf-c05384a608f8a0ea64e2,W3202031643,2022,T10775,True,False,0.1892277114733616,6265,6265,0.2118283693731377,-0.6481457765574953
pdf-c08af5381079a6fad58f,W4307205430,2023,T11273,True,False,,7427,7427,0.2145553801124823,-0.4595898736813773
pdf-c0ae6bbeaee5385af015,W4399115592,2025,T10320,True,False,,12661,12661,0.2368102749686702,1.0791982698629834
pdf-c0c4417d0db4bdb89bcd,W4282041013,2023,T11612,True,False,,3043,3043,0.1860336219516437,-2.4316928009048118
pdf-c0f45355cc599aebcfdc,W4387294212,2024,T10860,True,False,,11162,11162,0.2175252780660593,-0.254239824263811
pdf-c126413e550cf400c8aa,W4399115314,2025,T11307,True,False,,9511,9511,0.2097569291323577,-0.7913730397358123
pdf-c1685c5ce0e67c73e0ce,W4404342228,2025,T12026,True,False,,6912,6912,0.2375910459783148,1.133183749472207
pdf-c1955c9786ecc711620e,W4297899309,2023,T10028,True,False,,32238,32238,0.2164176689326195,-0.3308241358605357
pdf-c1a4f5613f4f85f4cfb9,W4388327577,2024,T11307,True,False,,9241,9241,0.2076211307271275,-0.9390502713833592
pdf-c1d5f79192a303ccb044,W4310822350,2023,T10764,True,False,,12915,12915,0.2383254288624475,1.18396177750729
pdf-c1d8b020935c39f94c35,W4380552017,2024,T11307,True,False,,9241,9241,0.2076211307271275,-0.9390502713833592
pdf-c1e0e38534826b13a732,W4377866369,2024,T13702,True,False,,6031,6031,0.2572193205235639,2.490357366496277
pdf-c1e42d20398fca6277cb,W3165377449,2023,T12026,True,True,0.2167453068830849,4356,4355,0.2302872818219529,0.6281736939459741
pdf-c214d07ba962a96f5eaa,W4389650579,2024,T10462,True,False,,8121,8121,0.2300021356558193,0.6084576026115135
pdf-c2162a35ea1e21ef9af5,W4388685237,2024,T10481,True,False,,3263,3263,0.2263819220293926,0.358142252148544
pdf-c299ce304de17c758416,W4391901271,2025,T10764,True,False,,18111,18111,0.2428389748029139,1.496045524629613
pdf-c2a2ed775da51488c6af,W4399116395,2025,T11512,True,False,,18404,18404,0.2468813719368146,1.7755522498395346
pdf-c2a95d471fe581e97743,W4391506243,2025,T10320,True,False,,12661,12661,0.2368102749686702,1.0791982698629834
pdf-c2df4d0c52db45665103,W3103648295,2021,T11307,True,True,0.2075948043557905,5338,5337,0.2031345505811879,-1.2492695008268928
pdf-c2ee1db36507083b1a67,W4404307408,2025,T10388,True,False,,10139,10139,0.230087082922648,0.6143311799915548
pdf-c2f7b6e32fcb319684eb,W4399115371,2025,T10602,True,False,,203,203,0.2608659593496791,2.742499855853146
pdf-c31714d3007961da9504,W4285580224,2022,T14510,True,False,,2301,2301,0.2558870063598149,2.3982360937649774
pdf-c31a69ba9a7892a69217,W4399447606,2025,T11307,True,False,,9511,9511,0.2097569291323577,-0.7913730397358123
pdf-c33860a7b345861843ab,W4400342007,2025,T11273,True,False,,9560,9560,0.2195324605454067,-0.1154555873079149
pdf-c346d6cf32f3702fe9a0,W4399151083,2025,T10215,True,False,,6842,6842,0.2335249493172626,0.8520383487428638
pdf-c363c3ac4d9fe6cb7c4d,W3185945913,2021,T10036,True,True,0.1590442591105688,13174,13173,0.1992296817088394,-1.5192669985321916
pdf-c36ad54cbcd55d68c367,W3097629404,2021,T10036,True,False,0.2085593291307278,13174,13174,0.1992266313503607,-1.5194779119285886
pdf-c38ac144de19ff3928d5,W4386977995,2024,T13851,True,False,,1021,1021,0.2557904475438476,2.3915596496781744
pdf-c3cba519b01b43914104,W4403662644,2025,T12031,True,False,,2687,2687,0.2400591349208526,1.303836813732096
pdf-c3cf3ef0b4a4d865bba5,W4403969811,2025,T10481,True,False,,3587,3587,0.2237770791762969,0.1780335019593521
pdf-c439a6d3d35ae35fd91f,W4387947648,2024,T10531,True,False,,11224,11224,0.2105528413912859,-0.7363406365159938
pdf-c44e57f5e70687848276,W4298183015,2023,T10028,True,False,,32238,32238,0.2164176689326195,-0.3308241358605357
pdf-c45d34256910741d0d09,W4402705327,2025,T12357,True,False,,5141,5141,0.2300075379710645,0.6088311392514613
pdf-c47b7f840d196f908b6b,W4399553909,2025,T10320,True,False,,12661,12661,0.2368102749686702,1.0791982698629834
pdf-c4983d50bd63a02931da,W4308505357,2023,T11273,True,False,0.1796157306563104,7427,7427,0.2145553801124823,-0.4595898736813773
pdf-c4a1e20ad95805bc0e2f,W4400703137,2025,T10028,True,False,,35329,35329,0.221402111029327,0.0138191639690476
pdf-c4a33d6abdb6173775df,W4384112212,2024,T11714,True,False,,8564,8564,0.215440724943133,-0.3983737620278648
pdf-c4dda8e1fe2b23fe503c,W4387323256,2024,T10028,True,False,,35888,35888,0.2183870221047258,-0.1946555612044219
pdf-c4e17b7a9bd356a097eb,W3132708264,2021,T10036,True,True,0.2138062792321465,13174,13173,0.1992255245677081,-1.5195544390941509
pdf-c50f89c773e518d12458,W4386081596,2024,T12535,True,False,,5077,5077,0.2153823917209413,-0.4024071430554266
pdf-c520401398c220f713ef,W3048825312,2021,T10462,True,True,0.1668299750563316,6396,6395,0.2266683690989987,0.3779482929009859
pdf-c5263c543c310d0b24b6,W4285070056,2023,T11689,True,False,,8127,8127,0.2203438853724921,-0.0593505860771667
pdf-c52c954f8678dbaf182b,W4405255157,2025,T10028,True,False,,35329,35329,0.221402111029327,0.0138191639690476
pdf-c551dab4568c3df96d23,W2994634959,2020,T11273,True,True,0.2313641764660553,2872,2871,0.2074682350931089,-0.9496220575161588
pdf-c5900000b366713554cf,W4403573326,2025,T10201,True,False,,9299,9299,0.2149484689202145,-0.4324102172234582
pdf-c5a2ee3b4d08bf591aa3,W4307001426,2023,T11652,True,False,,5693,5693,0.2314855890751278,0.711029218783293
pdf-c5c3886027580bd2f21e,W3133180075,2021,T10181,True,False,0.2375198193797009,19442,19442,0.2065983290782889,-1.0097706706753315
pdf-c5caaa8ea20291d83842,W4388327493,2024,T11948,True,False,,10699,10699,0.2282684785194856,0.4885859490449437
pdf-c5cb093727ffcf40edbc,W4403849942,2025,T11918,True,False,,2011,2011,0.2469485518083853,1.780197321879898
pdf-c5cba8f1f4b902d1aa42,W4387560911,2025,T10211,True,False,,30124,30124,0.2699390580788924,3.369848438712829
pdf-c62f458cbf104926911d,W4403585912,2025,T10100,True,False,,12255,12255,0.2270147683497294,0.4018996556641658
pdf-c67859c59c99677c264b,W4297435453,2023,T10320,True,False,,10369,10369,0.2327098565742494,0.7956797338429595
pdf-c680d3c6474c6faa9b19,W4283332798,2023,T10462,True,False,,8172,8172,0.2282775090224803,0.4892103523965801
pdf-c6d99981ad228d2ff545,W4399061979,2025,T12072,True,False,,3145,3145,0.2259830174205966,0.3305604690672459
pdf-c6f770f796d9dd54f216,W4392971965,2025,T12814,True,False,,2637,2637,0.2147597098324238,-0.4454617390641854
pdf-c70f04f61512f7f5db80,W4302009027,2023,T12536,True,False,,1306,1306,0.225018440774064,0.2638659680679998
pdf-c7136cfcc79bbb6acc0f,W4306309705,2024,T12015,True,False,,463,463,0.2502706766063602,2.00990167606952
pdf-c7530dccf712c188c6b8,W4388481806,2024,T10719,True,False,,5783,5783,0.2138133101371057,-0.5108994164659509
pdf-c778d7499b624f0ae633,W4398796545,2025,T10028,True,False,,35329,35329,0.221402111029327,0.0138191639690476
pdf-c779a72a8d364a17c825,W3207032584,2022,T10567,True,True,0.2211354298938138,1552,1551,0.2216784553107815,0.032926659492448
pdf-c7997eabd17b19ebadf2,W4404370653,2025,T10181,True,False,,18451,18451,0.2148456466874036,-0.4395197377925078
pdf-c7a7f615b352c7dee4be,W4378770953,2024,T11714,True,False,,8564,8564,0.215440724943133,-0.3983737620278648
pdf-c7af4e0f11967d7db4a9,W4405089109,2025,T11975,True,False,,4514,4514,0.2396905846823714,1.2783538473581817
pdf-c7de09c5ad5c4c61011e,W4404261767,2025,T10028,True,False,,35329,35329,0.221402111029327,0.0138191639690476
pdf-c7e0f7ecb52e542fc8e5,W2984574886,2020,T10036,True,True,0.1965195823986126,8985,8984,0.196502496015202,-1.7078349984140768
pdf-c7eaa5062bca7e6f2e02,W3112470437,2021,T10201,True,False,0.1540794869201907,8167,8167,0.2075655508114768,-0.9428932783162248
pdf-c8800272867215ad6ba3,W4388684470,2024,T10211,True,False,,26483,26483,0.2702259668497532,3.389686403247485
pdf-c91b76098d36a99ff3f9,W4310884405,2024,T10775,True,False,,7254,7254,0.2193741021072751,-0.1264050925112292
pdf-c92b9b35aba16c274656,W3127212961,2021,T12026,True,True,0.211694548707624,2080,2079,0.2239818141905757,0.1921896601697756
pdf-c9535c8c1d9f4ae80b3a,W3185289325,2022,T10775,True,True,0.1967895000774835,6265,6264,0.2118307702143407,-0.6479797732579247
pdf-c97e215d472ae5c77488,W3128644037,2022,T10028,True,True,0.2318298754222065,29821,29820,0.2147075551669105,-0.4490679111643446
pdf-c99c9a98ed38dbb887e1,W3189811192,2022,T10775,True,True,0.2276749278518093,6265,6264,0.2118258395904942,-0.6483206953590751
pdf-c99f9381cb54f518c35f,W4306178203,2023,T10028,True,False,,32238,32238,0.2164176689326195,-0.3308241358605357
pdf-c9a71a6de479e0602502,W4306295220,2023,T10036,True,False,,22056,22056,0.2073834491634649,-0.9554844794291188
pdf-c9b139ac6cc7995e759a,W4389072567,2024,T10036,True,False,,26582,26582,0.2123541108261378,-0.6117940112638747
pdf-c9bd8e560304ba7d2897,W4403570876,2025,T12205,True,False,,5538,5538,0.2426014603449211,1.479622870905956
pdf-c9d7292e8db164292fa8,W4403346118,2025,T10028,True,False,,35329,35329,0.221402111029327,0.0138191639690476
pdf-c9efe17511618c0a2e77,W2980234052,2020,T10462,True,True,0.2302539478424995,4875,4874,0.2281936671586702,0.4834132067889535
pdf-ca3617639bffa92b41e3,W4226475730,2022,T11689,True,False,,7000,7000,0.2172188205328634,-0.2754294646386104
pdf-ca5d912939b32c8b4d36,W4381587002,2025,T11714,True,False,,9303,9303,0.2166108880572939,-0.3174642300925548
pdf-ca5f03b9f01d2273b825,W4379261324,2024,T10719,True,False,,5783,5783,0.2138133101371057,-0.5108994164659509
pdf-ca699ab1fb632e16ddd8,W4394866620,2025,T10028,True,False,,35329,35329,0.221402111029327,0.0138191639690476
pdf-cafd632b6f4c671fe60b,W4385681573,2024,T11605,True,False,,5194,5194,0.2075562474030489,-0.9435365513883242
pdf-cb467d906e42def0ba01,W4302011383,2023,T10201,True,False,,9012,9012,0.2107778646946999,-0.720781668767452
pdf-cb716dd972561a43ec8a,W4287121759,2022,T11304,True,False,,430,430,0.2376435276133504,1.1368125294897515
pdf-cb76d0df1ac02a528622,W4399403184,2025,T10901,True,False,,2554,2554,0.2243786601472474,0.2196291002069468
pdf-cbde0458bb8387c06b91,W4387355879,2024,T11303,True,False,,4206,4206,0.2100088878916957,-0.7739516520349529
pdf-cbe3e2383fc3cbecb87f,W4380033094,2024,T10028,True,False,,35888,35888,0.2183870221047258,-0.1946555612044219
pdf-cc1ca12d5db4e115d29f,W4320458898,2024,T12072,True,False,,3410,3410,0.2228574156605375,0.114444465783455
pdf-cc21165032b360ebb98d,W4399115125,2025,T10320,True,False,,12661,12661,0.2368102749686702,1.0791982698629834
pdf-cc349dceaf2473b6566c,W4400519223,2025,T10215,True,False,,6842,6842,0.2335249493172626,0.8520383487428638
pdf-cc36b95e08a3bd85d574,W4403575810,2025,T10824,True,False,,4337,4337,0.229806076455181,0.5949013231806499
pdf-cc6484ab0eb1671a3a55,W3170033309,2022,T11307,True,True,0.2215568823039,7372,7371,0.2034498541695628,-1.2274682105245316
pdf-cc65d4cd646ca688d612,W4299607357,2023,T11689,True,False,,8127,8127,0.2203438853724921,-0.0593505860771667
pdf-cc700056f1074415d59f,W4399062268,2025,T10531,True,False,,11347,11347,0.2108688804630102,-0.7144884920952369
pdf-cc926e53877cc7592de9,W4387806062,2024,T10028,True,False,,35888,35888,0.2183870221047258,-0.1946555612044219
pdf-cca37d1a90480dfe18fe,W4320200143,2023,T13650,True,False,,1684,1684,0.2319831156394373,0.7454300992729606
pdf-cca68fa414b223091e0f,W4386390316,2024,T11948,True,False,,10699,10699,0.2282684785194856,0.4885859490449437
pdf-cd041a98afd15c03de9e,W4386876225,2024,T10028,True,False,,35888,35888,0.2183870221047258,-0.1946555612044219
pdf-cd2c53ec38e98cb2e5d2,W4318072078,2024,T10764,True,False,,15412,15412,0.2410106462782917,1.3696279309104409
pdf-cd6fbba3d8c868553a6d,W4398888709,2025,T10181,True,False,,18451,18451,0.2148456466874036,-0.4395197377925078
pdf-cdbb3885497f9ed8e52e,W4318902625,2025,T10462,True,False,,7568,7568,0.2328093768679064,0.802560945770089
pdf-cde90b405bcd940f1649,W4387596061,2024,T11309,True,False,,8096,8096,0.2325710193931993,0.7860800026618595
pdf-ce03a44578aa95846bd9,W4389500069,2024,T10028,True,False,,35888,35888,0.2183870221047258,-0.1946555612044219
pdf-ce1bd80bab5dfc0a2b9d,W3090016979,2021,T11273,True,True,0.1880771056350537,4408,4407,0.2097959014496029,-0.7886783453734757
pdf-ce4fe5623425688bfe94,W4403571122,2025,T12031,True,False,,2687,2687,0.2400591349208526,1.303836813732096
pdf-ce6e692870b04226b97e,W4405274839,2025,T10638,True,False,,7761,7761,0.2259528174255434,0.328472326453084
pdf-ce71a721c4136c041c82,W4387322912,2024,T11714,True,False,,8564,8564,0.215440724943133,-0.3983737620278648
pdf-ce75a84be0346f9b6bb1,W4387389928,2024,T10028,True,False,,35888,35888,0.2183870221047258,-0.1946555612044219
pdf-ceb4eb732cb8276d7cb6,W4403365325,2025,T10181,True,False,,18451,18451,0.2148456466874036,-0.4395197377925078
pdf-ced9354c1a83b610b8bb,W4405561974,2025,T10028,True,False,,35329,35329,0.221402111029327,0.0138191639690476
pdf-cee6111fc38321ecade3,W4392429803,2025,T10764,True,False,,18111,18111,0.2428389748029139,1.496045524629613
pdf-cf26bfd26fad5600f114,W4405312301,2025,T10764,True,False,,18111,18111,0.2428389748029139,1.496045524629613
pdf-cf3afb0019e537cb062a,W4319992083,2023,T11689,True,False,,8127,8127,0.2203438853724921,-0.0593505860771667
pdf-cf3fcb90a5b6a499d280,W4387322631,2024,T10270,True,False,,13924,13924,0.2470186043118988,1.7850410186274563
pdf-cf413ee544e7598e6ef1,W4403578755,2025,T10181,True,False,,18451,18451,0.2148456466874036,-0.4395197377925078
pdf-cf4a05588daf30a818e8,W4404987471,2025,T11165,True,False,,5522,5522,0.2101881193611597,-0.7615589059921871
pdf-cf4eeb284c83640befb7,W3035795257,2021,T11689,True,True,0.191259590098781,4775,4774,0.2158513650657308,-0.3699805408511086
pdf-cf4f90ad34c50ccb6158,W4380136138,2024,T10637,True,False,,3776,3776,0.2030794783791988,-1.25307740250458
pdf-cf596604dbab3093f005,W4389650496,2024,T10860,True,False,,11162,11162,0.2175252780660593,-0.254239824263811
pdf-cf6591ed34bc1fea2f48,W4403444251,2025,T11689,True,False,,9776,9776,0.2287751891636718,0.5236218517764527
pdf-cf9301967e673b7520b4,W4403571350,2025,T12205,True,False,,5538,5538,0.2426014603449211,1.479622870905956
pdf-cfa0ae3db3240759cc5a,W4302010634,2023,T11206,True,False,,8052,8052,0.2281475201314834,0.4802224256707493
pdf-cfa825105856f8d258f5,W4387156714,2024,T10531,True,False,,11224,11224,0.2105528413912859,-0.7363406365159938
pdf-cfab6f2403f6894749b1,W4400141806,2025,T10028,True,False,,35329,35329,0.221402111029327,0.0138191639690476
pdf-cfda5595752ab2fd72d3,W4403346632,2025,T11195,True,False,,572,572,0.2327075276175969,0.7955187009148373
pdf-cfed23b2f03ee9266659,W4390306262,2024,T12026,True,False,,5632,5632,0.2336371727984251,0.8597979074087659
pdf-cff482d9f42ba704d36d,W4387348567,2024,T11714,True,False,,8564,8564,0.215440724943133,-0.3983737620278648
pdf-d0651c7ce9eb0d8bbaff,W4285071774,2022,T11612,True,False,,3155,3155,0.1835962207534225,-2.600223997709848
pdf-d0794b84b487459e2de8,W4406023812,2025,T10462,True,False,,7568,7568,0.2328093768679064,0.802560945770089
pdf-d0b603e3137f27463fe9,W3200691852,2022,T10211,True,True,0.2353498480248835,18897,18896,0.2682746887470045,3.254767607689453
pdf-d0d7a2fd475a163b7dc1,W4390041231,2024,T11689,True,False,,9232,9232,0.2248482769145755,0.2521001910947703
pdf-d0de9c91a5e6aeb81975,W3173211208,2022,T11689,True,False,0.196167500058496,7000,7000,0.2172188205328634,-0.2754294646386104
pdf-d0e2158113e94e7ea63b,W4309805222,2023,T10775,True,False,,6782,6782,0.2150272705752434,-0.4269615708365085
pdf-d0f622f3972630c1195a,W4404987924,2025,T10558,True,False,,343,343,0.239105277573581,1.237883485886734
pdf-d108332c710aca2481f0,W3092956426,2021,T10028,True,True,0.1949663819624124,23899,23898,0.2127021222079647,-0.5877311796201315
pdf-d15e68ffe0f1282f5b07,W4399062134,2025,T10181,True,False,,18451,18451,0.2148456466874036,-0.4395197377925078
pdf-d17f8cfca2c21c9add23,W4394972253,2025,T11164,True,False,,8516,8516,0.2330975592176109,0.822486970393872
pdf-d1abed889af29bb1d51e,W3101364353,2021,T10481,True,True,0.198250366024339,3596,3595,0.2257684648710401,0.3157254890973008
pdf-d1b2a46ce86d090c1089,W4405664066,2025,T10531,True,False,,11347,11347,0.2108688804630102,-0.7144884920952369
pdf-d1b4a813d951b6962aff,W4403883328,2025,T10320,True,False,,12661,12661,0.2368102749686702,1.0791982698629834
pdf-d1b6e295f4b14badf2dd,W2968917279,2020,T10036,True,True,0.1887794289549532,8985,8984,0.1965033575638934,-1.707775427658072
pdf-d1c0b08b284f37399724,W4405034947,2025,T10851,True,False,,746,746,0.2309892575141056,0.6767109653696891
pdf-d1c9c523fa113973a2ab,W4379919398,2024,T12535,True,False,,5077,5077,0.2153823917209413,-0.4024071430554266
pdf-d1cf0f50d6e34e615e87,W4313303739,2023,T10462,True,False,,8172,8172,0.2282775090224803,0.4892103523965801
pdf-d1e377507cfa7285c0cd,W4405434146,2025,T10653,True,False,,8620,8620,0.2319884549240248,0.7457992777333075
pdf-d1ee83e21b6e854dfe23,W4404347847,2025,T10028,True,False,,35329,35329,0.221402111029327,0.0138191639690476
pdf-d1f0aa20b5d59a467196,W4387560818,2024,T10757,True,False,,1026,1026,0.237813789449988,1.1485850809760243
pdf-d1f54d6fe91a100b990e,W4308619094,2023,T10036,True,False,0.2031174904254451,22056,22056,0.2073834491634649,-0.9554844794291188
pdf-d24c502822e70f2bd48b,W4404088462,2025,T13702,True,False,,7101,7101,0.2573905393990591,2.5021960912921246
pdf-d24dfc6b6f16310293d8,W3028737312,2021,T11689,True,True,0.2057708420055582,4775,4774,0.2158483254235216,-0.370190713283842
pdf-d254f9558a4ce4696ab1,W3170554424,2022,T11307,True,False,0.2085407052315477,7372,7372,0.2034523103589461,-1.2272983802410873
pdf-d25c4d6bbd0e19a3fd6e,W3215559568,2022,T11206,True,True,0.2037829001114355,6813,6812,0.2253035755602314,0.283581272548282
pdf-d285737e72563daeef4c,W4398796269,2025,T10054,True,False,,2498,2498,0.2175752839267611,-0.2507822287077378
pdf-d28e4189e8f25a8973be,W4399912922,2025,T13851,True,False,,1372,1372,0.2544935661044353,2.3018883303820683
pdf-d2c1845cea08a7012d45,W4403571339,2025,T10531,True,False,,11347,11347,0.2108688804630102,-0.7144884920952369
pdf-d2e6568938a1d364fbd3,W2990931791,2020,T10036,True,True,0.1628413903245441,8985,8984,0.1965062447008737,-1.7075758000173784
pdf-d304915f714c13587c2e,W4394007379,2025,T12072,True,False,,3145,3145,0.2259830174205966,0.3305604690672459
pdf-d3bc13de0d91f4f758d8,W4404342133,2025,T10653,True,False,,8620,8620,0.2319884549240248,0.7457992777333075
pdf-d3c3f94418d110386f74,W4281702026,2023,T11689,True,False,,8127,8127,0.2203438853724921,-0.0593505860771667
pdf-d3fefc9a9a88a9902901,W3210231604,2022,T11206,True,True,0.2433199951577176,6813,6812,0.225297771523965,0.2831799593877827
pdf-d4014150fe572271a261,W4297433320,2023,T10462,True,False,,8172,8172,0.2282775090224803,0.4892103523965801
pdf-d4194c6e015c487d3df4,W4281847696,2023,T10775,True,False,,6782,6782,0.2150272705752434,-0.4269615708365085
pdf-d41cdcdfcba1f3d33201,W4396650433,2025,T10181,True,False,,18451,18451,0.2148456466874036,-0.4395197377925078
pdf-d455ddcbf34599aa0a5e,W3173989853,2022,T10036,True,True,0.2047602407263868,17951,17950,0.2022614507369554,-1.3096389475089452
pdf-d458c4e621a49e633f6e,W4389713056,2024,T10462,True,False,,8121,8121,0.2300021356558193,0.6084576026115135
pdf-d466e1bd316bfc6d77b7,W3199109861,2022,T11612,True,True,0.1408481447309173,3155,3154,0.1836097743602781,-2.599286849740092
pdf-d4707b0e60d3b2de6988,W4387635190,2024,T10028,True,False,,35888,35888,0.2183870221047258,-0.1946555612044219
pdf-d480d70c2f8e8929dcce,W4402970564,2025,T10462,True,False,,7568,7568,0.2328093768679064,0.802560945770089
pdf-d480e858631318d8ecc5,W3130421912,2022,T10764,True,True,0.217497663821659,11125,11124,0.2347002203134536,0.9333010590848712
pdf-d51f32ecdd459ebf4959,W3203288040,2022,T10028,True,True,0.1971110847756849,29821,29820,0.2147087194456042,-0.4489874085036367
pdf-d5380074c0b990151e67,W3039069089,2021,T11307,True,True,0.1937704130350037,5338,5337,0.2031371408737343,-1.2490903981402883
pdf-d555fb020aaf8f85e4ed,W3148499759,2022,T11307,True,True,0.1540159681159701,7372,7371,0.2034590172294173,-1.2268346416870295
pdf-d55bcb09dd01e73836a6,W4297847137,2023,T11206,True,False,,8052,8052,0.2281475201314834,0.4802224256707493
pdf-d5a1edb9472585a99954,W4379251942,2025,T11206,True,False,,11112,11112,0.2342057247251083,0.8991097518107698
pdf-d5ca4e6fa4be1d0b51f3,W4404391994,2025,T10533,True,False,,2913,2913,0.2256461422197594,0.3072676353669699
pdf-d5e6da0c9506283dac32,W4380356267,2024,T10028,True,False,,35888,35888,0.2183870221047258,-0.1946555612044219
pdf-d62dc6fa93426ab43e7e,W4405056495,2025,T10908,True,False,,484,484,0.2613431284266149,2.775493142175079
pdf-d64425e9179f645a15dd,W4303443390,2023,T11309,True,False,,7569,7569,0.2295242059047525,0.5754117203846528
pdf-d64eb29784ec2cde8edc,W3167620929,2022,T11273,True,True,0.1965727696743556,6233,6232,0.2120299367809493,-0.6342086387156929
pdf-d65188eadc236cecb1b7,W4405030334,2025,T10531,True,False,,11347,11347,0.2108688804630102,-0.7144884920952369
pdf-d664635fba47dfffb7ff,W4403963885,2025,T10201,True,False,,9299,9299,0.2149484689202145,-0.4324102172234582
pdf-d669eb9505128ae5e3f6,W4380994495,2024,T10028,True,False,,35888,35888,0.2183870221047258,-0.1946555612044219
pdf-d66ae4f0fc529e839d91,W4403444038,2025,T10775,True,False,,7451,7451,0.2222556699969312,0.072837480058735
pdf-d69904e371c654d3eb7c,W4399759061,2025,T10181,True,False,,18451,18451,0.2148456466874036,-0.4395197377925078
pdf-d6a3ced7f37cfa454db3,W4281648960,2023,T11948,True,False,,8479,8479,0.2266596515724563,0.3773455299326042
pdf-d6d99adb1ab965a2e326,W4312048190,2023,T11309,True,False,,7569,7569,0.2295242059047525,0.5754117203846528
pdf-d6eb14e09202e8e5a42c,W4307415219,2023,T11307,True,False,,8248,8248,0.2051300416060141,-1.111293655540076
pdf-d6f63c38af6133b5b3af,W4306814790,2023,T11309,True,False,,7569,7569,0.2295242059047525,0.5754117203846528
pdf-d7064b7430632ccff1c3,W4395065791,2025,T11689,True,False,,9776,9776,0.2287751891636718,0.5236218517764527
pdf-d72c361b40cfa8af1165,W4400343132,2025,T10181,True,False,,18451,18451,0.2148456466874036,-0.4395197377925078
pdf-d78bde103830b608d370,W4399317954,2025,T12034,True,False,,2125,2125,0.2417892885283553,1.423466219979123
pdf-d7cd3e788353e58e7903,W4398192410,2025,T10028,True,False,,35329,35329,0.221402111029327,0.0138191639690476
pdf-d7d5173263fd3d8e9a97,W4384648639,2024,T10036,True,False,,26582,26582,0.2123541108261378,-0.6117940112638747
pdf-d7e9f37df626d42cd81d,W4300980573,2023,T10775,True,False,,6782,6782,0.2150272705752434,-0.4269615708365085
pdf-d7fd05564ab7bc21afd1,W4387559560,2024,T12205,True,False,,5123,5123,0.2401058403527249,1.3070662050758284
pdf-d803cb262d929abe081d,W4403579125,2025,T11714,True,False,,9303,9303,0.2166108880572939,-0.3174642300925548
pdf-d86ae80441ec1eb7c055,W4398795974,2025,T10481,True,False,,3587,3587,0.2237770791762969,0.1780335019593521
pdf-d86bd514465d3b70e4c2,W4367694266,2024,T10052,True,False,,5524,5524,0.2313642012984208,0.702636005839581
pdf-d8829744b1ec3ac5b9d9,W4403995550,2025,T11714,True,False,,9303,9303,0.2166108880572939,-0.3174642300925548
pdf-d8b1898a2c5881bad448,W4287126238,2022,T11273,True,False,,6233,6233,0.2120274568889059,-0.6343801078912776
pdf-d8c34b429088592c3eee,W4312048199,2023,T11689,True,False,,8127,8127,0.2203438853724921,-0.0593505860771667
pdf-d8c9706242687ce05fc1,W4403883212,2025,T10551,True,False,,8868,8868,0.226600220694459,0.3732362528044211
pdf-d8f8ee14942f555ece16,W4403363603,2025,T10627,True,False,,10256,10256,0.2179729334736013,-0.2232872253874517
pdf-d90c49eff147319b38d4,W4387323295,2024,T11206,True,False,,9688,9688,0.2315967692023854,0.7187166359886882
pdf-d92a4537d1a579858e64,W4389072638,2024,T10028,True,False,,35888,35888,0.2183870221047258,-0.1946555612044219
pdf-d94bec3282e43b2a30b2,W4307317014,2023,T10653,True,False,,7971,7971,0.2325154729581536,0.78223931070547
pdf-d95f0e896d135ee39363,W4404342100,2025,T11304,True,False,,450,450,0.237108109348883,1.0997916726165315
pdf-d977983bfcd04aca30cb,W4307783342,2023,T10812,True,False,,10056,10056,0.2109665607126179,-0.7077345078177976
pdf-d9d80fc38e893555a4fb,W4297412044,2023,T10028,True,False,,32238,32238,0.2164176689326195,-0.3308241358605357
pdf-da2be3353794f19ddf66,W4387963789,2024,T10028,True,False,,35888,35888,0.2183870221047258,-0.1946555612044219
pdf-da551657a4de5b029653,W4399116257,2025,T10462,True,False,,7568,7568,0.2328093768679064,0.802560945770089
pdf-da7ffb1e684ba55c5012,W4288043246,2023,T11689,True,False,,8127,8127,0.2203438853724921,-0.0593505860771667
pdf-da8abbb776427ee6abf9,W4392120774,2025,T12859,True,False,,10312,10312,0.2558546224123116,2.3959969443652067
pdf-dac9e25a2abcd0fc83d9,W4403746879,2025,T11512,True,False,,18404,18404,0.2468813719368146,1.7755522498395346
pdf-daf09e9a95d4eebcce9d,W4387725218,2024,T10627,True,False,,10597,10597,0.2173728192848003,-0.264781404733931
pdf-db07712ce5f712299f7a,W4399197990,2025,T10241,True,False,,5463,5463,0.242486027460187,1.471641401860527
pdf-db1bd24e1ba92aa398bb,W2996649838,2020,T11689,True,True,0.2429834213677199,2633,2632,0.2131247567075706,-0.5585086215604782
pdf-db5046414eb1c07a0a7b,W4303449475,2023,T11448,True,False,,9121,9121,0.2157319193696149,-0.3782394709502324
pdf-dbbd9262b5f46dd1fa99,W4386644652,2024,T11714,True,False,,8564,8564,0.215440724943133,-0.3983737620278648
pdf-dbda71b3fa8b93c95e58,W4388787746,2024,T10028,True,False,,35888,35888,0.2183870221047258,-0.1946555612044219
pdf-dbf9ace14416968d0aa5,W4320855021,2024,T11714,True,False,,8564,8564,0.215440724943133,-0.3983737620278648
pdf-dc03c15b835a842153fe,W4386554971,2024,T10883,True,False,,8195,8195,0.2376236779401961,1.1354400475301447
pdf-dc6e7d3e42ab3aa97f55,W4303443398,2023,T10036,True,False,,22056,22056,0.2073834491634649,-0.9554844794291188
pdf-dc91c92cbba8e780250c,W4402856941,2025,T11106,True,False,,3565,3565,0.2226611894307365,0.1008766373204847
pdf-dcad0c9e9344b7490cb2,W4388092827,2024,T10627,True,False,,10597,10597,0.2173728192848003,-0.264781404733931
pdf-dd1635c2d2195102e028,W4390305789,2024,T12536,True,False,,1340,1340,0.2261988769263105,0.3454858169608389
pdf-dd3f5be94942d4907c92,W4399151268,2025,T10101,True,False,,2492,2492,0.2334466366610854,0.8466235135978923
pdf-dd467329aabb41416e19,W4399355709,2025,T10181,True,False,,18451,18451,0.2148456466874036,-0.4395197377925078
pdf-dd731399ee9b324c445e,W4377866392,2024,T11689,True,False,,9232,9232,0.2248482769145755,0.2521001910947703
pdf-dd87ac57aa03fc4147cc,W4298183794,2023,T10462,True,False,,8172,8172,0.2282775090224803,0.4892103523965801
pdf-dd88d1030ddcfd667c6a,W4281685694,2023,T11307,True,False,,8248,8248,0.2051300416060141,-1.111293655540076
pdf-dd8b86b13e9db030efe2,W4403702883,2025,T11273,True,False,,9560,9560,0.2195324605454067,-0.1154555873079149
pdf-ddeaef74bbe57ebbce31,W3197876377,2022,T10036,True,True,0.2167138463308471,17951,17950,0.2022607847979245,-1.3096849930684358
pdf-ddf60ace68e2919e6966,W4388328981,2024,T11612,True,False,,2801,2801,0.1880049290878714,-2.295389121731592
pdf-de3fe72c69cadb525709,W4387561305,2024,T12205,True,False,,5123,5123,0.2401058403527249,1.3070662050758284
pdf-de5cffa1fccaeff1e9fe,W4388748465,2024,T10775,True,False,,7254,7254,0.2193741021072751,-0.1264050925112292
pdf-dea369f86113df205ee1,W4223940435,2023,T13702,True,False,,5083,5083,0.2554958098839957,2.3711872803386824
pdf-dece4bd85fca833ddf73,W4321337794,2024,T11307,True,False,,9241,9241,0.2076211307271275,-0.9390502713833592
pdf-decf75f01a88e94ca842,W3205219095,2023,T11273,True,True,0.2382511967832171,7427,7426,0.214552189186456,-0.4598105064530816
pdf-dee13bbb8c72fa66cf77,W4310745665,2024,T11206,True,False,,9688,9688,0.2315967692023854,0.7187166359886882
pdf-df58b98da3220aa7d810,W4403346088,2025,T10215,True,False,,6842,6842,0.2335249493172626,0.8520383487428638
pdf-df760f256321c2cbbbc3,W4388005601,2024,T10775,True,False,,7254,7254,0.2193741021072751,-0.1264050925112292
pdf-dff8448845719c19e5a4,W4387891445,2024,T10028,True,False,,35888,35888,0.2183870221047258,-0.1946555612044219
pdf-e001750822cb0ab6d850,W4403580034,2025,T12290,True,False,,1417,1417,0.2386898490347714,1.209159175386011
pdf-e0113f0546ac19c27b94,W3206867351,2022,T11307,True,True,0.1894312680036313,7372,7371,0.2034542125489279,-1.227166855585069
pdf-e01e968b434c921061b2,W4389157268,2024,T10211,True,False,,26483,26483,0.2702259668497532,3.389686403247485
pdf-e0278ecba6c7a1244f71,W4403344273,2025,T11986,True,False,,2825,2825,0.2416439307768881,1.4134156317388549
pdf-e02cd69f736eec31979c,W2969797940,2020,T10036,True,True,0.1682016479476741,8985,8984,0.1965056480559913,-1.7076170543156717
pdf-e043a652e26ba92e4a08,W4405561479,2025,T10181,True,False,,18451,18451,0.2148456466874036,-0.4395197377925078
pdf-e04d541f0aeec6c54e20,W4387121477,2024,T11307,True,False,,9241,9241,0.2076211307271275,-0.9390502713833592
pdf-e05d4ddc188de2f17fa2,W4404088937,2025,T12422,True,False,,17454,17454,0.2480643719501043,1.8573493738442235
pdf-e08041de6bb9b023133f,W3096690464,2021,T12814,True,True,0.1865838816921419,2980,2979,0.2082553200560642,-0.8952000071409812
pdf-e0d5cc6711d328659081,W2995495188,2020,T10901,True,True,0.1894558668819227,3013,3012,0.2181476690488694,-0.2112053425829962
pdf-e0de6ab41ec38b53faed,W4223603447,2024,T11273,True,False,,8830,8830,0.2168147606927979,-0.303367700033256
pdf-e0e5e2424bc51ffa27e6,W4403884617,2025,T10181,True,False,,18451,18451,0.2148456466874036,-0.4395197377925078
pdf-e0f462ea302a3fa79230,W4312047991,2023,T11273,True,False,,7427,7427,0.2145553801124823,-0.4595898736813773
pdf-e11340ccf579ef571e04,W4378718244,2024,T12072,True,False,,3410,3410,0.2228574156605375,0.114444465783455
pdf-e168a3013e92c1b31dc1,W4379918954,2024,T10462,True,False,,8121,8121,0.2300021356558193,0.6084576026115135
pdf-e16b51890a7d7a9ee8ea,W4320854916,2024,T11689,True,False,,9232,9232,0.2248482769145755,0.2521001910947703
pdf-e1715b8f9b72c8d1328a,W4387559283,2025,T11689,True,False,,9776,9776,0.2287751891636718,0.5236218517764527
pdf-e171fe7b9d047f7d3a41,W4404569804,2025,T12535,True,False,,5217,5217,0.219463278390199,-0.1202391048606329
pdf-e1ab99a8d673131eeea6,W4379918983,2024,T10764,True,False,,15412,15412,0.2410106462782917,1.3696279309104409
pdf-e1b0408e7cf102bd61c5,W4403883817,2025,T10036,True,False,,28272,28272,0.2160919940193008,-0.3533425390479273
pdf-e1bdde4827863d200fd0,W3127997392,2022,T11307,True,True,0.192646781672802,7372,7371,0.2034537763104705,-1.227197018772551
pdf-e1c435ae92cbbad9ef16,W4403556102,2025,T10906,True,False,,1756,1756,0.234871090690441,0.9451156873673348
pdf-e1d9588fff68bef43f09,W4394011052,2025,T10667,True,True,0.2438379985557837,9695,9694,0.2342543289114114,0.9024704302634504
pdf-e1e9f17774eadbc1450d,W4388651133,2024,T11307,True,False,,9241,9241,0.2076211307271275,-0.9390502713833592
pdf-e2137cfc2c95aa0eaeaf,W4304194366,2023,T11273,True,False,,7427,7427,0.2145553801124823,-0.4595898736813773
pdf-e25f9f3d29fab1900c8d,W4393212544,2025,T13702,True,False,,7101,7101,0.2573905393990591,2.5021960912921246
pdf-e27dd7b2aeda3a750384,W4387427589,2024,T11975,True,False,,3589,3589,0.23034065987165,0.6318644554854105
pdf-e27f8648cdb3bc62a174,W4404990789,2025,T10627,True,False,,10256,10256,0.2179729334736013,-0.2232872253874517
pdf-e28fff9ddfeb24ed60c7,W4399354123,2025,T12814,True,False,,2637,2637,0.2147597098324238,-0.4454617390641854
pdf-e29c5b8751428ebafd13,W3202549544,2022,T12056,True,True,0.2467050209605426,1328,1327,0.2031119797593968,-1.2508301333612923
pdf-e2e52bcd5fe08186bd5f,W4400572793,2025,T10181,True,False,,18451,18451,0.2148456466874036,-0.4395197377925078
pdf-e2ed9d9749d487d2de65,W4387323474,2024,T10627,True,False,,10597,10597,0.2173728192848003,-0.264781404733931
pdf-e2fb48813d2169bba9fa,W4404089343,2025,T11612,True,False,,2370,2370,0.1914699965020851,-2.0558011709446014
pdf-e31a4246d73ab94c633b,W4404345348,2025,T10775,True,False,,7451,7451,0.2222556699969312,0.072837480058735
pdf-e34b042555f65fb87dc4,W3188579603,2023,T10887,True,True,0.2470660502823036,3614,3613,0.2342043648392603,0.899015724126837
pdf-e382f5bf92b856b44e3a,W4402699435,2025,T10531,True,False,,11347,11347,0.2108688804630102,-0.7144884920952369
pdf-e3a84e754f006688f547,W4403577262,2025,T10320,True,False,,12661,12661,0.2368102749686702,1.0791982698629834
pdf-e3b32b4f5ef805342851,W3179224442,2022,T12026,True,True,0.2196861913487534,3387,3386,0.2262228123541073,0.3471408035488426
pdf-e3bf6df1770cf0c78217,W4379260379,2024,T11206,True,False,,9688,9688,0.2315967692023854,0.7187166359886882
pdf-e3f4447134ce6ccb4ecb,W3126517808,2022,T14339,True,True,0.2223063902984889,1893,1892,0.2410299070934258,1.3709596969850444
pdf-e42a58260f0457ca8730,W4390528988,2025,T10775,True,False,,7451,7451,0.2222556699969312,0.072837480058735
pdf-e4408e166a01a5b74dcb,W4386114291,2024,T10764,True,False,,15412,15412,0.2410106462782917,1.3696279309104409
pdf-e46e25429b80c759a00b,W4292108494,2023,T10812,True,False,,10056,10056,0.2109665607126179,-0.7077345078177976
pdf-e4748c032c3e55f6242a,W4405030619,2025,T12761,True,False,,4281,4281,0.234673835767905,0.9314767311729512
pdf-e490118313d11e2f3313,W4310426016,2023,T12536,True,False,,1306,1306,0.225018440774064,0.2638659680679998
pdf-e4a9a556e3c0af8a88b7,W2975054757,2020,T11574,True,True,0.2480510146888898,2857,2856,0.224583192994357,0.233771279809747
pdf-e4d58636e91bc3af35ab,W4385965698,2024,T12205,True,False,,5123,5123,0.2401058403527249,1.3070662050758284
pdf-e5226f36b1a25d281813,W4399695911,2025,T10215,True,False,,6842,6842,0.2335249493172626,0.8520383487428638
pdf-e52994a9be7af8155582,W3136503179,2022,T10036,True,True,0.1828117131940053,17951,17950,0.2022626734961494,-1.3095544012838425
pdf-e531da533b0f24cd838d,W4392489902,2025,T10627,True,False,,10256,10256,0.2179729334736013,-0.2232872253874517
pdf-e54eb3f9723f2c8efbf7,W4399695991,2025,T10481,True,True,0.1921701965686235,3587,3586,0.2237858931424451,0.1786429331291761
pdf-e575f139f8e9b85e7ce2,W4404088581,2025,T10481,True,False,,3587,3587,0.2237770791762969,0.1780335019593521
pdf-e5a2dd52b332f5bfe9d9,W4284674925,2023,T10653,True,False,,7971,7971,0.2325154729581536,0.78223931070547
pdf-e5c795b2a1f0c9090745,W4403852150,2025,T10531,True,False,,11347,11347,0.2108688804630102,-0.7144884920952369
pdf-e61c288f47e14e952610,W4399447609,2025,T10502,True,False,,24548,24548,0.2403108250183016,1.3212396251272882
pdf-e6242bf569ae17c191cd,W3205369948,2022,T11307,True,True,0.1877900423384836,7372,7371,0.2034544352087658,-1.2271514600363245
pdf-e6337dd6bacb7702a772,W4405030400,2025,T12755,True,False,,370,370,0.2233589973697941,0.1491257344306645
pdf-e633ae90c98b4ad94fe7,W4387596236,2024,T10028,True,False,,35888,35888,0.2183870221047258,-0.1946555612044219
pdf-e655c109c3994f522681,W4309795816,2023,T11714,True,False,,7352,7352,0.2144551596211311,-0.466519499942387
pdf-e6af0df3146f8afd531b,W4380352311,2024,T11304,True,False,,462,462,0.238735351184238,1.2123053672039217
pdf-e6d78a33a2a8deebf52e,W4320730806,2023,T11273,True,False,,7427,7427,0.2145553801124823,-0.4595898736813773
pdf-e6f609e15fdfeb70359e,W4225532949,2023,T10036,True,False,,22056,22056,0.2073834491634649,-0.9554844794291188
pdf-e7098e2c769a00cd0642,W4403345153,2025,T10331,True,False,,17660,17660,0.2161463112792852,-0.3495868369341207
pdf-e72479d53f5e44087c1d,W4403578392,2025,T11106,True,False,,3565,3565,0.2226611894307365,0.1008766373204847
pdf-e7375a97e0597b7b1006,W4287081933,2022,T11689,True,False,,7000,7000,0.2172188205328634,-0.2754294646386104
pdf-e7430996035d5cf7e1f8,W4387432156,2024,T10028,True,False,,35888,35888,0.2183870221047258,-0.1946555612044219
pdf-e77bdfb8eab30afd2183,W4399695811,2025,T11490,True,False,,6767,6767,0.2525100521526586,2.1647406255165893
pdf-e7a88c2a4a32eee6267d,W4283727985,2023,T11948,True,False,,8479,8479,0.2266596515724563,0.3773455299326042
pdf-e7d7e6af62a46bef6b74,W3207826614,2022,T12357,True,True,0.1420656448050495,3545,3544,0.2257644134471427,0.3154453582273026
pdf-e7ec9879eeef83bb0068,W4307929986,2023,T10028,True,False,,32238,32238,0.2164176689326195,-0.3308241358605357
pdf-e7f7427ea97dbe0d785e,W4387322951,2024,T11326,True,False,,10854,10854,0.2447843636601433,1.630557115335047
pdf-e830c9534ccc7184a72f,W4385849416,2024,T11448,True,False,,10148,10148,0.2200888510948205,-0.0769846268225614
pdf-e83a54976859d1701490,W4387634985,2024,T12535,True,False,,5077,5077,0.2153823917209413,-0.4024071430554266
pdf-e87f0e3a64fa54a04248,W4366460484,2024,T10201,True,False,,9287,9287,0.2127933478112585,-0.581423494158423
pdf-e8d00e1279d4a29eb4cf,W4403624688,2025,T10201,True,False,,9299,9299,0.2149484689202145,-0.4324102172234582
pdf-e8df9b1dbf1b0ecd0a9b,W3092612693,2021,T11689,True,True,0.189345135057614,4775,4774,0.2158517660827063,-0.3699528130109535
pdf-e90b780ca46ecb52f33e,W4405425349,2025,T11439,True,False,,3804,3804,0.242455771752495,1.4695494070624422
pdf-e920fc522110b705b715,W4387995062,2024,T10028,True,False,,35888,35888,0.2183870221047258,-0.1946555612044219
pdf-e949fc5395a36f067624,W4404088249,2025,T11714,True,False,,9303,9303,0.2166108880572939,-0.3174642300925548
pdf-e951fb469cca70fbcc70,W3217238753,2023,T10775,True,True,0.2512739269675719,6782,6781,0.2150219252491274,-0.4273311670311329
pdf-e963b44d5b3c587f22ee,W4387560607,2024,T11165,True,False,,5706,5706,0.2085525412345024,-0.874649003492282
pdf-e9f8f2bdf5a6b1e803b5,W3088830617,2022,T10036,True,True,0.2373811220943127,17951,17950,0.2022596334176592,-1.3097646038827075
pdf-e9f8faba3c9336a589ed,W2996407667,2020,T10036,True,True,0.1774889217571782,8985,8984,0.1965046142988887,-1.7076885322167377
pdf-ea06e9c55fc3c0bcbfd3,W4405030556,2025,T10028,True,False,,35329,35329,0.221402111029327,0.0138191639690476
pdf-ea450bf3ab6f73cb6755,W4387635774,2024,T12026,True,False,,5632,5632,0.2336371727984251,0.8597979074087659
pdf-ea46fc13469e22d34350,W4403580015,2025,T10028,True,False,,35329,35329,0.221402111029327,0.0138191639690476
pdf-ea4b0e8a555b4999c58e,W4382322634,2024,T11105,True,False,,8635,8635,0.2044681741642417,-1.1570576898605631
pdf-ea7495f9786f53b03c6a,W3108049866,2021,T11206,True,True,0.254590164619596,5374,5373,0.2221845085604208,0.067917107462621
pdf-ea7fdc71b0b4a00b166d,W4396881410,2025,T10028,True,False,,35329,35329,0.221402111029327,0.0138191639690476
pdf-ea80900d3663402937c1,W4289785696,2023,T11901,True,False,,4569,4569,0.1916627985021105,-2.042470106762643
pdf-ea82126bdde1231a930d,W4403364535,2025,T14025,True,False,,2427,2427,0.2523188092176322,2.1515173610232297
pdf-ea98b0bf542e526c27eb,W4389217712,2025,T11612,True,False,,2370,2370,0.1914699965020851,-2.0558011709446014
pdf-eaa202b607d6be46c2c1,W4403996098,2025,T12031,True,False,,2687,2687,0.2400591349208526,1.303836813732096
pdf-eadfb2b8963e71fddd7b,W4404400434,2025,T10181,True,False,,18451,18451,0.2148456466874036,-0.4395197377925078
pdf-eaea4927a363be92b992,W4200635705,2022,T10719,True,False,,4780,4780,0.2152562525903605,-0.4111288826919879
pdf-eaf8a4b6b289ed1e8434,W3205976514,2022,T10211,True,True,0.1985968141511781,18897,18896,0.2682766337636151,3.254902093541614
pdf-eb06b918839e97377ae2,W4387725622,2024,T10531,True,False,,11224,11224,0.2105528413912859,-0.7363406365159938
pdf-eb074411c199df85f4b8,W4284886757,2024,T12101,True,True,0.1806594989713261,3647,3646,0.2127436602809357,-0.5848590791403683
pdf-eb1f807eff40369f1d13,W4404344720,2025,T14339,True,False,,3033,3033,0.2482510020961897,1.870253692551639
pdf-eb2552eee2ed3cbf7de3,W3092470998,2021,T11714,True,True,0.2120454001034768,4891,4890,0.2119657461702469,-0.6386470218810171
pdf-eb36596e5a02bdbc669b,W4378718086,2024,T11307,True,False,,9241,9241,0.2076211307271275,-0.9390502713833592
pdf-eb43a8ebf87717b8f706,W4403894879,2025,T11307,True,False,,9511,9511,0.2097569291323577,-0.7913730397358123
pdf-eb74b30e05a7d5288416,W4404406659,2025,T10719,True,False,,6599,6599,0.2126238501335331,-0.5931432087887377
pdf-eb8ca48eddb25993dcfe,W4395065771,2025,T10531,True,False,,11347,11347,0.2108688804630102,-0.7144884920952369
pdf-eb8cc8265d9fc09e418d,W3087048103,2021,T11714,True,True,0.1845363086757424,4891,4890,0.211971371751316,-0.6382580477921435
pdf-eb928f5354a7d85217c4,W4403883995,2025,T10237,True,False,,13450,13450,0.2314070344536456,0.7055976532360907
pdf-ebca90053d9a929ea111,W4380356409,2024,T11689,True,False,,9232,9232,0.2248482769145755,0.2521001910947703
pdf-ebe4d380468dfb60ad19,W4403893791,2025,T10764,True,False,,18111,18111,0.2428389748029139,1.496045524629613
pdf-ec18389f4eff0ce14de0,W4405917925,2025,T11714,True,False,,9303,9303,0.2166108880572939,-0.3174642300925548
pdf-ec2fc63eb560b6b9071c,W3183804933,2022,T10036,True,True,0.1725801056046813,17951,17950,0.2022632435021433,-1.3095149888997015
pdf-ec3a2ec1ccb8be07aee0,W4381713145,2024,T11206,True,False,,9688,9688,0.2315967692023854,0.7187166359886882
pdf-ec68d20876abb881f80b,W4387432099,2024,T10901,True,False,,2326,2326,0.2249381992486234,0.2583177635599205
pdf-ec7266a5e438fa645cf6,W4403795513,2025,T11902,True,False,,3185,3185,0.2451806805548512,1.657959974014165
pdf-ec948c3f0563e7e41dc1,W3196318247,2022,T10028,True,False,0.2046853775234266,29821,29821,0.2147081293367993,-0.4490282108726532
pdf-ecbbae9d7662485376a7,W4400267356,2025,T10531,True,False,,11347,11347,0.2108688804630102,-0.7144884920952369
pdf-ecc26093540eaa593d98,W4388184196,2024,T12157,True,False,,10433,10433,0.2516952585790813,2.108402696330272
pdf-ece2b09cdc9c55935940,W4396780007,2025,T10627,True,False,,10256,10256,0.2179729334736013,-0.2232872253874517
pdf-ed20fea335c9469b57d5,W4387725572,2024,T11273,True,False,,8830,8830,0.2168147606927979,-0.303367700033256
pdf-ed536f53599891fac731,W4403564539,2025,T10028,True,False,,35329,35329,0.221402111029327,0.0138191639690476
pdf-ed6918721020255a8496,W4403883093,2025,T10531,True,False,,11347,11347,0.2108688804630102,-0.7144884920952369
pdf-eda0f82a6b267576f537,W4387559790,2024,T10028,True,False,,35888,35888,0.2183870221047258,-0.1946555612044219
pdf-edb01b25a60aae83dd78,W4391125288,2024,T10054,True,False,,2556,2556,0.2167656144318598,-0.3067658595896086
pdf-edcfd174bd6109d1b326,W4378771263,2024,T10181,True,False,,19125,19125,0.2114480374098093,-0.6744433762344455
pdf-ede360e30cf40b4533c1,W4385261004,2024,T10320,True,False,,10530,10530,0.2350340197448136,0.9563812223755928
pdf-edf877f5f5735f79349f,W4404341027,2025,T11948,True,False,,13237,13237,0.2316969813625612,0.7256456862005208
pdf-ee1c4e000bd74c3d04d6,W4403575339,2025,T10824,True,False,,4337,4337,0.229806076455181,0.5949013231806499
pdf-ee1d7a49812a67cb615c,W3210085304,2022,T10775,True,False,0.1643137099194915,6265,6265,0.2118283693731377,-0.6481457765574953
pdf-ee234c29ac00ab68ad03,W4389974740,2024,T10028,True,False,,35888,35888,0.2183870221047258,-0.1946555612044219
pdf-ee6d988359eeb48ef69b,W4307934390,2023,T10462,True,False,,8172,8172,0.2282775090224803,0.4892103523965801
pdf-ee9ae90a885b5dba47fe,W4404344221,2025,T10531,True,False,,11347,11347,0.2108688804630102,-0.7144884920952369
pdf-eeace5e0b9221da532df,W4403322342,2025,T10320,True,False,,12661,12661,0.2368102749686702,1.0791982698629834
pdf-eeca6643306371be1f48,W4404313229,2025,T10320,True,False,,12661,12661,0.2368102749686702,1.0791982698629834
pdf-eef94ba0719b24c3020a,W4379538609,2024,T11714,True,False,,8564,8564,0.215440724943133,-0.3983737620278648
pdf-ef16cb74397d0e8536b5,W4387839284,2024,T11206,True,False,,9688,9688,0.2315967692023854,0.7187166359886882
pdf-ef422e2c817ab555316f,W4403578767,2025,T10181,True,False,,18451,18451,0.2148456466874036,-0.4395197377925078
pdf-ef495f874fd2af9fbd30,W3160201325,2022,T12026,True,True,0.1755336586886466,3387,3386,0.2262358520861392,0.3480424202572272
pdf-efa2005caab0a5ce1391,W4403345973,2025,T10531,True,False,,11347,11347,0.2108688804630102,-0.7144884920952369
pdf-efa5acb59ce353b6617e,W4400434048,2025,T10860,True,False,,11510,11510,0.2189281195501123,-0.1572420241446714
pdf-efd94d19ad8c65058402,W4387031669,2024,T10320,True,False,,10530,10530,0.2350340197448136,0.9563812223755928
pdf-f02c5b5ba22098f044ec,W4306705818,2023,T10028,True,False,,32238,32238,0.2164176689326195,-0.3308241358605357
pdf-f03550c748475d1c13c5,W4386554609,2024,T10719,True,False,,5783,5783,0.2138133101371057,-0.5108994164659509
pdf-f04c63dfc7594cb72041,W4399913017,2025,T10824,True,False,,4337,4337,0.229806076455181,0.5949013231806499
pdf-f05022ca059acf3e0483,W4403707101,2025,T10320,True,False,,12661,12661,0.2368102749686702,1.0791982698629834
pdf-f07d34770cdb7dd51649,W3211801590,2023,T11714,True,True,0.209326093653244,7352,7351,0.2144558573583053,-0.4664712557382243
pdf-f0930cfbd47c23d7f2a9,W4225745236,2023,T11714,True,False,,7352,7352,0.2144551596211311,-0.466519499942387
pdf-f0d42297259787d9a5bf,W4389326169,2025,T12026,True,False,,6912,6912,0.2375910459783148,1.133183749472207
pdf-f10cf61213ec56718bfa,W4283377587,2023,T11612,True,False,,3043,3043,0.1860336219516437,-2.4316928009048118
pdf-f129130ef4c90323c766,W4378718491,2025,T12814,True,False,,2637,2637,0.2147597098324238,-0.4454617390641854
pdf-f12b5464fd6e7b14e148,W3217142820,2022,T10775,True,True,0.1903915442071952,6265,6264,0.2118317915993775,-0.6479091508085835
pdf-f1beb926099bb5f84e08,W4387595625,2024,T11714,True,False,,8564,8564,0.215440724943133,-0.3983737620278648
pdf-f209624ef3f99ac8518c,W4315588764,2024,T13702,True,False,,6031,6031,0.2572193205235639,2.490357366496277
pdf-f227e0c21bc21b1790e7,W2978856588,2020,T10028,True,True,0.2267894947672076,18278,18277,0.2114810473855812,-0.6721609408572083
pdf-f27e12602df1749ce98f,W4399399237,2025,T10320,True,False,,12661,12661,0.2368102749686702,1.0791982698629834
pdf-f28de6e3957a969e82fd,W4403631699,2025,T12254,True,True,0.1914352703785057,5772,5771,0.2495704955108387,1.9614884898880176
pdf-f2c23e01ac9dcc8c137e,W3204650139,2022,T10028,True,True,0.2128210538349209,29821,29820,0.2147081926190093,-0.4490238352997702
pdf-f2ea7a50f30b5bcc750e,W4402705661,2025,T10181,True,False,,18451,18451,0.2148456466874036,-0.4395197377925078
pdf-f334f119cda12e8d2362,W4403885733,2025,T10320,True,False,,12661,12661,0.2368102749686702,1.0791982698629834
pdf-f3737bdecbd06ffe268b,W3172487458,2022,T10799,True,True,0.2022509067883248,7053,7052,0.223070961875555,0.1292098639527622
pdf-f39d048caea0d0f9d251,W4387358535,2024,T11289,True,True,0.2182024887209731,3662,3661,0.2245127190369755,0.2288984421374963
pdf-f3b89e00a68567fb465a,W3127389359,2021,T12535,True,True,0.2106401807551537,3625,3624,0.2090306993379315,-0.8415873321138715
pdf-f4216d100411b9ec73f7,W4318203092,2023,T10775,True,True,0.2005855675042016,6782,6781,0.2150294003058245,-0.4268143131573136
pdf-f438d8d081f15ac1cbb3,W4404313881,2025,T11512,True,False,,18404,18404,0.2468813719368146,1.7755522498395346
pdf-f451a667b26c6c81bb40,W4403621285,2025,T11273,True,False,,9560,9560,0.2195324605454067,-0.1154555873079149
pdf-f452c8e7af0517bc57cd,W4400480697,2025,T11010,True,False,,4200,4200,0.2032293329241374,-1.2427158888466678
pdf-f453039abf7ea601f66a,W4309805139,2024,T11612,True,False,,2801,2801,0.1880049290878714,-2.295389121731592
pdf-f46808bbc97e0156f95b,W4403381959,2025,T10036,True,False,,28272,28272,0.2160919940193008,-0.3533425390479273
pdf-f4bca51538ee85f79fb6,W4387800075,2024,T10462,True,False,,8121,8121,0.2300021356558193,0.6084576026115135
pdf-f4c65a5e71713a97ef79,W4387559988,2024,T12814,True,False,,2993,2993,0.2115821059031493,-0.6651733702736184
pdf-f4d76f1e29214d633007,W4388093086,2024,T11512,True,False,,15016,15016,0.2456158327553644,1.688048053563136
pdf-f4da7ce4f61ab2804a8a,W4388651092,2024,T10531,True,False,,11224,11224,0.2105528413912859,-0.7363406365159938
pdf-f4df669a4c2d58e6442c,W3216608673,2023,T11206,True,True,0.2581060730784067,8052,8051,0.2281437990343593,0.4799651348512388
pdf-f4e0bf31c5e3955c3770,W4389364446,2024,T10028,True,False,,35888,35888,0.2183870221047258,-0.1946555612044219
pdf-f4e6ea00f53a98dfbebd,W4403482143,2025,T10521,True,True,0.2239933780739877,1081,1080,0.2410365535155602,1.3714192559109966
pdf-f526cb756f40f67e7eba,W4367694381,2024,T10531,True,False,,11224,11224,0.2105528413912859,-0.7363406365159938
pdf-f54a8efdf3606e33d899,W3204469109,2022,T11307,True,True,0.1999790771454572,7372,7371,0.20345278156139,-1.2272657995104876
pdf-f54b720557fc1a9b8747,W4298331175,2023,T11714,True,False,,7352,7352,0.2144551596211311,-0.466519499942387
pdf-f5a39577163ceeb3aa7c,W4387293226,2024,T11307,True,False,,9241,9241,0.2076211307271275,-0.9390502713833592
pdf-f653e8f5fe1cb043df5c,W3204638793,2022,T11689,True,True,0.1705581726536376,7000,6999,0.2172254872920975,-0.2749684995281699
pdf-f6878552d4b4efb65a04,W4389421783,2024,T10601,True,False,,8261,8261,0.2203632170410776,-0.058013920925231
pdf-f6969521429f4f8879a4,W4382490702,2024,T10015,True,False,,3367,3367,0.2071936224361427,-0.9686098219310209
pdf-f6aaf1e8e6ca08dec3cb,W4380991315,2024,T12535,True,False,,5077,5077,0.2153823917209413,-0.4024071430554266
pdf-f6bf8acb696717f0033d,W4320853786,2024,T10775,True,False,,7254,7254,0.2193741021072751,-0.1264050925112292
pdf-f6ca860882649877a835,W4312108610,2024,T11307,True,False,,9241,9241,0.2076211307271275,-0.9390502713833592
pdf-f6f14ebfe45f6ff2505c,W4302011292,2023,T11105,True,False,,7615,7615,0.2026213098762687,-1.2847569168141355
pdf-f710f1f469386351fb38,W4403363980,2025,T12879,True,False,,886,886,0.2195919335727526,-0.1113433958133228
pdf-f7371b6a5e669dcc52a9,W4403345809,2025,T13650,True,False,,7651,7651,0.2624614731819333,2.8528197555336003
pdf-f73b24af30680cba45d4,W4389364565,2024,T10211,True,False,,26483,26483,0.2702259668497532,3.389686403247485
pdf-f752cef4426e04c28f6c,W4387724540,2024,T10848,True,False,,7810,7810,0.212760344794944,-0.5837054483322843
pdf-f754970dac91f0188ad8,W4389115772,2024,T12290,True,False,,1162,1162,0.2417898773785385,1.4235069353222456
pdf-f795cff6741eab441554,W4403345832,2025,T11439,True,False,,3804,3804,0.242455771752495,1.4695494070624422
pdf-f7af357019b8e51c4808,W4221148934,2023,T10036,True,False,,22056,22056,0.2073834491634649,-0.9554844794291188
pdf-f7b586ecdf0ade1cac3d,W4403995812,2025,T10764,True,False,,18111,18111,0.2428389748029139,1.496045524629613
pdf-f7d99b680fa3a2819d87,W4403346089,2025,T11700,True,False,,51,51,,
pdf-f7dd35ade3c68c1c0296,W4406031834,2025,T12031,True,False,,2687,2687,0.2400591349208526,1.303836813732096
pdf-f7e127d97950a1966224,W4403928895,2025,T10181,True,False,,18451,18451,0.2148456466874036,-0.4395197377925078
pdf-f7e8991d4ff8f129a676,W4323076533,2024,T12290,True,False,,1162,1162,0.2417898773785385,1.4235069353222456
pdf-f807ca5ecd44fb1b85aa,W4389977164,2025,T10181,True,False,,18451,18451,0.2148456466874036,-0.4395197377925078
pdf-f82254ca39528d54f30b,W4399062126,2025,T10028,True,False,,35329,35329,0.221402111029327,0.0138191639690476
pdf-f8483f98daca2d0c169d,W4305033126,2023,T11307,True,False,,8248,8248,0.2051300416060141,-1.111293655540076
pdf-f84a41286939005c8702,W4399437880,2025,T12111,True,False,,14722,14722,0.2563821185377523,2.4324700343905232
pdf-f86825f28b642ac81088,W4225602276,2022,T11596,True,False,,1783,1783,0.2199590497440619,-0.0859595863024422
pdf-f8725d29d1814b3d4f11,W4226090221,2022,T10860,True,False,,11071,11071,0.2145273989931763,-0.4615245947802346
pdf-f88e6bbf1c02c8474e8d,W4304195423,2023,T12535,True,False,,4769,4769,0.2126989942768453,-0.5879474566841827
pdf-f8914db54501691a0337,W4379261290,2024,T12535,True,False,,5077,5077,0.2153823917209413,-0.4024071430554266
pdf-f8a8034771d410e9d5d8,W4386978002,2024,T10028,True,False,,35888,35888,0.2183870221047258,-0.1946555612044219
pdf-f8bb9c2d567e5f129795,W4404088473,2025,T11652,True,False,,7661,7661,0.2373606849618733,1.1172557119269564
pdf-f8bfbea7bc3bc541f206,W4319165818,2024,T10064,True,False,,8174,8174,0.2149026459235191,-0.4355785936400711
pdf-f8dcaf2177e842ad1e22,W4399759120,2025,T10533,True,False,,2913,2913,0.2256461422197594,0.3072676353669699
pdf-f8dd7661c538583a9ba0,W4387323886,2024,T12535,True,False,,5077,5077,0.2153823917209413,-0.4024071430554266
pdf-f8ff48db0f805b6978c1,W4400601214,2025,T10627,True,False,,10256,10256,0.2179729334736013,-0.2232872253874517
pdf-f90034986f2f52f36924,W4321853348,2023,T12205,True,False,,4805,4805,0.2376972664583501,1.1405282377897763
pdf-f93b2594f9311c49ff6b,W4377161703,2024,T10028,True,False,,35888,35888,0.2183870221047258,-0.1946555612044219
pdf-f960d8498498a1e41b82,W4302013043,2023,T11307,True,False,,8248,8248,0.2051300416060141,-1.111293655540076
pdf-f96603d4016a3986e831,W4400611555,2025,T10462,True,False,,7568,7568,0.2328093768679064,0.802560945770089
pdf-f96b1a88296c0eca4224,W4403851702,2025,T10667,True,False,,9695,9695,0.2342553174281359,0.9025387800725702
pdf-f9779c0f09a516855ee2,W3206411915,2022,T10775,True,True,0.1619178322991545,6265,6264,0.2118363372111125,-0.6475948499103693
pdf-f97de420f4ef028e1da3,W4388844291,2024,T11273,True,False,,8830,8830,0.2168147606927979,-0.303367700033256
pdf-f997c724e6b976e358fa,W4400517998,2025,T12808,True,False,,1897,1897,0.2203705015565116,-0.0575102417996354
pdf-f9a112f80a213be1fa37,W3093595905,2021,T10688,True,True,0.1799930393748769,9080,9079,0.202803615048953,-1.272151643230676
pdf-f9bd5298b1c47e3086bc,W3184222203,2022,T10028,True,True,0.1811523604473702,29821,29820,0.2147092546140927,-0.4489504049172229
pdf-f9cc187e368ccab4a471,W4404261154,2025,T11357,True,False,,1318,1318,0.265189444334156,3.0414420650119176
pdf-f9f03e98e6963881fade,W3206417969,2022,T10775,True,True,0.2027146705412994,6265,6264,0.2118298243059014,-0.6480451769680172
pdf-fa2af3cb1f13783723ea,W4400702790,2025,T10215,True,False,,6842,6842,0.2335249493172626,0.8520383487428638
pdf-fa428004a6b869948f47,W2996409713,2020,T10036,True,True,0.1800912019563578,8985,8984,0.1965043246416982,-1.7077085602174669
pdf-facf090e47628518bc2a,W4403363204,2025,T10481,True,False,,3587,3587,0.2237770791762969,0.1780335019593521
pdf-fafe885a46e235d898e7,W3205705101,2022,T11273,True,True,0.1986729338310244,6233,6232,0.2120295997841334,-0.6342319399583214
pdf-fb0288863202e9a88254,W4400025318,2025,T11512,True,False,,18404,18404,0.2468813719368146,1.7755522498395346
pdf-fbb5deb675c682e07dee,W4388787296,2025,T10764,True,False,,18111,18111,0.2428389748029139,1.496045524629613
pdf-fbdd4bd38430d843d216,W4312225571,2023,T10883,True,False,,6252,6252,0.2369491677612043,1.0888018462337703
pdf-fbe53acf7f295af0f2c7,W4282813706,2024,T10215,True,False,,7371,7371,0.2314808089148952,0.7106987003091451
pdf-fbf45ee01bff6dda310f,W4388184136,2024,T10775,True,False,,7254,7254,0.2193741021072751,-0.1264050925112292
pdf-fbf695165897f23a4b3f,W3196642073,2022,T10028,True,False,0.1876505244924701,29821,29821,0.2147081293367993,-0.4490282108726532
pdf-fc2938851168d4d30214,W4378768609,2024,T10320,True,False,,10530,10530,0.2350340197448136,0.9563812223755928
pdf-fc3e061052e7fd67af40,W4403621358,2025,T11689,True,False,,9776,9776,0.2287751891636718,0.5236218517764527
pdf-fc5f17ac968cb3f0439c,W4403854211,2025,T11206,True,False,,11112,11112,0.2342057247251083,0.8991097518107698
pdf-fc67e2768f8276cde884,W4282813315,2023,T10052,True,False,,6041,6041,0.2282899912388417,0.4900734203493254
pdf-fc8132184d06894773da,W4402502739,2025,T12262,True,False,,8023,8023,0.231323259803295,0.6998051550229052
pdf-fcdce91e84f681c256c5,W4404306871,2025,T11439,True,False,,3804,3804,0.242455771752495,1.4695494070624422
pdf-fd22eb6c2a93d8e3a312,W4378474372,2024,T11689,True,False,,9232,9232,0.2248482769145755,0.2521001910947703
pdf-fd59f53271da799a78af,W4387316440,2024,T10812,True,False,,11077,11077,0.2131633046260181,-0.5558432717464903
pdf-fd6172ce69361eb650ff,W4405561842,2025,T10320,True,False,,12661,12661,0.2368102749686702,1.0791982698629834
pdf-fd81cdb549a9502540cd,W4399511748,2025,T10181,True,False,,18451,18451,0.2148456466874036,-0.4395197377925078
pdf-fd84e2e4040e32fa5e82,W4404346261,2025,T11689,True,False,,9776,9776,0.2287751891636718,0.5236218517764527
pdf-fdaff5abd0d8592e0c6a,W4318619044,2023,T11689,True,False,,8127,8127,0.2203438853724921,-0.0593505860771667
pdf-fdb4263094cc612c6862,W4303449843,2023,T11273,True,False,,7427,7427,0.2145553801124823,-0.4595898736813773
pdf-fdd5e53774b307bd2c17,W4307315153,2023,T11689,True,False,,8127,8127,0.2203438853724921,-0.0593505860771667
pdf-fe7551ce8447ddf6b6fc,W4289785095,2023,T11714,True,False,,7352,7352,0.2144551596211311,-0.466519499942387
pdf-fe7dd4d7ba4d7d113b66,W4283067636,2023,T11714,True,False,,7352,7352,0.2144551596211311,-0.466519499942387
pdf-fe85230d78a6bc0fc69f,W4389714119,2025,T11714,True,False,,9303,9303,0.2166108880572939,-0.3174642300925548
pdf-fe9f369740c17b390b7f,W4388512418,2024,T10531,True,False,,11224,11224,0.2105528413912859,-0.7363406365159938
pdf-fec41fe3d401f2552ac1,W4387293737,2024,T10388,True,False,,10171,10171,0.2281008028039754,0.4769922118174838
pdf-fed418637519f2ebda87,W3122154272,2021,T10028,True,True,0.179547044956959,23899,23898,0.2127027674225017,-0.5876865670310367
pdf-fedc25389f74df537fac,W4387323418,2024,T10462,True,False,,8121,8121,0.2300021356558193,0.6084576026115135
pdf-feec7f29bde6915cd2ef,W3125619802,2021,T10688,True,True,0.2374377945518831,9080,9079,0.2027972878372362,-1.2725891307332882
pdf-ff064c4e92408336fdb8,W4403564344,2025,T11550,True,False,,4820,4820,0.2208666033305243,-0.0232078767345503
pdf-ff2b9b4651c2b6f2c93d,W4403364727,2025,T11439,True,False,,3804,3804,0.242455771752495,1.4695494070624422
tgwjgDoaQq,W4403849939,2025,T11307,True,False,,9511,9511,0.2097569291323577,-0.7913730397358123
